day_id,day_key,usubjid,num_meals,total_carbs,carb_grams,time_min
1,1_2020-05-11,1,5,294.0,114;90;50;15;25,580;770;967;1066;1215
2,1_2020-05-12,1,5,238.0,110;8;35;45;40,630;761;822;907;1203
3,1_2020-05-14,1,5,305.0,45;100;40;100;20,727;882;1071;1412;1429
4,1_2020-05-16,1,5,177.0,45;22;12;90;8,523;663;760;885;1010
5,1_2020-05-18,1,5,187.0,22;75;30;35;25,628;827;990;1274;1302
6,1_2020-05-19,1,6,311.0,110;23;85;50;15;28,583;694;808;1014;1146;1322
7,1_2020-05-20,1,6,273.0,84;24;65;25;25;50,552;658;818;1092;1185;1336
8,1_2020-05-21,1,5,213.0,14;24;90;30;55,68;581;706;1071;1368
9,1_2020-05-22,1,5,147.0,45;20;20;18;44,568;729;936;945;1388
10,1_2020-05-23,1,5,270.0,50;70;20;95;35,54;775;930;1044;1115
11,1_2020-05-24,1,5,275.0,75;40;50;60;50,765;874;1136;1346;1400
12,1_2020-05-25,1,6,303.0,20;95;38;40;30;80,35;767;956;1019;1110;1340
13,1_2020-05-26,1,8,242.0,80;12;40;25;5;50;25;5,683;795;832;847;1081;1135;1230;1307
14,1_2020-05-27,1,6,243.0,80;5;70;10;15;63,715;892;1025;1134;1326;1350
15,1_2020-05-30,1,5,237.0,50;120;15;38;14,574;872;915;1258;1372
16,1_2020-05-31,1,6,350.0,62;12;115;110;33;18,638;649;844;1150;1334;1430
17,1_2020-06-03,1,5,325.0,80;100;80;25;40,552;773;1055;1140;1438
18,1_2020-06-04,1,6,265.0,50;50;50;60;25;30,520;618;738;878;908;1305
19,1_2020-06-07,1,4,196.0,31;110;35;20,585;747;1030;1100
20,1000_2020-09-22,1000,3,107.0,60;2;45,734;1001;1150
21,1000_2020-09-23,1000,4,146.0,16;45;65;20,571;723;1102;1216
22,1000_2020-09-24,1000,3,120.0,35;65;20,739;1073;1213
23,1000_2020-09-25,1000,3,140.0,45;30;65,694;1116;1191
24,1000_2020-09-26,1000,4,135.0,30;30;15;60,745;764;928;1204
25,1000_2020-09-27,1000,5,149.0,60;15;4;35;35,748;845;962;1073;1122
26,1000_2020-09-28,1000,3,136.0,16;60;60,611;846;1139
27,1000_2020-09-29,1000,4,155.0,20;50;60;25,371;536;779;1135
28,1000_2020-09-30,1000,3,70.0,35;15;20,525;736;1074
29,1000_2020-10-01,1000,4,165.0,50;25;45;45,730;997;1233;1255
30,1000_2020-10-02,1000,5,123.0,3;25;5;55;35,644;853;1036;1180;1316
31,1000_2020-10-03,1000,3,70.0,10;45;15,827;1058;1219
32,1000_2020-10-04,1000,5,154.0,22;60;40;2;30,602;712;895;997;1181
33,1000_2020-10-05,1000,5,74.0,24;10;5;5;30,618;765;1115;1130;1172
34,1000_2020-10-06,1000,2,90.0,30;60,722;1170
35,1000_2020-10-07,1000,8,142.9,26.23;16;36.61;30;0.44;2;26.62;5,571;571;921;921;1070;1070;1140;1140
36,1000_2020-10-09,1000,5,137.0,20;20;45;40;12,432;610;763;1155;1261
37,1000_2020-10-10,1000,4,110.0,15;45;10;40,709;772;925;1110
38,1000_2020-10-11,1000,3,115.0,45;45;25,750;1063;1287
39,1000_2020-10-12,1000,3,110.0,15;40;55,582;720;1169
40,1000_2020-10-13,1000,6,149.0,10;39;45;10;5;40,662;692;911;1058;1060;1068
41,1000_2020-10-14,1000,9,344.27,46.75;45;37.58;25;98.42;35;3.08;23.44;30,734;734;752;752;1075;1075;1337;1350;1350
42,1000_2020-10-16,1000,6,175.0,45;45;15;25;30;15,773;868;1133;1170;1210;1289
43,1000_2020-10-17,1000,5,175.0,50;20;25;55;25,736;772;915;1105;1204
44,1000_2020-10-18,1000,5,175.0,10;60;30;15;60,566;795;855;1018;1080
45,1000_2020-10-19,1000,3,95.0,45;15;35,602;803;1065
46,1004_2020-12-04,1004,6,134.0,40;12;20;12;40;10,359;643;756;949;1070;1266
47,1004_2020-12-05,1004,3,95.0,35;10;50,364;716;1065
48,1004_2020-12-06,1004,5,135.0,40;10;30;35;20,375;576;737;1080;1230
49,1004_2020-12-07,1004,4,110.0,40;25;10;35,376;733;1036;1260
50,1004_2020-12-08,1004,2,70.0,40;30,1060;1191
51,1004_2020-12-09,1004,4,97.0,22;10;15;50,378;693;917;1044
52,1004_2020-12-10,1004,6,127.0,40;10;12;10;30;25,377;630;698;777;1126;1202
53,1004_2020-12-11,1004,3,65.0,22;23;20,378;718;1095
54,1004_2020-12-12,1004,5,133.0,50;16;15;40;12,354;598;846;1039;1194
55,1004_2020-12-13,1004,3,76.0,40;30;6,393;734;947
56,1004_2020-12-14,1004,3,84.0,40;24;20,380;710;720
57,1004_2020-12-15,1004,4,76.0,22;22;22;10,406;795;1083;1229
58,1004_2020-12-16,1004,3,85.0,35;20;30,363;704;1073
59,1004_2020-12-17,1004,5,129.0,40;19;20;30;20,385;658;849;1118;1185
60,1004_2020-12-18,1004,4,91.0,40;10;30;11,393;735;1085;1241
61,1004_2020-12-19,1004,4,105.0,30;19;16;40,375;600;780;1060
62,1004_2020-12-20,1004,3,70.0,40;20;10,389;723;1071
63,1004_2020-12-21,1004,4,110.0,40;20;40;10,356;741;1028;1243
64,1004_2020-12-22,1004,3,110.0,40;30;40,360;720;1080
65,1004_2020-12-23,1004,5,132.0,40;12;30;30;20,366;596;809;1261;1280
66,1004_2020-12-24,1004,3,95.0,25;30;40,420;780;1080
67,1004_2020-12-25,1004,3,65.0,15;10;40,384;690;1180
68,1004_2020-12-26,1004,5,120.0,40;10;12;18;40,375;600;840;967;1068
69,1004_2020-12-27,1004,5,85.0,15;12;16;30;12,365;698;840;1064;1239
70,1004_2020-12-28,1004,5,101.0,40;18;21;12;10,356;735;1020;1152;1236
71,1004_2020-12-29,1004,3,58.0,18;10;30,754;990;1250
72,1004_2020-12-30,1004,3,64.0,40;6;18,380;558;750
73,1004_2020-12-31,1004,6,122.0,12;10;30;20;40;10,360;580;742;867;1141;1245
74,1010_2019-12-19,1010,5,55.0,12;20;11;6;6,549;781;1119;1194;1230
75,1010_2019-12-20,1010,3,34.0,11;10;13,618;777;1077
76,1010_2019-12-22,1010,3,35.0,6;9;20,539;810;1260
77,1010_2019-12-23,1010,6,101.83999999999999,46.36;14;14.93;12;4.55;10,555;555;815;815;1194;1194
78,1010_2019-12-26,1010,6,204.93,51.22;16;61.68;10;55.03;11,660;660;937;937;1227;1227
79,1010_2019-12-27,1010,4,94.32,59.39;7;15.93;12,690;690;1125;1125
80,1010_2019-12-29,1010,8,226.35,35.04;12;56.66;13;47.33;11.23;36.09;15,555;555;798;798;1186;1186;1186;1186
81,1010_2019-12-30,1010,3,37.0,15;10;12,537;857;1301
82,1010_2019-12-31,1010,4,58.0,15;13;15;15,521;764;1090;1223
83,1010_2020-01-05,1010,3,34.0,10;8;16,557;749;1163
84,1010_2020-01-06,1010,4,33.0,5;15;8;5,568;792;877;1240
85,1010_2020-01-07,1010,3,44.0,12;17;15,806;1124;1230
86,1010_2020-01-08,1010,3,36.0,10;15;11,570;900;1249
87,1010_2020-01-09,1010,4,33.0,6;10;10;7,623;773;1119;1277
88,1010_2020-01-10,1010,4,32.0,5;13;8;6,660;924;1111;1139
89,1010_2020-01-12,1010,4,81.74000000000001,29.71;13;26.03;13,728;728;1229;1229
90,1010_2020-01-13,1010,4,43.0,11;13;8;11,604;822;1286;1304
91,1012_2019-11-20,1012,6,228.51999999999998,25.74;48;44.05;36;40.73;34,547;547;917;917;1280;1280
92,1012_2019-11-21,1012,8,328.44,49.48;48;70.75;41;12.01;12;57.2;38,562;562;907;907;1066;1066;1267;1267
93,1012_2019-11-23,1012,9,328.55,78.03;57;29.79;45.95;35;31.14;19;17.64;15,493;493;884;891;891;1298;1298;1352;1352
94,1012_2019-11-24,1012,4,156.0,51;55;35;15,556;821;1184;1250
95,1012_2019-11-25,1012,3,111.0,41;40;30,525;875;1217
96,1012_2019-11-26,1012,6,98.0,41;20;8;5;14;10,554;826;853;1111;1266;1282
97,1012_2019-11-27,1012,5,139.0,52;42;15;15;15,643;916;1133;1135;1303
98,1012_2019-11-28,1012,5,160.0,59;40;25;15;21,586;800;1102;1124;1183
99,1012_2019-11-29,1012,6,169.0,42;36;6;10;45;30,619;828;839;1189;1239;1287
100,1012_2019-12-01,1012,6,254.57999999999998,30.82;48;56.04;38;39.72;42,666;666;874;874;1264;1264
101,1012_2019-12-02,1012,8,282.5,34.25;48;61.54;41;6.46;6;51.25;34,634;634;870;870;1111;1111;1271;1271
102,1012_2019-12-03,1012,6,275.34000000000003,33.3;48;44.36;38;62.68;49,652;652;784;784;1283;1283
103,1012_2019-12-04,1012,5,145.0,48;40;16;6;35,620;781;1283;1289;1293
104,1012_2019-12-05,1012,3,125.0,51;30;44,578;1184;1190
105,1012_2019-12-06,1012,3,124.0,50;38;36,430;776;1213
106,1012_2019-12-07,1012,3,129.0,52;38;39,697;848;1178
107,1012_2019-12-08,1012,6,281.53,58.72;52;47.07;49;38.74;36,661;661;844;844;1239;1239
108,1012_2019-12-09,1012,8,357.49,63.21;52;50.2;39;14.04;20;75.04;44,665;665;877;877;1201;1201;1246;1246
109,1012_2019-12-10,1012,6,153.0,52;38;6;12;11;34,634;895;978;1161;1176;1315
110,1012_2019-12-11,1012,4,135.0,52;43;6;34,655;897;1083;1287
111,1012_2019-12-12,1012,4,149.0,52;37;14;46,634;844;1041;1292
112,1012_2019-12-15,1012,4,148.0,52;33;20;43,589;809;1143;1164
113,1012_2019-12-16,1012,4,130.0,52;40;6;32,611;842;863;1186
114,1012_2019-12-17,1012,8,255.0,54;39;10;17;30;10;60;35,636;880;895;1037;1093;1102;1131;1214
115,1013_2019-11-29,1013,4,145.0,25;30;50;40,845;960;1177;1266
116,1013_2019-11-30,1013,4,120.0,25;25;55;15,780;832;1050;1253
117,1013_2019-12-01,1013,4,180.0,25;15;110;30,720;965;1170;1372
118,1013_2019-12-03,1013,6,228.69,95.85;40;38.23;40;4.61;10,856;856;1274;1274;1374;1374
119,1013_2019-12-04,1013,6,177.0,20;11;36;55;40;15,2;779;821;985;1323;1345
120,1013_2019-12-05,1013,4,182.0,25;36;85;36,834;873;1140;1424
121,1013_2019-12-06,1013,8,194.09,15.98;11;9.39;20;28.67;40;29.05;40,668;668;992;992;1130;1130;1384;1384
122,1013_2019-12-08,1013,2,155.0,95;60,870;1321
123,1013_2019-12-10,1013,9,221.45,55.84;20;10.78;18;39.73;45;0.15;14.95;17,731;731;1092;1092;1210;1210;1311;1437;1437
124,1013_2019-12-11,1013,4,196.0,24;100;36;36,795;1055;1285;1415
125,1013_2019-12-12,1013,2,120.0,24;96,773;1085
126,1013_2019-12-13,1013,5,183.0,25;5;85;36;32,740;791;1005;1240;1375
127,1013_2019-12-14,1013,6,357.51,6.83;35;41.78;65;108.9;100,760;760;925;925;1205;1205
128,1013_2019-12-15,1013,6,332.65,26.95;25;32.2;45;103.5;100,742;742;1002;1002;1244;1244
129,1013_2019-12-16,1013,3,190.0,25;90;75,805;1050;1260
130,1013_2019-12-17,1013,2,81.0,36;45,1122;1337
131,1013_2019-12-18,1013,5,217.0,36;25;20;36;100,35;800;1010;1080;1260
132,1013_2019-12-19,1013,3,155.0,30;25;100,775;900;1305
133,1013_2019-12-20,1013,3,155.0,50;30;75,740;945;1180
134,1013_2019-12-21,1013,4,196.0,11;95;45;45,785;975;1260;1385
135,1013_2019-12-22,1013,8,329.49,15.98;11;60.92;85;29.41;48;34.18;45,720;720;810;810;1244;1244;1336;1336
136,1013_2019-12-24,1013,4,172.0,11;36;30;95,810;915;1230;1395
137,1014_2019-11-04,1014,6,118.85000000000001,31.09;24;19.78;9;20.98;14,210;210;1054;1054;1413;1413
138,1014_2019-11-05,1014,8,88.05,28.8;9;4.12;2;3.99;2;21.14;17,725;725;885;885;1209;1209;1214;1214
139,1014_2019-11-07,1014,2,225.0,50;175,151;1090
140,1014_2019-11-08,1014,2,165.0,160;5,870;1153
141,1014_2019-11-09,1014,5,97.0,10;5;5;5;72,1025;1230;1290;1380;1380
142,1014_2019-11-11,1014,4,261.43,81.6;120;49.83;10,62;62;1128;1128
143,1014_2019-11-12,1014,2,60.17,47.17;13,1066;1066
144,1014_2019-11-13,1014,2,53.42,40.42;13,1053;1053
145,1014_2019-11-14,1014,5,74.0,5;35;12;18;4,5;104;858;1114;1362
146,1014_2019-11-16,1014,4,30.0,3;5;7;15,35;420;1048;1140
147,1014_2019-11-17,1014,3,63.0,45;5;13,240;272;1065
148,1014_2019-11-18,1014,6,61.0,20;15;7;2;7;10,179;198;213;647;662;1435
149,1014_2019-11-19,1014,6,67.64000000000001,18.19;8;17.1;13;2.35;9,201;201;1082;1082;1428;1428
150,1014_2019-11-20,1014,6,73.4,2.53;4;2.35;9;35.52;20,167;167;1176;1176;1219;1219
151,1014_2019-11-22,1014,2,40.0,20;20,1233;1295
152,1014_2019-11-24,1014,1,90.0,90,690
153,1014_2019-11-26,1014,6,58.0,5;15;4;10;18;6,335;721;881;980;1226;1252
154,1014_2019-11-28,1014,6,60.970000000000006,8.18;10;19.44;15;2.35;6,724;724;1173;1173;1255;1255
155,1014_2019-11-29,1014,4,71.0,6;5;15;45,560;585;806;1300
156,1014_2019-11-30,1014,2,242.0,12;230,770;1185
157,1015_2020-10-04,1015,4,125.0,39;12;43;31,440;675;813;1085
158,1015_2020-10-05,1015,4,99.0,42;29;16;12,427;931;1118;1319
159,1015_2020-10-06,1015,3,132.0,45;50;37,548;857;1150
160,1015_2020-10-07,1015,5,143.0,52;15;19;41;16,444;628;788;1089;1212
161,1015_2020-10-08,1015,3,121.0,47;32;42,594;959;1140
162,1015_2020-10-09,1015,3,140.0,44;47;49,480;818;1140
163,1015_2020-10-10,1015,3,119.0,36;38;45,503;799;1095
164,1015_2020-10-11,1015,3,118.0,40;39;39,432;760;1103
165,1015_2020-10-12,1015,3,151.0,63;44;44,428;798;1035
166,1015_2020-10-13,1015,2,105.0,60;45,727;1177
167,1015_2020-10-14,1015,4,105.0,30;30;30;15,449;800;1075;1348
168,1015_2020-10-15,1015,2,71.0,43;28,603;1085
169,1015_2020-10-16,1015,2,76.0,50;26,642;1119
170,1015_2020-10-17,1015,3,127.0,35;45;47,540;829;1130
171,1015_2020-10-18,1015,3,103.0,29;42;32,529;766;1130
172,1015_2020-10-19,1015,3,109.0,37;42;30,499;831;1104
173,1015_2020-10-20,1015,3,119.0,39;42;38,516;782;1106
174,1015_2020-10-21,1015,3,103.0,43;30;30,532;794;1164
175,1015_2020-10-22,1015,3,90.0,30;51;9,541;1104;1260
176,1015_2020-10-23,1015,3,116.0,58;29;29,536;880;1174
177,1015_2020-10-24,1015,3,86.0,29;45;12,482;789;1121
178,1015_2020-10-25,1015,3,107.0,35;55;17,511;730;1146
179,1015_2020-10-26,1015,3,98.0,38;45;15,471;866;1138
180,1015_2020-10-27,1015,3,114.0,58;35;21,516;899;1142
181,1015_2020-10-28,1015,3,127.0,40;39;48,543;868;1104
182,1015_2020-10-29,1015,4,116.0,29;35;45;7,437;823;1176;1221
183,1015_2020-10-30,1015,3,98.0,30;36;32,552;752;1158
184,1015_2020-10-31,1015,3,97.0,29;35;33,447;750;1123
185,1016_2020-05-17,1016,4,140.0,10;49;16;65,632;754;949;1024
186,1016_2020-05-18,1016,4,170.0,65;55;32;18,551;774;1033;1039
187,1016_2020-05-19,1016,3,157.0,53;58;46,733;1051;1171
188,1016_2020-05-20,1016,5,148.0,35;20;62;20;11,551;936;1024;1134;1247
189,1016_2020-05-22,1016,6,296.57,32.58;38;63.03;63;59.96;40,592;592;744;744;1100;1100
190,1016_2020-05-23,1016,5,155.0,34;33;18;50;20,606;768;796;1067;1105
191,1016_2020-05-24,1016,4,112.0,27;20;20;45,753;959;966;986
192,1016_2020-05-25,1016,3,120.0,55;35;30,808;904;1188
193,1016_2020-05-26,1016,4,106.0,15;16;30;45,590;723;854;1199
194,1016_2020-05-27,1016,2,105.0,45;60,813;1183
195,1016_2020-05-28,1016,8,265.85,32.58;30;38.61;20;31.93;23;49.73;40,598;598;798;798;951;951;1100;1100
196,1016_2020-05-30,1016,2,87.0,55;32,733;1101
197,1016_2020-05-31,1016,3,60.0,16;18;26,626;764;1255
198,1016_2020-06-01,1016,3,53.0,15;18;20,620;769;1092
199,1016_2020-06-02,1016,4,99.0,18;18;23;40,501;737;1085;1334
200,1016_2020-06-03,1016,2,72.0,40;32,582;1139
201,1016_2020-06-05,1016,4,93.15,17.59;10;20.56;45,695;695;1054;1054
202,1016_2020-06-06,1016,5,140.0,30;41;16;38;15,610;753;1021;1090;1096
203,1016_2020-06-07,1016,3,107.0,11;51;45,499;820;1106
204,1016_2020-06-08,1016,3,80.0,10;20;50,562;712;1103
205,1016_2020-06-09,1016,4,132.0,17;17;53;45,611;788;1082;1324
206,1016_2020-06-10,1016,6,353.19,43.44;25;129.63;23;67.12;65,593;593;813;813;1086;1086
207,1016_2020-06-12,1016,2,106.0,63;43,751;1123
208,1016_2020-06-13,1016,4,118.0,22;26;25;45,634;725;1068;1207
209,1020_2019-08-28,1020,6,125.0,20;37;15;10;25;18,507;776;985;1020;1132;1242
210,1020_2019-08-29,1020,5,100.0,20;8;20;22;30,465;690;726;828;1100
211,1020_2019-08-30,1020,8,173.18,1.67;15;49.14;48;2.87;8;21.5;27,472;472;720;720;912;912;1121;1121
212,1020_2019-09-01,1020,5,112.0,15;40;12;15;30,480;720;827;982;1185
213,1020_2019-09-04,1020,5,129.0,22;32;15;15;45,530;802;926;975;1200
214,1020_2019-09-05,1020,5,90.0,8;12;10;20;40,494;710;953;1100;1110
215,1020_2019-09-07,1020,8,209.29000000000002,17.23;22;30.79;20;30.36;35;28.91;25,462;462;672;672;731;731;1081;1081
216,1020_2019-09-08,1020,7,119.0,15;7;35;16;10;6;30,495;600;724;867;1083;1092;1200
217,1020_2019-09-10,1020,6,167.08,4.46;12;42.21;42;31.41;35,491;491;722;722;1253;1253
218,1020_2019-09-11,1020,7,177.0,42;15;20;15;35;30;20,684;905;934;970;979;1232;1320
219,1020_2019-09-12,1020,5,125.0,20;40;25;25;15,544;750;946;1159;1189
220,1020_2019-09-13,1020,6,136.0,25;8;18;40;10;35,462;557;657;741;1119;1120
221,1020_2019-09-14,1020,5,134.0,15;45;25;25;24,452;718;840;1109;1160
222,1020_2019-09-15,1020,4,92.0,22;45;15;10,465;720;755;1240
223,1020_2019-09-16,1020,5,140.0,30;45;20;35;10,459;710;820;1092;1145
224,1020_2019-09-17,1020,8,191.02,0.97;15;7.62;20;49.87;55;17.56;25,320;320;495;495;714;714;1114;1114
225,1020_2019-09-19,1020,9,176.0,15;8;20;35;20;25;10;35;8,476;516;714;851;945;1100;1107;1202;1224
226,1020_2019-09-20,1020,6,150.0,25;45;10;20;25;25,460;727;773;930;1105;1237
227,1020_2019-09-21,1020,7,157.0,40;12;42;10;15;20;18,466;500;711;891;1050;1140;1215
228,1020_2019-09-22,1020,6,150.0,35;40;15;15;35;10,460;710;900;970;1061;1250
229,1021_2019-12-30,1021,7,151.0,40;9;9;9;9;55;20,495;660;720;750;795;878;1154
230,1021_2020-01-02,1021,3,110.0,40;35;35,510;770;1070
231,1021_2020-01-03,1021,5,125.0,30;28;15;40;12,485;750;920;1065;1120
232,1021_2020-01-06,1021,6,109.0,25;10;16;10;38;10,471;715;825;900;1090;1135
233,1021_2020-01-09,1021,3,122.0,42;30;50,459;744;1080
234,1021_2020-01-11,1021,4,84.0,3;20;16;45,460;532;710;1090
235,1021_2020-01-12,1021,5,110.0,27;16;18;15;34,465;645;807;855;1120
236,1021_2020-01-13,1021,6,112.0,3;25;30;30;18;6,465;497;755;1085;1150;1250
237,1021_2020-01-16,1021,6,118.0,30;8;8;16;26;30,450;600;620;650;789;1080
238,1021_2020-01-17,1021,5,115.0,28;28;10;19;30,405;495;785;871;1090
239,1021_2020-01-18,1021,7,119.0,20;9;9;9;9;35;28,480;745;780;805;845;1085;1155
240,1021_2020-01-19,1021,7,162.0,30;8;8;16;32;40;28,440;600;660;715;809;1125;1150
241,1021_2020-01-20,1021,6,98.0,25;17;6;10;24;16,485;670;760;810;1098;1140
242,1021_2020-01-23,1021,4,118.0,32;28;42;16,512;758;1060;1155
243,1021_2020-01-24,1021,9,149.0,8;32;8;8;8;16;15;38;16,20;450;600;630;705;776;844;1100;1149
244,1022_2019-11-15,1022,4,212.0,55;70;45;42,671;841;1126;1248
245,1022_2019-11-16,1022,4,138.0,38;22;18;60,748;1062;1117;1226
246,1022_2019-11-17,1022,8,326.25,56.36;52;46.55;45;37.74;30;33.6;25,732;732;851;851;1149;1149;1158;1158
247,1022_2019-11-22,1022,5,259.98,22.25;25;26;126.73;60,657;657;755;1131;1131
248,1022_2019-11-23,1022,3,165.0,45;50;70,757;859;1121
249,1022_2019-11-25,1022,5,222.16000000000003,50.74;40;46.42;55;30,711;711;1079;1079;1432
250,1022_2019-11-27,1022,4,94.0,20;22;30;22,594;815;1015;1300
251,1022_2019-11-28,1022,2,45.0,15;30,690;787
252,1022_2019-11-29,1022,4,160.0,20;35;60;45,615;923;1203;1287
253,1022_2019-11-30,1022,6,281.66999999999996,27.89;45;76.06;45;52.72;35,765;765;1144;1144;1339;1339
254,1022_2019-12-01,1022,3,140.0,60;40;40,651;982;1176
255,1022_2019-12-02,1022,2,68.0,8;60,819;1293
256,1022_2019-12-03,1022,2,80.0,65;15,595;1267
257,1022_2019-12-04,1022,3,62.0,10;40;12,692;995;1278
258,1022_2019-12-05,1022,4,200.0,30;60;40;70,590;810;1020;1192
259,1022_2019-12-06,1022,2,74.0,26;48,594;979
260,1022_2019-12-07,1022,2,110.0,60;50,719;1153
261,1022_2019-12-09,1022,3,60.269999999999996,40;14.27;6,683;1005;1005
262,1022_2019-12-10,1022,7,310.40999999999997,35;64.35;34;47.03;53;47.03;30,544;601;601;921;921;1163;1163
263,1022_2019-12-11,1022,2,67.0,30;37,648;1113
264,1022_2019-12-12,1022,3,135.0,35;40;60,582;780;1124
265,1024_2020-05-21,1024,6,229.56,48.15;60;19.36;50;12.05;40,687;687;923;923;1173;1173
266,1024_2020-05-22,1024,4,133.42000000000002,9.93;9;44.49;70,486;486;1171;1171
267,1024_2020-05-23,1024,2,118.0,58;60,510;1235
268,1024_2020-05-24,1024,2,98.0,58;40,645;1174
269,1024_2020-05-25,1024,5,182.0,20;16;68;38;40,570;662;806;940;1178
270,1024_2020-05-26,1024,2,70.0,60;10,760;907
271,1024_2020-05-27,1024,4,82.39,14.55;35;7.84;25,651;651;990;990
272,1024_2020-05-28,1024,3,150.84,36.84;50;64,729;729;1169
273,1024_2020-05-29,1024,1,50.0,50,750
274,1024_2020-05-30,1024,2,106.0,48;58,700;900
275,1024_2020-06-02,1024,6,182.5,15.3;25;37.88;50;6.32;48,565;565;769;769;1162;1162
276,1024_2020-06-03,1024,7,245.64,15.39;30;25.22;50;45.03;40;40,633;633;718;718;940;940;1113
277,1024_2020-06-04,1024,3,83.85,30;5.85;48,546;683;683
278,1024_2020-06-05,1024,2,75.0,25;50,527;682
279,1024_2020-06-07,1024,1,58.0,58,1115
280,1024_2020-06-10,1024,2,108.0,58;50,796;1157
281,1024_2020-06-11,1024,3,120.0,10;50;60,526;794;1125
282,1024_2020-06-12,1024,2,98.0,40;58,605;738
283,1024_2020-06-13,1024,1,43.0,43,823
284,1024_2020-06-14,1024,3,138.0,35;45;58,592;837;1200
285,1024_2020-06-15,1024,2,83.0,35;48,695;1200
286,1024_2020-06-16,1024,2,86.0,34;52,580;769
287,1024_2020-06-17,1024,2,114.0,56;58,765;1155
288,103_2020-04-06,103,3,67.0,14;35;18,855;1170;1211
289,103_2020-04-07,103,4,62.0,3;24;15;20,550;993;1140;1153
290,103_2020-04-08,103,5,74.0,10;15;30;7;12,564;870;1126;1210;1350
291,103_2020-04-09,103,5,78.0,7;24;8;35;4,630;794;855;1125;1205
292,103_2020-04-10,103,6,88.0,8;12;12;6;15;35,472;514;759;773;883;1173
293,103_2020-04-11,103,5,91.0,5;12;40;8;26,543;635;830;1040;1112
294,103_2020-04-12,103,3,67.0,12;25;30,999;1065;1155
295,103_2020-04-13,103,4,85.0,15;12;10;48,917;1011;1087;1159
296,103_2020-04-14,103,4,86.0,38;8;28;12,985;1004;1174;1244
297,103_2020-04-15,103,5,79.0,12;12;10;30;15,584;703;1117;1153;1180
298,103_2020-04-16,103,4,78.0,8;5;20;45,605;896;1076;1157
299,103_2020-04-17,103,3,47.0,12;25;10,1102;1108;1165
300,103_2020-04-18,103,4,104.0,28;16;45;15,712;1027;1147;1181
301,103_2020-04-19,103,3,86.0,16;32;38,525;965;1122
302,103_2020-04-20,103,3,51.0,8;8;35,994;1006;1154
303,103_2020-04-21,103,5,67.0,8;8;8;8;35,698;872;1074;1099;1125
304,103_2020-04-22,103,5,84.0,8;15;15;28;18,624;759;888;1142;1251
305,103_2020-04-23,103,4,92.0,8;24;40;20,663;948;1152;1252
306,103_2020-04-24,103,5,73.0,16;6;6;25;20,765;961;1110;1171;1210
307,103_2020-04-25,103,4,72.0,20;8;24;20,933;1072;1105;1245
308,103_2020-04-26,103,4,74.0,22;6;16;30,690;778;938;1172
309,103_2020-04-27,103,4,117.0,28;18;16;55,657;807;959;1148
310,103_2020-04-28,103,5,75.0,25;12;6;26;6,693;847;917;1226;1331
311,103_2020-04-29,103,6,70.0,10;6;16;12;6;20,667;691;811;928;985;1247
312,103_2020-04-30,103,5,114.0,6;15;32;6;55,516;708;859;931;1176
313,103_2020-05-01,103,3,85.0,28;22;35,996;1254;1365
314,103_2020-05-02,103,4,71.0,25;20;10;16,1016;1151;1229;1265
315,103_2020-05-03,103,5,99.0,10;12;30;12;35,608;851;988;1090;1164
316,1033_2019-03-26,1033,6,302.1,22.51;15;43.21;80;91.38;50,683;683;1017;1017;1216;1216
317,1033_2019-03-27,1033,3,150.0,20;80;50,590;934;1123
318,1033_2019-03-28,1033,5,187.0,20;22;80;45;20,503;720;1006;1142;1190
319,1033_2019-03-29,1033,6,235.0,40;20;75;20;20;60,352;444;729;1023;1028;1200
320,1033_2019-03-30,1033,4,120.0,20;30;30;40,531;681;1132;1350
321,1033_2019-03-31,1033,3,175.0,20;85;70,591;841;1183
322,1033_2019-04-01,1033,8,293.14,28.99;20;22.49;20;34.15;80;57.51;30,690;690;731;731;1115;1115;1196;1196
323,1033_2019-04-03,1033,5,184.0,20;22;80;22;40,626;733;825;971;1103
324,1033_2019-04-04,1033,5,185.0,25;80;20;20;40,655;791;922;1105;1198
325,1033_2019-04-05,1033,3,160.0,25;80;55,611;825;1157
326,1033_2019-04-06,1033,3,155.0,25;80;50,632;868;1139
327,1033_2019-04-07,1033,2,42.0,22;20,975;1025
328,1033_2019-04-08,1033,8,257.66,13.39;15;37.53;20;29.21;80;37.53;25,596;596;807;807;1078;1078;1306;1306
329,1033_2019-04-10,1033,4,187.0,25;22;80;60,613;782;870;1119
330,1033_2019-04-11,1033,6,223.0,28;20;20;80;50;25,374;589;748;833;1157;1297
331,1033_2019-04-12,1033,4,175.0,25;20;80;50,619;741;846;1127
332,1033_2019-04-13,1033,5,190.0,25;20;80;25;40,583;862;894;1037;1247
333,1033_2019-04-14,1033,7,194.0,22;25;22;20;20;50;35,500;621;740;850;991;1142;1234
334,1033_2019-04-15,1033,6,322.52,75.07;30;74.92;80;37.53;25,645;645;1087;1087;1222;1222
335,1033_2019-04-17,1033,5,215.0,25;80;20;30;60,628;788;940;1060;1148
336,1033_2019-04-18,1033,4,175.0,20;25;80;50,501;619;916;1154
337,1033_2019-04-19,1033,4,195.0,25;80;60;30,682;872;1050;1170
338,1033_2019-04-20,1033,3,180.0,20;80;80,602;931;1121
339,1033_2019-04-21,1033,4,130.0,20;30;30;50,532;904;1030;1160
340,1039_2020-01-13,1039,4,258.85,65.42;58;74.43;61,677;677;1063;1063
341,1039_2020-01-14,1039,4,149.9,43.22;40;8.68;58,713;713;1117;1117
342,1039_2020-01-15,1039,4,187.68,27.26;46;65.42;49,639;639;1288;1288
343,1039_2020-01-16,1039,2,51.59,3.59;48,673;673
344,1039_2020-01-24,1039,2,123.94,75.94;48,766;766
345,1039_2020-01-27,1039,2,100.0,38;62,622;873
346,104_2020-11-11,104,4,98.0,23;15;45;15,568;753;1139;1251
347,104_2020-11-12,104,4,97.0,22;15;30;30,499;677;759;1117
348,104_2020-11-13,104,3,55.0,19;5;31,411;812;1094
349,104_2020-11-14,104,8,261.05,40.5;25;54.34;20;25.13;15;41.08;40,461;461;731;731;919;919;1157;1157
350,104_2020-11-15,104,6,208.48000000000002,36.65;30;53.19;23;35.64;30,405;405;735;735;1191;1191
351,104_2020-11-16,104,3,50.0,15;20;15,481;755;1115
352,104_2020-11-17,104,4,95.0,25;20;30;20,382;729;742;1215
353,104_2020-11-18,104,8,198.84,29.23;15;41.39;25;34.11;2.11;32;20,482;482;797;797;1112;1112;1112;1112
354,104_2020-11-19,104,6,161.15,59.83;20;26.27;15;20.05;20,580;580;750;750;1128;1128
355,104_2020-11-20,104,3,55.0,20;20;15,454;810;1168
356,104_2020-11-21,104,4,63.0,20;15;12;16,413;746;974;1102
357,104_2020-11-22,104,3,49.0,18;16;15,392;701;1091
358,104_2020-11-23,104,6,160.45,29.47;18;65.5;13;19.48;15,446;446;759;759;1110;1110
359,104_2020-11-24,104,6,136.66,29.99;23;18.57;8;52.1;5,389;389;721;721;1174;1174
360,104_2020-11-25,104,3,47.0,23;19;5,439;833;1248
361,104_2020-11-28,104,6,140.51999999999998,40.86;30;25.27;8;21.39;15,442;442;783;783;1123;1123
362,104_2020-11-29,104,6,137.47,22.76;18;32.17;28;21.54;15,389;389;706;706;1132;1132
363,104_2020-11-30,104,3,51.0,18;23;10,455;776;1103
364,104_2020-12-01,104,3,69.0,21;24;24,401;791;1098
365,104_2020-12-02,104,3,85.0,25;20;40,510;748;1119
366,104_2020-12-03,104,3,47.0,15;12;20,508;741;1148
367,104_2020-12-04,104,2,52.0,32;20,397;707
368,104_2020-12-05,104,6,152.15,35.27;18;24.24;24;34.64;16,431;431;724;724;1151;1151
369,104_2020-12-06,104,4,64.74,24.22;18;14.74;7.78,402;402;813;1118
370,104_2020-12-07,104,3,45.0,15;10;20,408;751;1141
371,104_2020-12-08,104,3,45.0,18;12;15,393;764;1111
372,1043_2019-07-06,1043,8,216.55,43.65;44;15.07;15;1.94;1.39;53.5;42,765;765;1007;1007;1107;1113;1179;1179
373,1043_2019-07-08,1043,6,170.0,16;45;15;6;8;80,464;829;910;975;1156;1213
374,1043_2019-07-09,1043,6,146.0,16;20;50;7;8;45,480;592;718;879;1170;1228
375,1043_2019-07-11,1043,8,254.9,25.98;26;110.34;85;1.86;1;3.72;1,551;551;835;835;1192;1192;1246;1246
376,1043_2019-07-12,1043,4,145.0,26;15;54;50,499;570;736;1127
377,1043_2019-07-15,1043,5,201.0,19;59;1;15;107,531;706;1040;1085;1157
378,1043_2019-07-16,1043,6,110.0,16;40;7;6;35;6,565;765;856;1039;1116;1211
379,1043_2019-07-19,1043,5,123.0,16;34;12;6;55,543;759;832;1021;1170
380,1043_2019-07-22,1043,2,155.0,65;90,630;1172
381,1043_2019-07-23,1043,3,70.0,25;15;30,579;1020;1216
382,1043_2019-07-24,1043,5,171.0,1;34;15;61;60,586;760;885;1062;1155
383,1043_2019-07-25,1043,8,174.0,26;12;34;15;20;6;55;6,565;718;748;840;996;1037;1170;1254
384,1043_2019-07-26,1043,5,112.0,20;10;34;6;42,568;690;759;866;1150
385,1043_2019-07-29,1043,3,140.0,16;76;48,578;784;1184
386,1043_2019-07-30,1043,3,85.0,30;34;21,481;695;1241
387,1043_2019-07-31,1043,6,135.0,30;10;34;6;45;10,470;697;799;1050;1092;1246
388,1043_2019-08-01,1043,4,122.0,30;34;48;10,499;763;1077;1236
389,1043_2019-08-02,1043,3,92.0,30;34;28,576;784;1271
390,1046_2021-01-07,1046,6,112.0,45;7;5;20;15;20,420;514;594;675;1057;1153
391,1046_2021-01-08,1046,6,140.0,50;20;25;20;15;10,429;679;1026;1048;1270;1290
392,1046_2021-01-09,1046,4,60.0,15;20;10;15,540;684;1062;1131
393,1046_2021-01-10,1046,4,83.0,35;20;3;25,436;638;861;990
394,1046_2021-01-11,1046,2,63.0,28;35,435;685
395,1046_2021-01-13,1046,2,55.0,25;30,442;735
396,1046_2021-01-14,1046,4,150.0,45;35;25;45,476;733;770;1070
397,1046_2021-01-15,1046,6,100.0,15;15;20;15;15;20,409;511;711;898;1058;1259
398,1046_2021-01-16,1046,6,236.0,20;28;140;5;15;28,447;486;791;871;1013;1174
399,1046_2021-01-17,1046,6,100.0,20;10;15;20;15;20,370;445;656;1154;1155;1156
400,1046_2021-01-18,1046,6,120.0,30;20;15;10;20;25,409;563;741;921;1210;1230
401,1046_2021-01-19,1046,3,45.0,20;20;5,455;651;1044
402,1046_2021-01-20,1046,2,30.0,20;10,587;920
403,1046_2021-01-21,1046,4,105.0,45;15;25;20,393;409;711;1074
404,1046_2021-01-22,1046,3,82.0,22;30;30,412;675;1038
405,1046_2021-01-23,1046,6,227.0,15;152;15;15;20;10,405;501;720;862;1163;1283
406,1046_2021-01-24,1046,5,88.0,20;8;30;15;15,460;596;693;835;1040
407,1046_2021-01-25,1046,3,73.0,28;20;25,523;707;1100
408,1046_2021-01-26,1046,4,96.0,20;28;28;20,643;720;1141;1200
409,1046_2021-01-27,1046,2,35.0,15;20,524;704
410,1046_2021-01-28,1046,6,93.0,8;15;20;10;20;20,473;618;675;780;1035;1158
411,1046_2021-01-29,1046,5,75.0,20;10;20;10;15,411;571;720;976;1105
412,1046_2021-01-30,1046,4,65.0,20;10;15;20,488;690;1162;1163
413,1046_2021-01-31,1046,5,81.0,15;10;25;11;20,419;527;736;737;1137
414,1046_2021-02-01,1046,3,85.0,20;35;30,476;787;1120
415,1046_2021-02-02,1046,3,63.0,15;20;28,432;702;1024
416,1050_2019-04-21,1050,4,182.0,30;32;25;95,541;723;840;1168
417,1050_2019-04-24,1050,4,97.0,15;10;56;16,456;596;854;1094
418,1050_2019-04-25,1050,3,104.0,20;19;65,471;769;1111
419,1050_2019-04-26,1050,8,340.27,36.4;15;103.12;68;43.87;2.05;41.83;30,494;494;725;725;1146;1146;1146;1146
420,1050_2019-04-28,1050,4,138.0,15;48;15;60,722;769;920;1086
421,1050_2019-05-01,1050,3,89.0,24;40;25,465;774;1074
422,1050_2019-05-02,1050,3,70.0,38;17;15,529;789;865
423,1050_2019-05-03,1050,6,321.71,43;35;71.63;50;74.08;48,520;520;810;810;1066;1066
424,1050_2019-05-04,1050,6,320.19,67.56;65;39.87;42;65.76;40,453;453;961;961;1113;1113
425,1050_2019-05-05,1050,3,95.0,10;55;30,534;751;1116
426,1050_2019-05-06,1050,2,60.0,40;20,548;1091
427,1050_2019-05-07,1050,3,80.0,10;45;25,491;807;1101
428,1050_2019-05-08,1050,3,106.0,35;50;21,480;793;1094
429,1050_2019-05-09,1050,2,92.0,32;60,760;1301
430,1050_2019-05-11,1050,8,222.44,6.83;5;40.61;24;36.32;25;59.68;25,433;433;510;510;704;704;1061;1061
431,1050_2019-05-12,1050,3,130.0,60;45;25,567;820;1106
432,1050_2019-05-14,1050,3,95.0,25;40;30,557;827;1101
433,1050_2019-05-15,1050,2,100.0,35;65,487;710
434,1050_2019-05-16,1050,4,126.0,20;65;5;36,544;782;1020;1260
435,1051_2019-09-21,1051,6,147.70999999999998,4.65;15;16.09;28;48.97;35,543;543;837;837;1267;1267
436,1051_2019-09-22,1051,8,218.76999999999998,3.4;18;39.66;4.96;34.71;45;31.04;42,600;600;796;796;796;796;1235;1235
437,1051_2019-09-23,1051,4,115.39,23.59;35;21.8;35,789;789;1185;1185
438,1051_2019-09-24,1051,8,194.07999999999998,4.85;6;73.94;45;10.56;13;18.73;22,563;563;740;740;1019;1019;1209;1209
439,1051_2019-09-25,1051,2,55.0,10;45,506;757
440,1051_2019-09-26,1051,2,67.0,15;52,615;970
441,1051_2019-09-27,1051,3,77.0,12;33;32,503;815;1187
442,1051_2019-09-28,1051,3,80.0,12;16;52,543;927;1236
443,1051_2019-09-29,1051,4,203.64000000000001,64.09;50;24.55;65,815;815;1224;1224
444,1051_2019-09-30,1051,6,201.84,5.1;15;23.44;35;68.3;55,593;593;827;827;1193;1193
445,1051_2019-10-01,1051,3,85.0,15;38;32,645;805;1152
446,1051_2019-10-02,1051,4,116.0,6;20;35;55,438;735;979;1220
447,1051_2019-10-03,1051,2,50.0,15;35,615;1285
448,1051_2019-10-04,1051,4,105.0,12;13;30;50,577;892;987;1225
449,1051_2019-10-07,1051,8,145.01999999999998,6.7;25;23.85;30;12.23;0.54;11.7;35,559;559;812;812;1126;1126;1126;1126
450,1051_2019-10-08,1051,4,142.0,25;32;30;55,581;750;972;1172
451,1051_2019-10-09,1051,2,60.0,25;35,594;990
452,1051_2019-10-10,1051,3,125.0,55;15;55,0;634;1190
453,1051_2019-10-11,1051,4,157.0,22;30;40;65,644;763;884;1205
454,1051_2019-10-12,1051,4,125.0,15;35;55;20,570;778;1145;1265
455,1051_2019-10-13,1051,4,144.0,15;32;45;52,562;680;870;1140
456,1051_2019-10-15,1051,8,165.14,10.56;13;5.2;22;38.18;9.26;28.94;38,578;578;945;945;1200;1200;1200;1200
457,1051_2019-10-16,1051,3,122.0,22;55;45,614;768;1215
458,1051_2019-10-17,1051,4,157.0,22;45;35;55,615;750;908;1209
459,1051_2019-10-18,1051,4,152.0,17;35;55;45,615;750;1170;1350
460,1067_2020-02-07,1067,4,205.0,60;50;75;20,620;865;990;1174
461,1067_2020-02-08,1067,3,105.0,45;35;25,471;833;1057
462,1067_2020-02-11,1067,3,145.0,60;25;60,509;726;1099
463,1067_2020-02-12,1067,4,170.0,45;40;55;30,478;743;1081;1210
464,1067_2020-02-15,1067,5,188.0,75;40;10;40;23,476;742;1003;1189;1346
465,1067_2020-02-16,1067,8,295.98,28.54;45;74.25;20;53.64;43;21.55;10,630;630;933;933;1253;1253;1286;1286
466,1067_2020-02-18,1067,3,165.0,65;35;65,493;763;1181
467,1067_2020-02-19,1067,3,165.0,60;30;75,509;741;1157
468,1067_2020-02-20,1067,6,205.0,50;10;20;30;15;80,484;557;696;870;1030;1211
469,1067_2020-02-21,1067,5,165.0,10;15;45;50;45,392;492;703;1053;1153
470,1067_2020-02-22,1067,3,175.0,75;30;70,484;721;1060
471,1067_2020-02-23,1067,5,200.0,15;60;20;35;70,559;617;1058;1114;1220
472,1067_2020-02-26,1067,4,210.0,60;45;60;45,545;776;1139;1306
473,1067_2020-02-27,1067,3,180.0,60;60;60,493;749;1121
474,1067_2020-02-28,1067,3,160.0,70;30;60,499;766;1112
475,1067_2020-03-02,1067,6,227.0,60;35;36;36;30;30,583;786;889;940;1002;1117
476,1067_2020-03-03,1067,3,185.0,60;60;65,492;719;1057
477,107_2020-10-12,107,8,173.0,20;20;18;50;25;10;23;7,418;509;602;689;874;1124;1133;1193
478,107_2020-10-13,107,9,148.0,10;15;40;5;15;25;10;10;18,412;518;728;736;851;953;1006;1126;1157
479,107_2020-10-14,107,4,100.0,15;40;20;25,411;564;686;978
480,107_2020-10-15,107,6,123.0,28;20;30;20;10;15,420;492;730;891;1138;1141
481,107_2020-10-16,107,6,160.0,25;45;40;5;40;5,465;634;674;855;1006;1187
482,107_2020-10-17,107,4,130.0,40;20;30;40,391;511;767;1032
483,107_2020-10-18,107,5,95.0,30;15;5;20;25,434;583;660;939;1080
484,107_2020-10-19,107,5,125.0,30;40;30;15;10,499;798;1026;1034;1261
485,107_2020-10-20,107,7,157.0,40;19;25;15;13;40;5,427;537;768;775;850;1106;1156
486,107_2020-10-21,107,7,245.0,40;25;25;20;25;60;50,405;591;754;912;942;1067;1106
487,107_2020-10-24,107,4,75.0,25;20;20;10,1210;1210;1211;1212
488,107_2020-10-25,107,5,100.0,30;10;40;5;15,420;574;753;960;1080
489,107_2020-10-28,107,5,120.0,30;50;10;10;20,740;1039;1281;1283;1369
490,107_2020-10-29,107,6,128.0,15;40;10;25;20;18,480;661;720;813;904;1026
491,107_2020-10-30,107,6,120.0,15;30;20;5;30;20,441;616;625;1048;1169;1227
492,107_2020-10-31,107,5,70.0,20;20;10;15;5,432;513;960;1055;1065
493,107_2020-11-01,107,5,105.0,20;30;30;10;15,568;654;780;1021;1135
494,107_2020-11-04,107,8,142.0,40;10;10;5;10;17;20;30,420;586;601;766;775;877;920;1014
495,107_2020-11-05,107,5,170.0,20;10;10;80;50,465;562;782;1020;1288
496,107_2020-11-06,107,4,120.0,20;30;40;30,447;600;735;1056
497,107_2020-11-07,107,5,105.0,15;20;20;10;40,405;705;871;1043;1045
498,107_2020-11-08,107,5,85.0,30;30;5;5;15,443;680;1035;1079;1246
499,1072_2021-01-07,1072,4,169.58999999999997,28.02;25;76.57;40,692;692;1089;1089
500,1072_2021-01-09,1072,6,315.59,12.32;12;85.41;50;100.86;55,695;695;768;768;1055;1055
501,1072_2021-01-10,1072,5,198.0,50;8;70;40;30,770;844;1119;1202;1242
502,1072_2021-01-11,1072,5,190.0,40;30;20;75;25,743;931;975;1087;1210
503,1072_2021-01-12,1072,5,190.0,65;30;25;60;10,731;797;886;1085;1214
504,1072_2021-01-13,1072,8,292.14,85.41;50;41.42;60;15.95;10;19.36;10,773;773;1108;1108;1228;1228;1368;1368
505,1072_2021-01-14,1072,8,273.08,12.32;12;85.41;50;4.75;5;43.6;60,672;672;746;746;817;817;1052;1052
506,1072_2021-01-15,1072,6,336.94,85.41;50;82.71;50;33.82;35,768;768;1090;1090;1315;1315
507,1072_2021-01-17,1072,5,180.0,10;60;20;70;20,467;690;990;1095;1300
508,1072_2021-01-18,1072,8,238.0,15;15;10;60;20;80;15;23,493;547;620;739;975;1070;1225;1412
509,1072_2021-01-19,1072,5,213.0,18;15;85;10;85,490;594;708;867;1090
510,1072_2021-01-22,1072,4,150.0,50;30;50;20,810;1006;1100;1270
511,1072_2021-01-23,1072,6,178.0,12;50;60;18;18;20,572;800;1037;1145;1175;1324
512,1072_2021-01-24,1072,6,161.0,15;8;50;8;70;10,437;571;755;1030;1077;1397
513,1072_2021-01-25,1072,7,200.0,15;5;55;25;10;70;20,550;630;806;849;1031;1130;1245
514,1072_2021-01-26,1072,3,135.0,15;60;60,507;735;1012
515,1072_2021-01-28,1072,8,307.94,43.79;60;62.33;55;33.7;23;15.12;15,614;614;967;967;1132;1132;1206;1206
516,1072_2021-01-29,1072,5,199.0,24;60;20;30;65,653;758;845;870;1058
517,1072_2021-01-30,1072,6,202.0,15;17;15;60;30;65,444;639;695;759;945;1070
518,1072_2021-01-31,1072,5,83.0,8;15;20;15;25,60;465;635;866;1221
519,1072_2021-02-01,1072,9,259.0,35;23;23;23;50;15;10;60;20,290;365;398;465;505;600;940;1065;1292
520,1072_2021-02-02,1072,3,135.0,35;50;50,630;750;1050
521,1076_2019-12-09,1076,4,140.0,50;20;20;50,454;700;715;1151
522,1076_2019-12-11,1076,6,149.18,37.44;50;3.16;10;25.58;23,513;513;785;785;908;908
523,1077_2019-12-03,1077,4,106.0,30;8;50;18,590;825;961;1223
524,1077_2019-12-04,1077,6,140.0,45;15;15;25;10;30,523;723;846;885;1117;1189
525,1077_2019-12-05,1077,4,122.0,55;12;40;15,630;825;848;1189
526,1077_2019-12-06,1077,3,100.0,45;20;35,543;707;893
527,1077_2019-12-07,1077,4,139.0,34;50;25;30,556;699;911;1116
528,1077_2019-12-08,1077,6,212.43,47.09;43;37.98;25;29.36;30,631;631;832;832;1115;1115
529,1077_2019-12-09,1077,6,255.49,68.58;11.84;56.75;55;33.32;30,537;537;537;537;946;946
530,1077_2019-12-10,1077,2,75.0,45;30,551;874
531,1077_2019-12-11,1077,3,120.0,45;55;20,549;743;996
532,1077_2019-12-12,1077,3,105.0,30;45;30,437;715;960
533,1077_2019-12-13,1077,8,201.91000000000003,27.56;45;17.89;15;11.88;12;42.58;30,579;579;771;771;926;926;1095;1095
534,1077_2019-12-14,1077,6,208.62,29.26;45;28.87;34;31.49;40,512;512;777;777;882;882
535,1077_2019-12-15,1077,3,99.0,45;40;14,534;854;1277
536,1077_2019-12-16,1077,3,120.0,45;45;30,435;863;1209
537,1077_2019-12-17,1077,4,171.13,61.95;40;39.18;30,699;699;1158;1158
538,1077_2019-12-18,1077,4,214.01,65.96;35;73.05;40,522;522;929;929
539,1077_2019-12-19,1077,3,90.0,50;25;15,640;857;995
540,1077_2019-12-20,1077,4,110.0,35;40;20;15,474;731;996;1279
541,1077_2019-12-21,1077,3,105.0,55;35;15,482;864;1148
542,1077_2019-12-22,1077,3,130.0,35;45;50,531;716;1019
543,1077_2019-12-23,1077,5,140.04,30;30.04;35;30;15,698;935;935;980;1248
544,1077_2019-12-24,1077,3,125.0,45;45;35,497;760;1247
545,1077_2019-12-25,1077,3,127.0,50;45;32,504;772;1097
546,1077_2019-12-26,1077,2,55.0,40;15,652;1073
547,1077_2019-12-27,1077,3,122.0,45;35;42,722;932;1162
548,1077_2019-12-28,1077,6,318.97,74.68;50;51.92;55;52.37;35,608;608;879;879;1178;1178
549,1077_2019-12-29,1077,6,226.65,29.26;45;42.66;50;29.73;30,512;512;853;853;1131;1131
550,1082_2020-11-10,1082,6,195.0,30;30;10;60;50;15,561;711;916;1068;1217;1401
551,1082_2020-11-11,1082,6,166.0,40;25;15;21;50;15,712;829;838;960;1135;1213
552,1082_2020-11-12,1082,6,130.0,15;30;10;40;10;25,7;620;791;820;1013;1129
553,1082_2020-11-15,1082,4,85.0,30;10;5;40,542;676;1078;1187
554,1082_2020-11-16,1082,5,112.0,30;20;20;12;30,600;735;803;975;1116
555,1082_2020-11-17,1082,8,308.41999999999996,26.2;25;29.33;20;109.85;50;28.04;20,707;707;871;871;1084;1084;1333;1333
556,1082_2020-11-21,1082,4,120.0,35;30;10;45,546;690;850;1070
557,1082_2020-11-24,1082,2,45.0,35;10,624;889
558,1082_2020-11-25,1082,5,110.0,30;30;30;10;10,681;784;1156;1280;1387
559,1082_2020-11-26,1082,4,143.0,30;45;45;23,554;805;1085;1340
560,1082_2020-11-29,1082,5,104.0,40;20;20;12;12,599;881;961;1086;1277
561,1082_2020-11-30,1082,5,130.0,35;15;30;40;10,562;675;967;1128;1278
562,1082_2020-12-01,1082,5,140.0,27;40;8;40;25,622;766;794;1089;1168
563,1082_2020-12-02,1082,4,122.0,30;45;40;7,547;798;1192;1289
564,1082_2020-12-03,1082,3,90.0,40;15;35,626;1090;1195
565,1082_2020-12-04,1082,3,75.0,15;30;30,554;758;1105
566,1082_2020-12-07,1082,3,65.0,30;15;20,647;662;826
567,1090_2020-09-08,1090,3,105.0,45;25;35,782;961;1063
568,1090_2020-09-09,1090,4,140.0,35;35;25;45,739;913;1186;1249
569,1090_2020-09-10,1090,2,90.0,45;45,810;1151
570,1090_2020-09-11,1090,3,100.0,35;25;40,1105;1166;1166
571,1090_2020-09-12,1090,3,102.0,32;35;35,714;1085;1200
572,1090_2020-09-13,1090,2,70.0,25;45,825;945
573,1090_2020-09-14,1090,2,80.0,45;35,850;1230
574,1090_2020-09-15,1090,1,45.0,45,1095
575,1090_2020-09-18,1090,1,40.0,40,611
576,1090_2020-09-23,1090,1,35.0,35,963
577,1090_2020-09-26,1090,1,45.0,45,825
578,1090_2020-09-28,1090,1,35.0,35,690
579,1093_2020-10-11,1093,2,75.0,45;30,728;1208
580,1093_2020-10-12,1093,2,105.0,35;70,707;1194
581,1093_2020-10-13,1093,3,112.0,15;70;27,456;716;1215
582,1093_2020-10-14,1093,2,80.0,20;60,741;1142
583,1093_2020-10-15,1093,3,120.0,6;54;60,497;730;1216
584,1093_2020-10-16,1093,1,30.0,30,627
585,11_2020-01-22,11,2,226.0,89;137,450;768
586,11_2020-01-28,11,5,282.0,11;19;85;92;75,425;670;746;1055;1227
587,11_2020-01-29,11,3,280.0,93;99;88,450;738;1078
588,11_2020-01-30,11,4,325.0,80;126;66;53,521;789;1048;1173
589,11_2020-01-31,11,5,322.55,81;22.55;22;121;76,409;710;710;767;1056
590,11_2020-02-01,11,3,287.0,87;122;78,448;744;1072
591,11_2020-02-02,11,3,291.0,95;122;74,465;756;1050
592,11_2020-02-03,11,3,308.0,98;88;122,474;1157;1159
593,11_2020-02-04,11,3,275.0,62;108;105,476;780;1180
594,11_2020-02-05,11,3,291.0,99;107;85,495;861;1286
595,11_2020-02-06,11,3,335.0,99;120;116,444;813;1132
596,11_2020-02-08,11,3,276.0,98;102;76,456;848;1069
597,11_2020-02-09,11,3,315.0,93;115;107,420;755;1068
598,11_2020-02-10,11,3,286.0,95;116;75,465;720;1086
599,11_2020-02-11,11,3,315.0,106;115;94,435;725;1060
600,11_2020-02-12,11,3,328.0,94;137;97,430;760;1065
601,110_2021-01-06,110,3,60.0,10;25;25,538;740;1099
602,110_2021-01-07,110,5,129.0,30;14;30;30;25,323;564;829;931;1081
603,110_2021-01-08,110,6,195.0,25;15;25;35;55;40,300;517;809;868;1040;1270
604,110_2021-01-09,110,4,110.0,25;20;35;30,261;472;808;1044
605,110_2021-01-10,110,4,100.0,30;30;30;10,314;764;1031;1200
606,110_2021-01-11,110,3,100.0,30;30;40,320;782;1006
607,110_2021-01-12,110,4,95.0,30;10;30;25,306;745;870;1109
608,110_2021-01-13,110,4,110.0,30;30;30;20,320;696;988;1136
609,110_2021-01-14,110,6,160.0,30;15;30;30;30;25,312;490;674;908;1039;1128
610,110_2021-01-15,110,4,89.0,30;25;30;4,323;498;868;1008
611,110_2021-01-16,110,4,115.0,35;25;20;35,371;623;919;1048
612,110_2021-01-17,110,4,90.0,30;30;5;25,311;490;907;1004
613,110_2021-01-18,110,4,110.0,30;10;25;45,309;582;912;1162
614,110_2021-01-19,110,2,60.0,30;30,280;724
615,110_2021-01-20,110,4,110.0,30;10;30;40,320;722;840;1065
616,110_2021-01-21,110,5,73.0,30;10;10;20;3,323;545;735;810;1297
617,110_2021-01-22,110,5,150.0,35;15;25;45;30,317;525;677;926;1035
618,110_2021-01-23,110,4,105.0,20;10;40;35,318;520;706;1048
619,110_2021-01-24,110,4,95.0,30;15;30;20,313;524;774;1094
620,110_2021-01-25,110,5,105.0,20;10;35;10;30,291;544;698;881;1081
621,110_2021-01-26,110,3,65.0,20;40;5,319;727;1293
622,110_2021-01-27,110,4,100.0,35;15;20;30,313;523;876;1125
623,110_2021-01-28,110,5,115.0,20;10;30;25;30,327;534;661;780;1157
624,110_2021-01-29,110,4,102.0,35;20;2;45,294;571;754;930
625,110_2021-01-30,110,3,65.0,20;30;15,606;825;1053
626,110_2021-01-31,110,3,85.0,30;30;25,313;705;1029
627,110_2021-02-01,110,4,95.0,30;10;25;30,319;505;1103;1121
628,110_2021-02-02,110,4,82.0,30;2;30;20,317;526;708;1059
629,1100_2020-02-14,1100,6,92.0,3;30;4;20;30;5,490;550;719;908;1158;1169
630,1100_2020-02-15,1100,3,33.0,4;25;4,481;811;1107
631,1100_2020-02-18,1100,5,71.0,4;40;15;2;10,480;984;1176;1191;1208
632,1100_2020-02-19,1100,4,94.0,4;60;15;15,485;1080;1198;1335
633,1100_2020-02-20,1100,6,114.0,4;40;20;20;20;10,600;660;915;1008;1095;1322
634,1100_2020-02-22,1100,4,48.0,4;25;15;4,547;1132;1142;1193
635,1100_2020-02-23,1100,4,84.0,4;15;35;30,508;976;1068;1120
636,1100_2020-02-24,1100,9,152.35000000000002,0.86;4;7.69;4;84.95;35;4.32;10;1.53,521;521;699;699;891;891;1159;1159;1173
637,1100_2020-02-25,1100,8,109.33,0.86;4;2.41;6;14.6;15;31.46;35,469;469;961;961;1048;1048;1161;1161
638,1100_2020-02-26,1100,6,89.0,5;4;15;15;30;20,582;793;873;920;1101;1135
639,1100_2020-02-27,1100,4,89.0,5;50;30;4,585;613;858;1170
640,1100_2020-02-28,1100,4,126.0,6;50;30;40,480;630;1003;1210
641,1100_2020-02-29,1100,3,85.0,5;30;50,500;825;1020
642,1100_2020-03-01,1100,3,40.0,5;25;10,713;1089;1182
643,1100_2020-03-02,1100,8,116.58,2.59;5;24.93;35;22.1;20;1.96;5,570;570;939;939;1115;1115;1223;1223
644,1100_2020-03-03,1100,7,102.41000000000001,10.24;6;2.98;38.96;20;9.23;15,469;469;893;1064;1064;1161;1161
645,1100_2020-03-04,1100,5,100.0,6;35;25;27;7,557;606;1120;1140;1170
646,1100_2020-03-05,1100,8,155.0,6;35;7;15;25;20;40;7,543;630;783;931;931;951;1122;1168
647,1100_2020-03-06,1100,8,189.0,5;45;25;30;7;40;7;30,581;660;675;780;899;976;1052;1341
648,1100_2020-03-08,1100,9,276.51,0.86;6;84.95;56.64;28.32;35;42.74;15;7,623;623;886;886;886;886;1342;1342;1348
649,1100_2020-03-09,1100,9,224.13000000000002,0.86;6;1.31;0.86;5;121.54;40;33.56;15,516;516;785;1007;1007;1102;1102;1118;1118
650,1100_2020-03-10,1100,3,41.0,5;6;30,510;861;1133
651,1100_2020-03-11,1100,2,41.0,6;35,540;946
652,1100_2020-03-12,1100,4,93.0,6;7;60;20,534;870;1013;1176
653,1103_2020-12-21,1103,8,214.46999999999997,19.07;22;35.48;35;28.55;25;24.37;25,466;466;540;540;881;881;1068;1068
654,1103_2020-12-22,1103,3,162.15,22;90.15;50,574;1380;1380
655,1103_2020-12-23,1103,7,150.63,8.54;12;22;54.9;22;19.19;12,511;511;705;1080;1080;1312;1312
656,1103_2020-12-24,1103,3,79.0,22;25;32,497;712;1103
657,1103_2020-12-25,1103,3,74.0,22;26;26,485;728;1080
658,1103_2020-12-26,1103,3,95.0,27;32;36,478;703;1091
659,1103_2020-12-27,1103,2,40.0,22;18,464;1080
660,1103_2020-12-28,1103,5,177.95,22;37.14;26;67.81;25,448;744;744;1081;1081
661,1103_2020-12-29,1103,3,107.0,40;12;55,490;705;1080
662,1103_2020-12-30,1103,2,52.0,26;26,701;1193
663,1103_2020-12-31,1103,4,85.0,13;26;20;26,567;749;877;1084
664,1103_2021-01-01,1103,3,57.0,22;25;10,454;733;1077
665,1103_2021-01-02,1103,2,40.0,15;25,564;1090
666,1103_2021-01-03,1103,6,220.66,19.07;22;61.19;20;73.4;25,540;540;709;709;1069;1069
667,1103_2021-01-05,1103,3,102.0,65;22;15,3;487;737
668,1103_2021-01-06,1103,2,46.0,26;20,475;1199
669,1103_2021-01-07,1103,2,52.0,20;32,476;1073
670,1103_2021-01-08,1103,4,103.0,22;25;30;26,482;644;842;1065
671,1103_2021-01-09,1103,3,77.0,22;30;25,441;725;1079
672,1103_2021-01-10,1103,6,235.86,20.78;22;42.84;35;70.24;45,448;448;721;721;1065;1065
673,1103_2021-01-11,1103,5,132.1,21.56;15;25.54;25;45,500;500;735;735;1099
674,1103_2021-01-12,1103,3,92.0,15;42;35,497;722;1166
675,1103_2021-01-13,1103,3,85.0,35;25;25,537;675;1115
676,1103_2021-01-14,1103,3,63.0,20;18;25,604;815;1087
677,1103_2021-01-15,1103,3,96.0,20;54;22,442;657;1081
678,1103_2021-01-16,1103,2,48.0,20;28,630;1091
679,1103_2021-01-17,1103,6,150.12,5.71;5;29.12;25;40.29;45,646;646;782;782;1081;1081
680,1107_2019-12-19,1107,8,328.42,0.89;0.81;27.32;20;127.48;145;3.92;3,572;667;718;718;1075;1075;1205;1205
681,1107_2019-12-21,1107,6,214.0,30;90;6;30;55;3,666;863;1111;1172;1242;1279
682,1107_2019-12-22,1107,4,147.0,38;15;36;58,740;898;1069;1146
683,1107_2019-12-23,1107,4,130.0,50;1;76;3,728;1035;1068;1147
684,1107_2019-12-26,1107,5,166.0,58;4;17;12;75,552;829;884;1135;1177
685,1107_2019-12-27,1107,4,133.0,25;16;80;12,663;861;1200;1355
686,1107_2019-12-28,1107,4,145.0,25;10;20;90,676;743;897;1201
687,1107_2019-12-29,1107,3,235.0,50;65;120,614;869;1224
688,1107_2019-12-31,1107,8,258.4,15.13;5.64;2.4;40.43;34;11.38;70.42;79,561;605;627;631;631;860;1020;1020
689,1107_2020-01-01,1107,5,241.0,55;1;50;85;50,43;640;861;1114;1351
690,1107_2020-01-02,1107,4,153.0,42;25;36;50,714;909;1102;1316
691,1107_2020-01-03,1107,3,116.0,55;1;60,753;865;1126
692,1107_2020-01-06,1107,2,140.0,85;55,782;1122
693,1107_2020-01-07,1107,4,194.0,47;34;72;41,680;950;1123;1206
694,1107_2020-01-08,1107,4,135.0,15;25;75;20,22;713;1095;1181
695,1107_2020-01-10,1107,7,156.0,1;24;16;52;20;40;3,652;827;841;1182;1209;1222;1291
696,1107_2020-01-11,1107,5,238.0,36;25;75;80;22,629;817;949;1209;1309
697,1107_2020-01-12,1107,6,188.0,40;10;25;18;75;20,26;617;841;978;1031;1327
698,1107_2020-01-13,1107,7,247.0,30;20;16;30;6;100;45,256;666;863;882;1161;1196;1385
699,1110_2020-07-21,1110,6,336.07,59.96;50;26.2;50;99.91;50,25;25;865;865;1105;1105
700,1110_2020-07-22,1110,2,110.0,65;45,714;1382
701,1110_2020-07-23,1110,3,160.0,50;45;65,528;743;1163
702,1110_2020-07-25,1110,6,301.26,36.25;45;40.9;56;83.11;40,667;667;826;826;1126;1126
703,1110_2020-07-26,1110,4,157.0,50;25;32;50,694;872;997;1141
704,1110_2020-07-27,1110,3,161.0,31;75;55,165;647;851
705,1110_2020-07-28,1110,6,303.87,31.85;35;56.59;70;60.43;50,608;608;967;967;1128;1128
706,1110_2020-07-29,1110,4,259.28999999999996,55.14;85;49.15;70,710;710;1136;1136
707,1110_2020-07-30,1110,6,358.67,51.89;50;42.64;40;114.14;60,553;553;776;776;1139;1139
708,1110_2020-08-01,1110,3,182.0,45;67;70,603;779;1125
709,1110_2020-08-02,1110,3,165.0,65;70;30,845;1110;1319
710,1110_2020-08-04,1110,6,323.31,42.86;55;45.57;55;74.88;50,576;576;948;948;1181;1181
711,1110_2020-08-05,1110,6,265.0,55;45;20;60;40;45,539;756;1110;1149;1283;1366
712,1110_2020-08-06,1110,4,200.0,40;45;45;70,572;732;893;1070
713,1110_2020-08-07,1110,3,150.0,60;40;50,574;757;1063
714,1110_2020-08-08,1110,3,155.0,55;50;50,663;944;1115
715,1110_2020-08-09,1110,4,185.0,45;50;55;35,669;786;1153;1355
716,1110_2020-08-10,1110,2,105.0,75;30,624;1150
717,1110_2020-08-11,1110,4,205.0,70;45;55;35,622;1025;1140;1196
718,1110_2020-08-12,1110,3,140.0,60;60;20,519;736;1146
719,1110_2020-08-13,1110,6,281.37,27.13;40;30.08;45;54.16;85,625;625;810;810;1140;1140
720,1110_2020-08-15,1110,3,195.0,50;85;60,627;733;1124
721,1110_2020-08-16,1110,3,190.0,70;65;55,646;870;1118
722,1112_2020-10-30,1112,5,251.0,40;60;45;16;90,285;484;704;911;1206
723,1112_2020-10-31,1112,4,166.0,60;30;16;60,485;767;901;1217
724,1112_2020-11-01,1112,3,180.0,60;60;60,517;706;1133
725,1112_2020-11-02,1112,3,132.0,40;60;32,285;515;794
726,1112_2020-11-03,1112,3,180.0,60;60;60,664;838;1223
727,1112_2020-11-04,1112,3,180.0,60;60;60,583;750;1020
728,1112_2020-11-05,1112,3,180.0,60;60;60,495;720;1080
729,1112_2020-11-06,1112,2,91.0,31;60,286;491
730,1115_2020-04-22,1115,3,64.0,4;45;15,758;1156;1174
731,1115_2020-04-23,1115,3,73.0,3;60;10,904;1018;1170
732,1115_2020-04-24,1115,3,100.0,60;20;20,1103;1319;1417
733,1115_2020-04-25,1115,2,75.0,60;15,952;1208
734,1115_2020-04-26,1115,3,125.0,60;15;50,982;997;1126
735,1115_2020-04-27,1115,4,102.0,2;25;60;15,677;979;1087;1281
736,1115_2020-04-28,1115,2,75.0,60;15,1062;1263
737,1115_2020-04-29,1115,2,75.0,15;60,762;1040
738,1115_2020-04-30,1115,2,60.0,45;15,1085;1315
739,1115_2020-05-01,1115,2,80.0,60;20,1155;1382
740,1115_2020-05-02,1115,1,45.0,45,1062
741,1115_2020-05-03,1115,2,75.0,15;60,30;1058
742,1115_2020-05-04,1115,1,60.0,60,1084
743,1115_2020-05-05,1115,2,85.0,60;25,1072;1194
744,1115_2020-05-06,1115,1,60.0,60,1098
745,1115_2020-05-07,1115,2,75.0,45;30,990;1194
746,1115_2020-05-08,1115,1,60.0,60,1234
747,1115_2020-05-09,1115,1,60.0,60,969
748,1115_2020-05-10,1115,2,75.0,60;15,1053;1265
749,1115_2020-05-11,1115,1,60.0,60,1137
750,1115_2020-05-12,1115,2,60.0,30;30,1059;1182
751,1115_2020-05-13,1115,1,60.0,60,1034
752,1115_2020-05-14,1115,2,80.0,60;20,1092;1244
753,1115_2020-05-15,1115,2,50.0,20;30,853;1148
754,1115_2020-05-16,1115,1,30.0,30,964
755,1115_2020-05-17,1115,1,60.0,60,1035
756,1115_2020-05-18,1115,1,60.0,60,1129
757,1115_2020-05-19,1115,1,60.0,60,1080
758,1118_2020-06-23,1118,3,115.0,50;50;15,730;1129;1394
759,1118_2020-06-25,1118,2,130.0,45;85,770;1140
760,1118_2020-06-26,1118,3,165.0,75;45;45,750;1095;1269
761,1119_2020-01-13,1119,6,198.0,2;60;65;11;50;10,456;487;759;1031;1218;1295
762,1119_2020-01-14,1119,6,266.15999999999997,2;80;70;42.16;70;2,453;487;735;1221;1221;1284
763,1119_2020-01-17,1119,5,249.0,4;90;65;65;25,634;670;910;1215;1270
764,1119_2020-01-18,1119,5,65.0,20;10;5;10;20,750;845;975;1205;1290
765,1119_2020-01-19,1119,4,233.0,85;60;8;80,750;1205;1272;1273
766,1119_2020-01-20,1119,4,231.0,85;75;65;6,501;756;1205;1291
767,1119_2020-01-21,1119,7,263.18,2.18;3;80;75;23;65;15,440;440;487;739;1070;1207;1292
768,1119_2020-01-24,1119,5,190.0,25;45;30;50;40,615;785;1005;1035;1265
769,1119_2020-01-25,1119,5,64.0,2;40;10;8;4,615;840;975;1205;1290
770,1119_2020-01-26,1119,4,234.0,4;80;75;75,440;480;858;1205
771,1119_2020-01-29,1119,3,225.0,75;75;75,480;749;1216
772,1119_2020-01-30,1119,4,214.0,4;60;60;90,450;488;730;1228
773,1119_2020-01-31,1119,4,169.0,4;25;75;65,615;670;795;1230
774,1119_2020-02-01,1119,4,70.0,10;10;25;25,1205;1298;1298;1299
775,1119_2020-02-02,1119,4,235.0,5;75;80;75,445;480;725;1333
776,1119_2020-02-03,1119,4,244.0,4;80;80;80,445;489;742;1226
777,1119_2020-02-04,1119,4,234.0,4;80;75;75,440;487;750;1208
778,1119_2020-02-07,1119,4,230.0,80;25;65;60,630;860;1000;1230
779,1119_2020-02-08,1119,5,97.0,12;10;35;15;25,615;690;900;1241;1280
780,1119_2020-02-09,1119,5,254.0,4;80;80;80;10,440;795;1306;1307;1308
781,1120_2020-06-22,1120,2,53.0,3;50,451;746
782,1120_2020-06-25,1120,1,30.0,30,1109
783,1120_2020-06-26,1120,2,45.0,20;25,545;1165
784,1120_2020-06-30,1120,2,50.0,25;25,1241;1376
785,1120_2020-07-02,1120,2,37.0,25;12,456;1080
786,1120_2020-07-04,1120,2,35.0,10;25,473;1187
787,1120_2020-07-05,1120,3,55.0,10;15;30,1071;1072;1178
788,1120_2020-07-09,1120,1,50.0,50,1021
789,1120_2020-07-16,1120,4,105.0,10;40;30;25,530;766;922;1043
790,1120_2020-07-17,1120,2,30.0,15;15,502;1101
791,1120_2020-07-18,1120,3,45.0,5;20;20,499;768;1051
792,1121_2019-08-22,1121,5,126.0,35;11;10;40;30,651;1009;1223;1232;1274
793,1121_2019-08-23,1121,6,156.0,25;20;21;30;40;20,587;839;966;1045;1308;1324
794,1121_2019-08-24,1121,6,140.0,40;10;5;25;20;40,597;944;955;971;1243;1262
795,1121_2019-08-27,1121,6,106.0,25;11;15;15;15;25,744;753;1100;1106;1126;1132
796,1121_2019-08-28,1121,6,141.0,25;15;8;18;55;20,659;669;679;838;1105;1184
797,1121_2019-08-29,1121,8,232.2,56.6;45;14.84;25;42.17;30;8.59;10,653;653;785;785;1162;1162;1178;1178
798,1121_2019-08-31,1121,6,141.0,45;21;8;20;15;32,579;833;850;993;1098;1235
799,1121_2019-09-01,1121,4,85.0,10;40;15;20,499;735;923;1183
800,1121_2019-09-02,1121,5,115.0,30;15;20;10;40,547;743;749;940;1241
801,1121_2019-09-05,1121,7,144.0,40;15;15;10;14;25;25,604;898;912;937;1156;1316;1341
802,1121_2019-09-06,1121,4,123.0,40;24;38;21,722;1032;1050;1380
803,1121_2019-09-07,1121,4,128.0,35;30;15;48,607;838;856;1110
804,1121_2019-09-09,1121,9,350.66,60.8;60;70.13;35.06;40;3.92;12;38.75;30,693;693;728;728;728;959;959;1137;1137
805,1121_2019-09-10,1121,4,115.0,20;35;20;40,556;793;865;1181
806,1121_2019-09-11,1121,5,190.0,15;45;45;42;43,534;662;822;1014;1214
807,1121_2019-09-12,1121,5,127.0,30;30;15;40;12,570;713;968;1175;1265
808,1121_2019-09-13,1121,7,144.0,15;20;8;50;12;15;24,471;626;713;759;760;987;1280
809,1121_2019-09-14,1121,5,195.0,43;30;32;45;45,540;549;747;1154;1217
810,1123_2020-08-16,1123,6,218.88000000000002,61.06;65;23.3;29;10.52;30,559;559;736;736;1135;1135
811,1123_2020-08-17,1123,6,216.3,41.81;45;27.37;10;47.12;45,537;537;758;758;1120;1120
812,1123_2020-08-18,1123,3,155.0,50;45;60,578;793;1153
813,1123_2020-08-19,1123,2,72.69,32.69;40,638;638
814,1123_2020-08-20,1123,2,141.45,41.45;100,962;962
815,1123_2020-08-21,1123,2,75.0,50;25,559;740
816,1123_2020-08-22,1123,5,161.0,10;45;40;30;36,624;677;805;1166;1259
817,1123_2020-08-23,1123,5,215.0,39;40;35;36;65,684;745;938;987;1155
818,1123_2020-08-25,1123,8,326.15999999999997,21.03;50;28.19;55;68.52;60;13.42;30,598;598;711;711;898;898;1187;1187
819,1123_2020-08-26,1123,3,144.0,39;45;60,556;749;1153
820,1123_2020-08-27,1123,4,191.0,65;36;45;45,675;907;1187;1301
821,1123_2020-08-28,1123,8,318.34000000000003,38.4;35;53.08;50;13.98;35;37.88;55,588;588;740;740;856;856;1118;1118
822,1123_2020-08-29,1123,4,94.48,3.2;10;45.28;36,591;591;1195;1195
823,1123_2020-08-30,1123,3,135.0,55;45;35,807;1126;1317
824,1123_2020-08-31,1123,3,125.0,45;10;70,614;787;1093
825,1123_2020-09-01,1123,3,173.0,58;45;70,644;826;1198
826,1123_2020-09-02,1123,3,185.0,60;50;75,621;847;1158
827,1123_2020-09-03,1123,4,175.0,45;35;45;50,655;906;1060;1407
828,1123_2020-09-04,1123,6,286.26,32.38;60;42.43;45;41.45;65,581;581;728;728;1144;1144
829,1123_2020-09-06,1123,4,166.0,36;45;30;55,596;724;1010;1156
830,1123_2020-09-07,1123,3,130.0,45;50;35,596;766;874
831,1123_2020-09-08,1123,3,155.0,55;45;55,765;821;1127
832,1123_2020-09-09,1123,3,150.0,35;55;60,608;850;1126
833,1123_2020-09-10,1123,3,140.0,45;45;50,644;1062;1363
834,1123_2020-09-11,1123,4,175.0,45;30;55;45,579;733;1025;1273
835,1127_2019-07-15,1127,5,200.0,36;68;15;45;36,581;800;1090;1138;1361
836,1127_2019-07-16,1127,5,171.0,36;45;20;50;20,597;779;890;1144;1397
837,1127_2019-07-19,1127,4,168.0,50;22;60;36,740;969;1221;1338
838,1127_2019-07-20,1127,5,234.0,34;75;25;45;55,727;918;1072;1224;1327
839,1127_2019-07-22,1127,8,315.45000000000005,39.64;1.71;37.94;34;41.49;50;45.67;65,663;663;663;663;841;841;1108;1108
840,1127_2019-07-23,1127,5,188.0,52;58;18;30;30,594;888;1056;1160;1331
841,1127_2019-07-24,1127,4,166.0,34;40;56;36,653;838;1206;1363
842,1127_2019-07-26,1127,8,265.53,43.06;34;46.83;60;22.12;5;20.52;34,632;632;824;824;1050;1050;1274;1274
843,1127_2019-07-27,1127,4,143.0,18;24;35;66,627;815;989;1246
844,1127_2019-07-28,1127,5,231.0,27;85;22;52;45,568;687;892;1082;1349
845,1127_2019-07-29,1127,4,144.0,34;40;40;30,598;772;1064;1358
846,1127_2019-07-30,1127,6,225.59,76.5;55;45.62;15;21.47;12,617;617;950;950;1169;1169
847,1127_2019-07-31,1127,8,317.12,43.06;5.97;37.08;34;55.63;50;41.38;50,695;695;695;695;943;943;1160;1160
848,1127_2019-08-01,1127,5,164.0,34;45;15;40;30,648;830;1130;1161;1350
849,1127_2019-08-02,1127,5,230.0,34;36;40;80;40,633;731;953;1099;1417
850,1127_2019-08-03,1127,5,224.0,34;75;65;10;40,715;942;1164;1398;1432
851,1127_2019-08-04,1127,4,189.0,34;80;40;35,691;825;1201;1396
852,1127_2019-08-05,1127,5,123.0,34;14;10;25;40,620;769;910;1025;1217
853,1127_2019-08-08,1127,4,170.0,22;45;55;48,32;714;916;1220
854,1127_2019-08-09,1127,4,210.0,35;40;65;70,54;644;852;1195
855,1138_2020-09-29,1138,6,204.0,24;65;35;20;45;15,565;766;1025;1084;1242;1358
856,1138_2020-09-30,1138,4,195.0,60;40;35;60,605;812;1012;1065
857,1138_2020-10-03,1138,3,210.0,75;75;60,705;1140;1280
858,1138_2020-10-04,1138,3,100.0,20;35;45,587;847;1077
859,1138_2020-10-05,1138,3,130.0,25;30;75,515;885;1046
860,1138_2020-10-09,1138,6,348.35,53.96;45;74.88;45;54.51;75,605;605;805;805;1116;1116
861,1138_2020-10-10,1138,3,110.0,5;45;60,570;880;1125
862,1138_2020-10-11,1138,4,210.0,45;45;75;45,563;738;980;1244
863,1138_2020-10-12,1138,3,165.0,50;70;45,745;1145;1146
864,1138_2020-10-13,1138,6,285.13,21.72;25;104.89;65;23.52;45,639;639;1039;1039;1310;1310
865,1138_2020-10-15,1138,3,200.0,45;80;75,525;810;1110
866,1138_2020-10-16,1138,3,135.0,45;15;75,563;1044;1110
867,1138_2020-10-17,1138,3,185.0,45;60;80,555;744;1058
868,1138_2020-10-18,1138,3,195.0,45;85;65,720;1110;1410
869,1138_2020-10-19,1138,3,160.0,30;60;70,510;768;1110
870,1138_2020-10-20,1138,6,219.5,23.25;65;12.78;12;46.47;60,637;637;1005;1005;1114;1114
871,1138_2020-10-21,1138,6,316.68,41.86;45;27.86;45;91.96;65,642;642;1037;1037;1060;1060
872,1138_2020-10-22,1138,3,190.0,45;65;80,758;867;1108
873,1138_2020-10-23,1138,2,125.0,60;65,680;1050
874,1138_2020-10-24,1138,2,125.0,60;65,814;1150
875,1138_2020-10-25,1138,3,155.0,15;60;80,600;765;1215
876,1138_2020-10-26,1138,3,165.0,40;45;80,525;757;1125
877,1139_2019-07-29,1139,8,188.88,19.32;30;26.9;35;14.81;10;22.85;30,537;537;779;779;963;963;1153;1153
878,1139_2019-07-31,1139,8,229.89,26.28;30;14.59;20;21.7;20;52.32;45,537;537;785;785;1022;1022;1136;1136
879,1139_2019-08-01,1139,3,68.0,30;28;10,573;652;1163
880,1139_2019-08-02,1139,3,90.0,30;40;20,533;879;1195
881,1139_2019-08-03,1139,3,85.0,20;35;30,629;876;1146
882,1139_2019-08-07,1139,9,336.46,25.43;20;62.82;3.57;59.25;50;55.39;30;30,700;700;795;795;795;795;1140;1140;1343
883,1139_2019-08-08,1139,4,120.0,30;30;40;20,605;800;1125;1338
884,1139_2019-08-09,1139,3,95.0,30;30;35,642;792;1177
885,1139_2019-08-10,1139,3,75.0,20;15;40,615;900;1185
886,1139_2019-08-11,1139,8,238.24,56.25;23;34.38;27;16.47;20;31.14;30,560;560;780;780;1033;1033;1140;1140
887,1139_2019-08-12,1139,8,268.79,15.39;25;57.11;30;27.95;30;43.34;40,680;680;790;790;916;916;1136;1136
888,1139_2019-08-13,1139,4,105.0,25;30;33;17,540;800;1145;1312
889,1139_2019-08-14,1139,3,112.0,30;35;47,550;780;1150
890,1139_2019-08-15,1139,3,88.0,25;43;20,594;790;1085
891,1139_2019-08-16,1139,3,88.0,23;45;20,540;786;1080
892,1139_2019-08-17,1139,3,95.0,30;35;30,583;808;1143
893,1139_2019-08-18,1139,6,294.84,111.31;40;30.45;33;31.08;49,560;560;779;779;1140;1140
894,1139_2019-08-19,1139,8,241.89000000000001,58.34;30;42.69;28;19.6;15;18.26;30,550;550;753;753;1065;1065;1127;1127
895,1139_2019-08-20,1139,2,72.0,26;46,771;1110
896,1139_2019-08-21,1139,3,108.0,38;20;50,779;1005;1125
897,1139_2019-08-22,1139,3,90.0,30;20;40,767;1020;1140
898,1139_2019-08-23,1139,2,60.0,30;30,750;1213
899,1139_2019-08-24,1139,3,105.0,35;35;35,820;855;1180
900,114_2020-08-06,114,3,112.0,28;23;61,598;774;1104
901,114_2020-08-07,114,4,112.0,20;42;20;30,548;761;934;1086
902,114_2020-08-08,114,3,62.0,24;13;25,582;824;1115
903,114_2020-08-09,114,3,109.0,14;45;50,523;800;1169
904,114_2020-08-10,114,4,218.0,37;50;86;45,520;686;1071;1372
905,114_2020-08-11,114,4,178.0,48;60;25;45,540;812;1025;1123
906,114_2020-08-12,114,5,248.0,45;51;65;37;50,24;561;793;1033;1286
907,114_2020-08-13,114,4,83.0,22;23;20;18,546;810;1021;1154
908,114_2020-08-14,114,3,140.0,46;40;54,465;758;1025
909,114_2020-08-15,114,3,108.0,23;25;60,561;814;1115
910,114_2020-08-16,114,3,100.0,28;39;33,515;811;1003
911,114_2020-08-17,114,5,294.0,95;67;15;92;25,529;682;960;1021;1360
912,114_2020-08-18,114,2,115.0,46;69,550;1110
913,114_2020-08-19,114,4,262.0,60;71;50;81,60;592;1001;1170
914,114_2020-08-20,114,6,151.82999999999998,23.73;24;29.5;28;11.6;35,667;667;773;773;1043;1043
915,114_2020-08-21,114,6,257.06,26.35;25;93.95;57;26.76;28,596;596;825;825;1100;1100
916,114_2020-08-22,114,3,111.0,23;40;48,565;751;1033
917,114_2020-08-23,114,4,118.0,24;31;45;18,568;782;1095;1420
918,114_2020-08-24,114,4,275.0,75;67;74;59,629;678;1105;1149
919,114_2020-08-25,114,3,200.0,65;90;45,562;810;898
920,114_2020-08-26,114,3,168.0,50;91;27,788;897;1282
921,114_2020-08-27,114,6,234.44,65.16;43;27.64;16;46.64;36,581;581;781;781;1103;1103
922,114_2020-08-28,114,8,187.12,23.37;19;3.51;1;51.25;43;28.99;17,532;532;659;659;734;734;1105;1105
923,114_2020-08-29,114,3,68.0,20;33;15,501;735;1080
924,114_2020-08-30,114,2,76.0,31;45,776;1154
925,114_2020-08-31,114,4,294.0,23;84;23;164,504;986;1230;1395
926,114_2020-09-01,114,4,250.0,70;71;57;52,535;825;937;1415
927,114_2020-09-02,114,3,174.0,129;25;20,707;1290;1290
928,1141_2020-01-29,1141,6,356.96000000000004,70.88;49;88.54;2.44;86.1;60,911;911;1117;1117;1117;1117
929,1141_2020-02-02,1141,2,130.0,70;60,723;1107
930,1141_2020-02-03,1141,3,145.0,40;50;55,656;848;1114
931,1141_2020-02-04,1141,4,172.0,55;41;60;16,791;938;1127;1194
932,1141_2020-02-07,1141,6,330.26,39.26;40;74.05;55;61.95;60,533;533;744;744;1118;1118
933,1141_2020-02-09,1141,5,210.0,40;55;20;75;20,660;808;908;1086;1306
934,1141_2020-02-10,1141,3,125.0,35;40;50,687;875;1112
935,1141_2020-02-11,1141,4,185.0,20;50;60;55,91;475;788;1115
936,1141_2020-02-14,1141,2,135.0,70;65,749;1139
937,1141_2020-02-15,1141,4,146.0,55;20;55;16,533;703;756;908
938,1141_2020-02-16,1141,2,120.0,50;70,556;1099
939,1141_2020-02-17,1141,3,150.0,50;70;30,719;873;1123
940,1141_2020-02-18,1141,2,125.0,75;50,678;1105
941,1141_2020-02-19,1141,3,180.0,55;55;70,735;875;1134
942,1141_2020-02-20,1141,3,155.0,40;60;55,723;900;1104
943,1141_2020-02-23,1141,3,150.0,45;50;55,678;896;1121
944,1141_2020-02-24,1141,3,122.0,75;27;20,706;1119;1326
945,1141_2020-02-25,1141,3,175.0,35;65;75,631;831;1104
946,1142_2020-06-12,1142,3,135.0,15;50;70,770;848;1311
947,1142_2020-06-13,1142,2,160.0,80;80,881;1178
948,1142_2020-06-14,1142,2,190.0,100;90,1027;1073
949,1142_2020-06-15,1142,3,180.0,90;50;40,908;1225;1392
950,1142_2020-06-16,1142,3,144.0,32;32;80,479;693;1095
951,1142_2020-06-17,1142,2,125.0,85;40,990;1005
952,1142_2020-06-18,1142,5,180.0,40;60;30;25;25,573;1097;1112;1115;1244
953,1142_2020-06-19,1142,4,160.0,5;50;25;80,683;861;935;1347
954,1142_2020-06-20,1142,3,220.0,100;60;60,750;1219;1376
955,1142_2020-06-21,1142,4,195.0,25;60;80;30,727;920;1279;1338
956,1142_2020-06-22,1142,3,155.0,35;30;90,66;863;1220
957,1142_2020-06-23,1142,3,150.0,20;90;40,735;931;1072
958,1142_2020-06-24,1142,2,120.0,20;100,472;1090
959,1142_2020-06-25,1142,4,142.0,25;2;25;90,584;619;989;1251
960,1142_2020-06-26,1142,3,210.0,100;80;30,742;1229;1289
961,1142_2020-06-27,1142,2,170.0,100;70,771;1238
962,1142_2020-06-28,1142,3,175.0,15;60;100,871;991;1244
963,1142_2020-06-29,1142,3,195.0,50;35;110,848;1048;1224
964,1142_2020-06-30,1142,2,135.0,100;35,914;1204
965,1142_2020-07-01,1142,4,220.0,100;35;50;35,870;975;1202;1233
966,1142_2020-07-02,1142,4,230.0,100;30;40;60,879;932;1211;1354
967,1142_2020-07-03,1142,3,155.0,60;50;45,809;915;1041
968,1142_2020-07-04,1142,3,205.0,45;100;60,846;1057;1147
969,1142_2020-07-05,1142,2,140.0,100;40,977;1234
970,1142_2020-07-06,1142,3,225.0,55;120;50,27;913;1188
971,1142_2020-07-07,1142,3,215.0,80;100;35,931;1091;1136
972,1142_2020-07-08,1142,3,195.0,100;35;60,856;896;1070
973,1142_2020-07-09,1142,3,165.0,40;85;40,865;950;1311
974,1143_2021-06-19,1143,6,356.06,72.35;65;79.36;6.12;73.23;60,732;732;1163;1163;1163;1163
975,1143_2021-06-20,1143,8,285.90999999999997,26.63;36;26.71;20;35.7;25;55.87;60,568;568;762;762;985;985;1305;1305
976,1143_2021-06-22,1143,6,213.8,31.93;50;29.2;36;40.67;26,559;559;769;769;1208;1208
977,1143_2021-06-23,1143,4,144.0,40;26;28;50,461;740;1001;1208
978,1143_2021-06-24,1143,3,140.0,45;45;50,543;790;1080
979,1143_2021-06-25,1143,3,140.0,50;40;50,540;855;1248
980,1143_2021-06-28,1143,6,232.69,50;70;27.69;15;50;20,472;815;1044;1044;1253;1311
981,1143_2021-06-29,1143,4,177.0,50;60;17;50,461;780;1066;1204
982,1143_2021-06-30,1143,4,168.0,40;58;15;55,421;734;911;1110
983,1143_2021-07-01,1143,3,155.0,45;50;60,495;720;1090
984,1143_2021-07-02,1143,3,122.0,36;46;40,520;756;1245
985,1143_2021-07-03,1143,3,144.0,47;66;31,516;757;1233
986,1143_2021-07-04,1143,3,156.0,30;61;65,420;735;1134
987,1143_2021-07-07,1143,3,164.0,58;80;26,530;825;1335
988,1143_2021-07-08,1143,3,170.0,44;66;60,530;725;1250
989,1143_2021-07-09,1143,4,170.0,30;60;50;30,491;745;952;1305
990,1143_2021-07-10,1143,3,155.0,40;60;55,540;818;1257
991,1143_2021-07-11,1143,8,262.55,46.99;40;23.35;25;40.17;30;32.04;25,461;461;794;794;1212;1212;1403;1403
992,1143_2021-07-12,1143,6,332.27,15.88;45;38.21;61;107.18;65,489;489;750;750;1188;1188
993,1143_2021-07-13,1143,4,160.0,30;70;25;35,505;750;1178;1260
994,1143_2021-07-14,1143,4,167.0,35;60;12;60,542;734;1067;1277
995,1143_2021-07-15,1143,3,163.0,42;50;71,520;795;1220
996,1143_2021-07-16,1143,3,185.0,60;55;70,810;839;1158
997,1146_2020-09-28,1146,4,170.0,40;45;45;40,560;782;1075;1126
998,1146_2020-09-29,1146,4,155.0,70;40;40;5,557;777;910;1086
999,1146_2020-09-30,1146,3,70.0,40;20;10,562;786;1141
1000,1146_2020-10-01,1146,3,114.0,35;39;40,553;739;1158
1001,1146_2020-10-02,1146,3,83.0,5;40;38,530;720;1305
1002,1146_2020-10-03,1146,6,274.76,60.76;30;79.79;39;30.21;35,519;519;779;779;1077;1077
1003,1146_2020-10-04,1146,4,70.03,18.19;10;16.84;25,841;841;1100;1100
1004,1146_2020-10-05,1146,2,95.0,60;35,589;1081
1005,1146_2020-10-06,1146,8,219.95999999999998,15.7;10;50.66;20;45.79;5;22.81;50,524;524;724;724;1099;1099;1154;1154
1006,1146_2020-10-07,1146,4,182.06,79.79;39;33.27;30,706;706;1078;1078
1007,1146_2020-10-08,1146,3,130.0,50;20;60,549;763;1124
1008,1146_2020-10-11,1146,6,275.68,71.77;6;17.64;19;116.27;45,550;550;851;851;1114;1114
1009,1146_2020-10-12,1146,4,175.05,32.51;20;42.54;80,751;751;1196;1196
1010,1146_2020-10-13,1146,2,50.0,20;30,780;781
1011,1146_2020-10-14,1146,2,90.0,60;30,1140;1141
1012,1146_2020-10-15,1146,6,181.75,61.37;60;12.94;10;17.44;20,530;530;754;754;1084;1084
1013,1146_2020-10-16,1146,4,116.68,33.26;15;28.42;40,710;710;1051;1051
1014,1146_2020-10-17,1146,3,110.0,35;35;40,595;1140;1141
1015,1146_2020-10-18,1146,2,80.0,20;60,703;1124
1016,1146_2020-10-19,1146,8,258.66999999999996,72.98;35;9.74;5;29.83;10;61.12;35,535;535;790;790;1094;1094;1118;1118
1017,1146_2020-10-20,1146,5,165.11999999999998,89.14;60;4.95;5;6.03,606;606;820;820;1101
1018,1146_2020-10-21,1146,1,67.0,67,774
1019,1146_2020-10-22,1146,2,80.0,40;40,540;762
1020,1146_2020-10-23,1146,1,30.0,30,522
1021,1146_2020-10-24,1146,3,120.0,60;20;40,517;760;1080
1022,1146_2020-10-25,1146,3,80.0,20;20;40,515;695;1283
1023,1149_2020-08-24,1149,3,139.0,49;45;45,576;919;1261
1024,1149_2020-08-25,1149,2,105.0,15;90,766;1235
1025,1149_2020-08-26,1149,2,118.0,58;60,735;1034
1026,1149_2020-08-27,1149,4,165.0,70;20;50;25,570;675;819;1269
1027,1149_2020-08-28,1149,3,165.0,70;15;80,818;961;1283
1028,1149_2020-08-29,1149,2,80.0,40;40,759;1229
1029,1149_2020-08-30,1149,2,100.0,50;50,772;1291
1030,1149_2020-08-31,1149,3,115.0,41;14;60,740;1165;1290
1031,1149_2020-09-01,1149,3,147.0,50;24;73,810;1113;1275
1032,1149_2020-09-02,1149,5,254.0,25;52;84;45;48,0;823;970;1093;1325
1033,1149_2020-09-03,1149,2,110.0,45;65,592;1188
1034,1149_2020-09-04,1149,3,133.0,40;25;68,563;927;1270
1035,1149_2020-09-05,1149,4,260.0,90;60;25;85,444;623;932;1269
1036,1149_2020-09-06,1149,6,251.0,55;32;21;40;68;35,645;839;952;1067;1233;1307
1037,1149_2020-09-07,1149,3,165.0,50;65;50,459;857;1235
1038,1149_2020-09-08,1149,4,170.0,65;45;25;35,654;850;982;1140
1039,1149_2020-09-09,1149,4,151.0,58;20;15;58,561;743;851;936
1040,1149_2020-09-10,1149,3,172.0,47;20;105,405;1006;1245
1041,1149_2020-09-11,1149,3,143.0,25;68;50,27;736;1111
1042,1149_2020-09-12,1149,3,202.0,72;95;35,450;717;1285
1043,1149_2020-09-13,1149,3,223.0,78;90;55,589;945;1213
1044,1149_2020-09-14,1149,3,131.0,65;28;38,668;911;1104
1045,1149_2020-09-15,1149,1,78.0,78,554
1046,115_2020-07-20,115,7,145.0,2;23;16;22;45;19;18,672;753;830;909;1030;1185;1228
1047,115_2020-07-23,115,6,120.0,2;39;23;27;11;18,743;812;830;1180;1205;1273
1048,115_2020-07-24,115,7,142.0,29;13;2;16;37;18;27,771;921;990;1046;1176;1234;1349
1049,115_2020-07-27,115,6,98.0,2;8;5;25;43;15,627;760;911;1035;1210;1328
1050,115_2020-07-30,115,5,117.0,2;46;22;29;18,690;732;943;1176;1225
1051,115_2020-07-31,115,5,162.0,17;16;22;27;80,702;875;941;960;1199
1052,115_2020-08-01,115,9,244.33999999999997,16.95;16;22.5;24;77.37;37;24.26;25;1.26,855;855;977;977;1143;1143;1180;1180;1340
1053,115_2020-08-03,115,5,105.0,2;23;3;59;18,591;681;811;1208;1235
1054,115_2020-08-04,115,5,204.0,28;9;70;52;45,636;752;864;1216;1343
1055,115_2020-08-05,115,3,128.0,61;22;45,843;985;1185
1056,115_2020-08-06,115,3,77.0,23;27;27,745;983;1189
1057,115_2020-08-07,115,5,148.0,23;9;16;30;70,645;772;883;1052;1237
1058,115_2020-08-08,115,4,93.0,15;28;28;22,685;975;1151;1223
1059,115_2020-08-09,115,8,240.0,20;44;23;22;40;28;23;40,2;604;840;868;1106;1158;1295;1386
1060,115_2020-08-10,115,5,114.0,33;16;25;18;22,758;796;970;1210;1252
1061,115_2020-08-11,115,5,168.0,40;23;46;15;44,685;875;999;1112;1236
1062,115_2020-08-14,115,3,100.0,15;20;65,773;837;1170
1063,1152_2020-08-27,1152,5,317.64,70;43.85;80;63.79;60,490;764;764;1372;1372
1064,1152_2020-08-28,1152,3,150.0,60;40;50,546;710;831
1065,1152_2020-08-29,1152,1,80.0,80,677
1066,1152_2020-08-30,1152,3,200.0,70;50;80,618;838;1115
1067,1152_2020-08-31,1152,1,80.0,80,545
1068,1152_2020-09-02,1152,6,323.6,67.98;50;55.23;50;20.39;80,742;742;900;900;1099;1099
1069,1152_2020-09-03,1152,3,230.0,70;90;70,787;1148;1150
1070,1152_2020-09-04,1152,3,226.0,70;56;100,424;805;1166
1071,1152_2020-09-06,1152,2,100.0,50;50,535;835
1072,1152_2020-09-07,1152,1,50.0,50,542
1073,1152_2020-09-08,1152,5,288.16,60;46.86;80;61.3;40,531;812;812;1112;1112
1074,1152_2020-09-09,1152,4,328.57,60;113.57;65;90,651;770;770;1147
1075,1152_2020-09-10,1152,2,95.0,50;45,733;1134
1076,1152_2020-09-11,1152,2,135.0,65;70,581;1264
1077,1152_2020-09-13,1152,2,140.0,80;60,517;803
1078,1152_2020-09-15,1152,2,115.0,80;35,729;818
1079,1152_2020-09-16,1152,3,210.0,80;70;60,796;1156;1275
1080,1152_2020-09-21,1152,1,80.0,80,1176
1081,1152_2020-09-22,1152,4,307.76,113.36;80;44.4;70,619;619;1221;1221
1082,1152_2020-09-23,1152,4,153.73000000000002,41.45;50;2.28;60,465;465;1182;1182
1083,1155_2020-01-03,1155,4,198.56,39.16;40;62.4;57,605;605;1340;1340
1084,1155_2020-01-04,1155,4,314.13,137.48;57;50.65;69,660;660;1017;1017
1085,1155_2020-01-05,1155,1,97.0,97,1290
1086,1155_2020-01-06,1155,1,60.0,60,750
1087,1155_2020-01-07,1155,2,180.0,150;30,930;1387
1088,1155_2020-01-08,1155,2,176.31,90.31;86,1160;1160
1089,1155_2020-01-09,1155,4,277.78999999999996,65.97;137;34.82;40,855;855;1260;1260
1090,1155_2020-01-10,1155,1,30.0,30,803
1091,1155_2020-01-11,1155,2,80.0,30;50,825;1332
1092,1155_2020-01-12,1155,2,179.0,53;126,760;1390
1093,1155_2020-01-13,1155,4,185.03,35.81;40;49.22;60,910;910;1357;1357
1094,1155_2020-01-14,1155,2,115.64,55.64;60,0;0
1095,1155_2020-01-15,1155,2,183.0,46;137,550;1230
1096,1155_2020-01-16,1155,2,60.14,15.14;45,1360;1360
1097,1155_2020-01-17,1155,2,89.25999999999999,32.26;57,1430;1430
1098,1155_2020-01-18,1155,2,140.0,73;67,780;1230
1099,1155_2020-01-19,1155,1,60.0,60,1315
1100,1155_2020-01-20,1155,4,184.3,7.6;30;76.7;70,630;630;1263;1263
1101,1155_2020-01-21,1155,2,45.26,15.26;30,698;698
1102,1155_2020-01-22,1155,1,57.0,57,810
1103,1155_2020-01-23,1155,2,100.0,70;30,660;1140
1104,1155_2020-01-24,1155,1,50.0,50,1375
1105,1155_2020-01-25,1155,1,40.0,40,1263
1106,1155_2020-01-26,1155,1,35.0,35,1315
1107,1155_2020-01-27,1155,1,49.0,49,1425
1108,1155_2020-01-28,1155,1,40.0,40,1170
1109,1155_2020-01-29,1155,1,130.0,130,1100
1110,1155_2020-01-30,1155,2,115.96000000000001,54.96;61,820;820
1111,1156_2021-02-02,1156,5,207.21,0.72;69.28;50;42.21;45,716;762;762;1247;1247
1112,1156_2021-02-03,1156,7,264.0,5;18;10;35;105;75;16,563;629;733;958;1153;1236;1274
1113,1156_2021-02-04,1156,2,140.0,70;70,689;1195
1114,1156_2021-02-10,1156,6,190.0,60;35;10;65;15;5,761;845;1030;1071;1105;1298
1115,1156_2021-02-11,1156,4,170.0,67;17;45;41,692;1104;1163;1222
1116,1156_2021-02-12,1156,5,219.0,65;18;57;70;9,293;697;839;1132;1313
1117,1156_2021-02-13,1156,6,179.0,18;45;15;10;50;41,598;702;958;1017;1032;1186
1118,1156_2021-02-16,1156,4,155.0,45;25;45;40,570;654;1061;1152
1119,1156_2021-02-17,1156,5,122.0,18;32;5;7;60,530;600;795;930;1204
1120,1156_2021-02-18,1156,2,93.0,28;65,570;690
1121,1156_2021-02-19,1156,4,126.0,40;18;40;28,540;630;1113;1275
1122,1156_2021-02-20,1156,3,75.0,25;15;35,800;958;1233
1123,1156_2021-02-23,1156,4,142.0,40;40;7;55,522;781;951;1114
1124,1156_2021-02-24,1156,3,108.0,18;35;55,462;745;1092
1125,1156_2021-02-25,1156,6,200.0,30;25;25;65;20;35,418;460;460;769;932;1115
1126,1156_2021-02-26,1156,3,145.0,35;65;45,384;698;926
1127,1156_2021-02-27,1156,4,193.0,28;50;80;35,541;759;1176;1176
1128,1156_2021-02-28,1156,6,191.0,31;10;50;15;50;35,562;643;758;769;1259;1282
1129,1157_2020-03-05,1157,9,241.91,40;8;7.91;8;10;55;13;75;25,468;513;523;523;557;722;906;1113;1219
1130,1157_2020-03-06,1157,4,98.0,3;40;30;25,394;731;1137;1147
1131,1157_2020-03-07,1157,5,119.0,3;35;50;5;26,394;728;1062;1092;1125
1132,1157_2020-03-08,1157,7,185.0,21;5;45;15;60;13;26,318;591;733;910;1102;1114;1193
1133,1157_2020-03-09,1157,5,134.0,21;3;5;55;50,331;388;602;721;1083
1134,1157_2020-03-11,1157,6,151.1,28.95;35;17.58;10;29.57;30,576;576;856;856;1218;1218
1135,1157_2020-03-14,1157,6,140.0,30;3;45;12;30;20,333;389;730;912;1055;1067
1136,1157_2020-03-15,1157,6,191.0,3;8;45;15;60;60,388;595;720;865;1095;1187
1137,1157_2020-03-16,1157,6,171.0,30;3;40;28;10;60,303;384;738;861;1065;1160
1138,1157_2020-03-19,1157,6,173.0,30;3;45;25;40;30,518;641;735;945;1185;1251
1139,1157_2020-03-22,1157,6,158.0,3;10;50;25;5;65,393;585;712;905;1031;1092
1140,1157_2020-03-23,1157,7,213.0,30;3;35;15;75;35;20,486;607;694;781;1048;1157;1212
1141,1157_2020-03-24,1157,6,163.0,3;50;35;25;45;5,557;669;864;1052;1111;1270
1142,1157_2020-03-25,1157,5,153.0,25;3;45;45;35,455;539;713;1079;1121
1143,1157_2020-03-26,1157,6,163.0,3;20;50;40;35;15,539;610;835;1032;1105;1233
1144,1157_2020-03-28,1157,5,138.0,3;10;40;50;35,397;600;737;1073;1132
1145,1157_2020-03-29,1157,5,134.0,3;13;40;18;60,399;584;743;873;1104
1146,1157_2020-03-30,1157,4,118.0,3;10;45;60,393;631;726;1100
1147,1157_2020-03-31,1157,4,98.0,3;10;65;20,400;599;1090;1177
1148,1158_2019-04-30,1158,8,317.94,36.71;40;54.55;40;30.52;25;49.16;42,520;520;735;735;926;926;1135;1135
1149,1158_2019-05-02,1158,3,105.0,35;50;20,472;793;1005
1150,1158_2019-05-03,1158,4,126.0,34;32;45;15,507;753;1076;1149
1151,1158_2019-05-04,1158,4,145.0,45;40;25;35,588;747;997;1081
1152,1158_2019-05-06,1158,3,106.0,30;38;38,589;728;1088
1153,1158_2019-05-07,1158,4,124.0,35;29;30;30,533;744;978;1157
1154,1158_2019-05-08,1158,3,114.0,37;37;40,497;795;1181
1155,1158_2019-05-09,1158,8,241.95,51.68;38;49.95;42;20.16;4.15;16.01;20,510;510;747;747;1099;1099;1099;1099
1156,1158_2019-05-10,1158,8,297.08,51.14;35;43.49;40;3.9;10;78.55;35,496;496;720;720;1129;1129;1143;1143
1157,1158_2019-05-11,1158,3,105.0,30;35;40,597;879;1140
1158,1158_2019-05-12,1158,3,90.0,25;25;40,570;915;1175
1159,1158_2019-05-13,1158,2,75.0,30;45,970;970
1160,1158_2019-05-14,1158,3,110.0,40;35;35,591;870;1168
1161,1158_2019-05-15,1158,2,75.0,30;45,480;777
1162,1158_2019-05-16,1158,3,118.0,30;43;45,495;785;1215
1163,1158_2019-05-17,1158,3,110.0,30;40;40,505;870;1130
1164,1158_2019-05-18,1158,6,246.8,56.74;40;47.74;40;37.32;25,563;563;775;775;1044;1044
1165,1158_2019-05-20,1158,4,118.0,35;25;38;20,496;727;728;970
1166,1158_2019-05-21,1158,2,76.0,36;40,494;730
1167,1158_2019-05-22,1158,3,98.0,38;35;25,474;475;1170
1168,1158_2019-05-23,1158,3,104.0,32;35;37,10;495;1100
1169,1158_2019-05-24,1158,3,125.0,45;40;40,360;500;539
1170,1161_2020-11-18,1161,6,227.0,38;30;12;39;81;27,378;701;981;1093;1402;1406
1171,1161_2020-11-19,1161,6,231.0,2;25;28;75;45;56,437;580;591;737;856;1133
1172,1161_2020-11-20,1161,7,234.0,54;18;14;12;78;34;24,606;750;820;947;1128;1173;1346
1173,1161_2020-11-23,1161,3,185.0,65;75;45,467;724;1167
1174,1161_2020-11-24,1161,3,155.0,56;45;54,452;749;1284
1175,1161_2020-11-27,1161,7,298.0,32;38;24;80;32;75;17,5;573;720;811;1076;1128;1391
1176,1161_2020-11-30,1161,4,160.0,42;54;19;45,415;759;1064;1164
1177,1161_2020-12-02,1161,7,202.0,42;17;20;17;24;17;65,410;600;738;763;933;1005;1128
1178,1161_2020-12-03,1161,7,202.0,45;23;24;16;35;25;34,531;550;730;900;978;1010;1244
1179,1161_2020-12-04,1161,6,259.0,38;40;38;51;36;56,578;639;879;910;1118;1259
1180,1161_2020-12-07,1161,5,168.0,42;17;43;24;42,487;552;753;1020;1159
1181,1161_2020-12-08,1161,6,181.0,38;17;17;25;19;65,435;486;635;750;927;1097
1182,1161_2020-12-09,1161,8,309.0,45;45;20;17;34;56;17;75,519;674;749;794;880;901;1096;1276
1183,1161_2020-12-10,1161,5,183.0,45;56;8;24;50,526;760;927;972;1195
1184,1161_2020-12-11,1161,3,119.0,42;45;32,539;954;1116
1185,1161_2020-12-14,1161,5,165.0,35;25;25;35;45,730;902;1029;1093;1188
1186,1161_2020-12-15,1161,4,213.0,45;75;85;8,450;748;1099;1366
1187,1163_2021-01-05,1163,4,112.13,29.13;35;40;8,695;695;1153;1296
1188,1163_2021-01-06,1163,6,223.52,48.27;80;17.25;35;8;35,805;805;1066;1066;1247;1337
1189,1163_2021-01-07,1163,3,190.0,80;70;40,705;972;1111
1190,1163_2021-01-08,1163,2,160.0,80;80,768;1302
1191,1163_2021-01-10,1163,7,185.25,38.03;36;0.2;21.45;13;42.57;34,646;646;840;938;938;1100;1100
1192,1163_2021-01-11,1163,2,130.0,70;60,710;970
1193,1163_2021-01-12,1163,8,194.93,1.74;8;32.66;30;22.04;35;15.49;50,578;578;757;757;1075;1075;1176;1176
1194,1163_2021-01-13,1163,4,100.68,32.56;30;23.12;15,715;715;1136;1136
1195,1163_2021-01-14,1163,4,227.0,70;45;40;72,718;1041;1187;1216
1196,1163_2021-01-16,1163,8,294.38,31.27;30;26.82;45;50.99;48;32.3;30,659;659;812;812;926;926;1170;1170
1197,1163_2021-01-19,1163,7,283.88,1.44;15.07;96;29.09;72;40.28;30,612;1139;1139;1161;1161;1236;1236
1198,1163_2021-01-21,1163,1,60.0,60,808
1199,1163_2021-01-26,1163,2,35.0,15;20,705;1212
1200,1163_2021-01-27,1163,3,160.0,70;60;30,749;1073;1232
1201,1163_2021-01-28,1163,6,327.14,23.89;20;47.37;40;131.88;64,637;637;730;730;1209;1209
1202,1170_2020-11-23,1170,3,85.0,30;30;25,605;855;1219
1203,1170_2020-11-24,1170,4,96.0,30;36;20;10,513;735;1157;1253
1204,1170_2020-11-25,1170,4,80.0,28;19;25;8,540;741;1247;1305
1205,1170_2020-11-26,1170,5,57.0,10;15;10;15;7,507;651;806;1191;1358
1206,1170_2020-11-27,1170,5,46.0,10;2;20;8;6,557;709;805;1101;1321
1207,1170_2020-11-28,1170,5,81.0,15;18;18;20;10,551;676;826;1226;1279
1208,1170_2020-11-29,1170,5,96.0,29;15;7;40;5,549;812;1003;1225;1362
1209,1170_2020-11-30,1170,3,63.0,15;40;8,493;831;1116
1210,1170_2020-12-01,1170,4,108.0,14;24;35;35,583;789;862;1205
1211,1170_2020-12-02,1170,6,87.0,30;9;20;7;16;5,548;730;866;1104;1173;1251
1212,1170_2020-12-03,1170,5,93.0,35;15;6;7;30,554;817;950;1019;1220
1213,1170_2020-12-04,1170,4,89.0,24;40;10;15,558;815;1209;1281
1214,1170_2020-12-05,1170,4,80.0,30;20;20;10,571;904;1219;1328
1215,1170_2020-12-06,1170,5,110.0,39;20;7;28;16,571;801;1009;1207;1274
1216,1170_2020-12-07,1170,6,107.0,20;20;15;15;25;12,552;802;960;1003;1215;1283
1217,1170_2020-12-08,1170,5,87.0,25;20;7;28;7,522;743;940;1214;1309
1218,1170_2020-12-09,1170,4,76.0,17;15;19;25,523;735;1164;1219
1219,1170_2020-12-10,1170,5,80.0,30;12;15;8;15,553;809;1031;1199;1243
1220,1170_2020-12-11,1170,4,92.0,29;38;10;15,521;859;1077;1123
1221,1170_2020-12-12,1170,3,69.0,29;15;25,538;778;1191
1222,1170_2020-12-13,1170,4,75.0,20;25;15;15,550;788;1179;1304
1223,1170_2020-12-14,1170,3,104.0,39;40;25,554;905;1253
1224,1170_2020-12-15,1170,4,93.0,35;19;20;19,530;737;1189;1343
1225,1170_2020-12-16,1170,4,92.0,29;32;18;13,514;736;1140;1171
1226,1170_2020-12-17,1170,5,96.0,20;28;28;10;10,555;808;1151;1198;1329
1227,1170_2020-12-18,1170,6,118.0,40;15;20;8;5;30,557;728;869;1104;1199;1307
1228,1170_2020-12-19,1170,4,99.0,35;5;29;30,504;779;901;1235
1229,1170_2020-12-20,1170,4,120.0,28;14;61;17,689;843;1167;1243
1230,1171_2019-10-27,1171,4,136.43,4.2;8;69.23;55,802;802;1313;1313
1231,1171_2019-10-28,1171,6,335.0,105;70;29;30;36;65,70;662;755;1037;1218;1312
1232,1171_2019-10-29,1171,2,48.0,32;16,798;1022
1233,1171_2019-10-30,1171,2,83.0,35;48,741;1027
1234,1171_2019-10-31,1171,4,98.0,26.59;20;21.41;30,649;649;943;943
1235,1171_2019-11-01,1171,6,223.9,25.03;16;28.4;43;46.47;65,742;742;1085;1085;1337;1337
1236,1171_2019-11-02,1171,6,263.1,42.35;33;54.74;32;48.01;53,731;731;954;954;1212;1212
1237,1171_2019-11-03,1171,4,185.68,72.42;55;33.26;25,777;777;1126;1126
1238,1171_2019-11-04,1171,4,145.0,25;20;50;50,33;814;1287;1296
1239,1171_2019-11-05,1171,1,45.0,45,1260
1240,1171_2019-11-06,1171,3,71.0,35;20;16,669;930;1076
1241,1171_2019-11-07,1171,8,202.83000000000004,30.48;40;0.06;2;48.21;50;7.08;25,744;744;1138;1138;1341;1341;1385;1385
1242,1171_2019-11-08,1171,8,295.01,49.29;40;27.37;16;65.06;85;4.29;8,716;716;909;909;1264;1264;1391;1391
1243,1171_2019-11-09,1171,4,202.23,32.85;40;59.38;70,645;645;1155;1155
1244,1171_2019-11-10,1171,4,131.14,31.31;35;29.83;35,619;619;989;989
1245,1171_2019-11-11,1171,3,126.0,30;16;80,654;1092;1169
1246,1171_2019-11-12,1171,4,133.0,16;51;50;16,501;697;1056;1206
1247,1171_2019-11-13,1171,4,124.0,32;16;30;46,624;642;1145;1218
1248,1171_2019-11-14,1171,4,135.0,16;41;18;60,632;639;1028;1343
1249,1171_2019-11-15,1171,2,90.0,50;40,775;1264
1250,1171_2019-11-16,1171,4,136.63,2.4;15;59.23;60,703;703;1175;1175
1251,1171_2019-11-17,1171,4,234.41,58.06;70;51.35;55,834;834;1283;1283
1252,1171_2019-11-19,1171,3,117.0,32;25;60,636;711;1055
1253,1171_2019-11-20,1171,4,135.0,30;30;35;40,481;843;884;1091
1254,1171_2019-11-21,1171,5,144.0,23;25;35;25;36,575;597;914;1076;1341
1255,1171_2019-11-22,1171,2,36.0,28;8,718;1115
1256,1185_2020-08-21,1185,1,30.0,30,1080
1257,1185_2020-08-23,1185,5,99.0,25;10;40;12;12,521;638;949;1122;1267
1258,1185_2020-08-24,1185,3,87.0,35;22;30,479;729;1139
1259,1185_2020-08-25,1185,3,67.0,25;22;20,453;744;1219
1260,1185_2020-08-26,1185,4,59.0,5;20;9;25,396;755;939;1263
1261,1185_2020-08-28,1185,6,101.39,22.82;20;10.85;20;9.72;18,544;544;782;782;799;799
1262,1185_2020-08-29,1185,4,53.0,18;5;15;15,570;821;990;1095
1263,1185_2020-08-30,1185,1,30.0,30,550
1264,1185_2020-09-01,1185,8,160.0,13.79;28;2.51;15;15.39;12;38.31;35,438;438;744;744;1058;1058;1242;1242
1265,1185_2020-09-02,1185,7,147.62,2.31;15;39.72;28;12;35.59;15,393;393;740;740;1188;1271;1271
1266,1185_2020-09-03,1185,3,75.0,20;30;25,395;745;1131
1267,1185_2020-09-04,1185,3,31.0,3;16;12,705;754;1019
1268,1185_2020-09-05,1185,3,68.0,25;8;35,532;865;1257
1269,1185_2020-09-06,1185,2,40.0,15;25,575;1044
1270,1185_2020-09-07,1185,3,68.0,23;20;25,484;740;1150
1271,1185_2020-09-08,1185,7,141.87,30;15;13;37.84;25;11.03;10,479;747;1118;1201;1201;1270;1270
1272,1185_2020-09-09,1185,3,65.0,15;20;30,405;736;1245
1273,1185_2020-09-10,1185,3,55.0,20;15;20,405;656;1095
1274,1185_2020-09-11,1185,5,231.0,10;151;10;40;20,495;671;804;1065;1283
1275,1185_2020-09-12,1185,6,135.0,30;30;20;25;20;10,511;774;1044;1199;1284;1355
1276,1185_2020-09-13,1185,8,156.76,24.77;35;11.2;10;39.41;20;6.38;10,556;556;810;810;1098;1098;1256;1256
1277,1185_2020-09-14,1185,4,77.0,15;22;25;15,456;709;1097;1213
1278,1185_2020-09-15,1185,2,70.0,30;40,460;1165
1279,1185_2020-09-17,1185,3,75.0,10;40;25,465;720;1110
1280,1193_2020-04-13,1193,4,239.75,78.75;32;34;95,770;770;921;965
1281,1193_2020-04-14,1193,4,328.0,100;67;111;50,113;797;990;1321
1282,1193_2020-04-15,1193,2,225.0,190;35,930;1256
1283,1193_2020-04-16,1193,1,75.0,75,911
1284,1193_2020-04-18,1193,3,165.0,50;100;15,237;862;1042
1285,1193_2020-04-19,1193,1,75.0,75,1157
1286,1193_2020-04-20,1193,2,200.0,100;100,868;1210
1287,1193_2020-04-21,1193,2,264.0,100;164,528;894
1288,1193_2020-04-22,1193,1,60.0,60,420
1289,1193_2020-04-26,1193,1,60.0,60,772
1290,1193_2020-04-27,1193,1,170.0,170,898
1291,1193_2020-04-28,1193,1,80.0,80,1267
1292,1193_2020-04-29,1193,2,190.0,100;90,636;1195
1293,1193_2020-05-01,1193,3,280.0,80;120;80,804;1182;1239
1294,1193_2020-05-02,1193,2,170.0,100;70,735;1313
1295,1193_2020-05-03,1193,2,200.0,130;70,514;1182
1296,1193_2020-05-04,1193,2,78.0,60;18,636;764
1297,1193_2020-05-05,1193,3,208.0,100;54;54,490;590;672
1298,1193_2020-05-06,1193,3,220.0,100;60;60,449;924;1004
1299,1194_2019-06-07,1194,8,143.66,10.6;12;0.69;2;46.82;45;4.55;22,445;445;494;494;786;786;1005;1005
1300,1194_2019-06-09,1194,9,284.93,9.94;14;18.83;20;1.26;84.84;23;67.06;46,500;500;608;608;617;850;850;1172;1172
1301,1194_2019-06-10,1194,9,185.0,30;15;35;20;12;10;35;13;15,580;751;818;1056;1083;1086;1177;1210;1249
1302,1194_2019-06-11,1194,6,125.0,12;37;10;12;20;34,619;758;988;989;1051;1114
1303,1194_2019-06-12,1194,5,134.0,34;18;30;12;40,339;679;870;901;1156
1304,1194_2019-06-13,1194,7,106.0,15;10;12;10;12;10;37,581;705;776;1028;1033;1046;1073
1305,1194_2019-06-18,1194,8,118.0,12;6;25;35;11;20;5;4,315;570;645;713;867;872;1037;1058
1306,1194_2019-06-22,1194,5,82.0,5;10;15;7;45,406;820;847;857;1075
1307,1194_2019-06-23,1194,9,114.0,8;4;13;17;9;14;25;10;14,408;521;662;719;739;753;845;1007;1104
1308,1194_2019-06-24,1194,5,77.0,8;6;35;16;12,386;557;682;908;1129
1309,1194_2019-06-25,1194,3,73.0,8;30;35,395;909;1100
1310,1194_2019-06-26,1194,4,77.0,8;23;21;25,506;742;912;948
1311,1194_2019-06-28,1194,8,149.87,13.25;8;1.37;6;30.6;35;25.65;30,363;363;456;456;785;785;1061;1061
1312,1194_2019-06-29,1194,7,136.0,8;26;23;37;8;4;30,404;640;825;847;862;979;1073
1313,1194_2019-06-30,1194,5,106.0,8;8;10;35;45,558;655;718;780;1027
1314,1194_2019-07-01,1194,2,59.0,44;15,696;1117
1315,1194_2019-07-02,1194,5,92.0,8;8;15;36;25,549;572;649;1004;1122
1316,1194_2019-07-03,1194,6,106.0,12;12;14;8;25;35,420;571;668;673;760;829
1317,1195_2019-12-13,1195,4,128.0,10;48;30;40,548;753;917;1097
1318,1195_2019-12-14,1195,7,300.0,13;20;37;47;105;60;18,15;594;848;871;1114;1331;1418
1319,1195_2019-12-17,1195,2,152.0,57;95,654;1206
1320,1195_2019-12-18,1195,3,74.0,22;30;22,12;39;1010
1321,1195_2019-12-20,1195,6,257.29,13.2;12;49.06;49;69.03;65,533;533;795;795;1092;1092
1322,1195_2019-12-21,1195,4,111.0,39;25;25;22,4;590;1080;1368
1323,1195_2019-12-22,1195,4,112.0,18;18;50;26,885;1134;1342;1417
1324,1195_2019-12-23,1195,2,73.0,45;28,1147;1339
1325,1195_2019-12-24,1195,6,216.32,13.2;12;43.71;29;63.41;55,563;563;718;718;1184;1184
1326,1195_2019-12-26,1195,2,180.0,105;75,484;1165
1327,1195_2019-12-27,1195,3,116.0,50;21;45,1158;1354;1418
1328,1195_2019-12-28,1195,3,161.62,77;32.62;52,794;1431;1431
1329,1195_2019-12-29,1195,8,308.08,13.2;15;56.18;30;10.49;27;91.21;65,541;541;750;750;1106;1106;1171;1171
1330,1195_2019-12-30,1195,4,97.26,13.84;12;36.42;35,547;547;1079;1079
1331,1195_2019-12-31,1195,2,100.0,15;85,576;1180
1332,1195_2020-01-01,1195,2,105.0,65;40,853;1100
1333,1195_2020-01-02,1195,3,135.0,45;35;55,741;1083;1264
1334,1195_2020-01-03,1195,2,96.0,26;70,574;831
1335,1195_2020-01-04,1195,4,169.0,45;55;24;45,786;1118;1337;1375
1336,1195_2020-01-05,1195,4,303.78,67.81;50;100.97;85,830;830;1110;1110
1337,1195_2020-01-06,1195,6,105.97000000000001,6.92;10;14.54;40;18.51;16,592;592;1106;1106;1385;1385
1338,1195_2020-01-07,1195,2,77.0,40;37,869;1105
1339,1199_2020-07-25,1199,6,147.0,12;25;5;65;20;20,535;768;949;1122;1334;1358
1340,1199_2020-07-26,1199,4,135.0,10;50;10;65,554;759;980;1158
1341,1199_2020-07-27,1199,7,170.62,15.62;15;30;15;10;20;65,559;559;723;834;989;1059;1151
1342,1199_2020-07-28,1199,5,145.0,20;30;35;40;20,560;744;1071;1136;1396
1343,1199_2020-07-29,1199,3,90.0,10;50;30,605;1143;1371
1344,1199_2020-07-30,1199,4,96.0,10;35;35;16,605;993;1200;1390
1345,1199_2020-07-31,1199,5,127.0,15;17;15;55;25,738;767;1005;1141;1330
1346,1199_2020-08-01,1199,8,185.58,10.13;10;14.71;12;60.16;30;32.58;16,498;498;762;762;1125;1125;1359;1359
1347,1199_2020-08-03,1199,4,79.0,7;15;17;40,467;763;929;1083
1348,1199_2020-08-04,1199,6,142.0,7;20;17;10;60;28,544;752;897;990;1141;1190
1349,1199_2020-08-05,1199,5,202.0,12;60;45;55;30,592;824;976;1179;1303
1350,1199_2020-08-06,1199,4,79.0,4;5;15;55,613;635;728;1154
1351,1199_2020-08-07,1199,8,252.14999999999998,15.06;7;33.55;32;57.63;60;31.91;15,542;542;749;749;1111;1111;1380;1380
1352,1199_2020-08-09,1199,6,101.0,4;15;15;45;7;15,550;738;926;1150;1258;1371
1353,1199_2020-08-10,1199,4,93.0,7;15;11;60,483;720;776;1106
1354,1199_2020-08-11,1199,4,88.0,7;15;50;16,556;722;1134;1366
1355,1199_2020-08-12,1199,4,107.0,7;20;65;15,600;790;1151;1239
1356,1199_2020-08-13,1199,7,146.0,18;10;25;15;15;45;18,17;643;781;921;1122;1181;1390
1357,1199_2020-08-14,1199,8,152.39000000000001,4.52;7;16.44;15;16.46;15;27.97;50,552;552;581;581;741;741;1178;1178
1358,1199_2020-08-15,1199,8,148.03,12.04;7;15.84;15;13.64;50;18.51;16,547;547;742;742;1131;1131;1362;1362
1359,1199_2020-08-16,1199,5,116.0,5;15;15;65;16,530;731;919;1127;1371
1360,1199_2020-08-17,1199,4,113.0,7;40;50;16,552;755;1126;1370
1361,1199_2020-08-18,1199,3,72.0,7;15;50,558;732;1146
1362,1199_2020-08-19,1199,4,90.0,7;5;28;50,601;732;896;1103
1363,1199_2020-08-20,1199,3,57.0,7;10;40,606;737;1159
1364,1199_2020-08-21,1199,8,160.39,6.02;9;16.64;12;20.45;25;31.28;40,539;539;738;738;1015;1015;1147;1147
1365,1201_2019-09-08,1201,7,272.25,50.07;43;38.65;34;5;53.53;48,578;578;793;793;990;1052;1052
1366,1201_2019-09-09,1201,7,233.06,31.27;42;14.2;13;1.26;61.33;70,620;620;699;699;853;1052;1052
1367,1201_2019-09-10,1201,5,119.0,34;28;17;35;5,630;765;801;1041;1185
1368,1201_2019-09-11,1201,6,237.89,37.88;40;58.47;30;26.54;45,604;604;823;823;1055;1055
1369,1201_2019-09-12,1201,4,142.21,43.92;27;26.29;45,590;590;1036;1036
1370,1201_2019-09-13,1201,4,122.0,36;25;45;16,568;850;1050;1280
1371,1201_2019-09-14,1201,3,120.0,35;30;55,513;806;1050
1372,1201_2019-09-15,1201,8,227.64,39.42;34;28.4;13;30.91;1.57;29.34;51,617;617;985;985;1045;1045;1045;1045
1373,1201_2019-09-16,1201,6,183.01,38.68;40;28.38;22;23.95;30,633;633;820;820;1049;1049
1374,1201_2019-09-17,1201,2,85.0,40;45,600;1050
1375,1201_2019-09-18,1201,4,108.0,36;9;17;46,580;810;830;1039
1376,1201_2019-09-19,1201,3,108.0,38;35;35,505;779;1035
1377,1201_2019-09-21,1201,5,139.2,30.87;35;0.08;28.25;45,624;624;810;1061;1061
1378,1201_2019-09-22,1201,3,104.0,30;40;34,600;780;1035
1379,1201_2019-09-23,1201,3,60.0,34;10;16,662;877;955
1380,1201_2019-09-24,1201,3,117.0,42;30;45,599;840;1045
1381,1201_2019-09-25,1201,3,149.0,40;49;60,600;825;1035
1382,1201_2019-09-26,1201,6,193.57,32.7;40;37.98;49;17.89;16,560;560;1039;1039;1163;1163
1383,1201_2019-09-28,1201,4,101.0,32;12;12;45,597;860;870;1050
1384,1201_2019-09-29,1201,4,129.0,35;26;18;50,557;756;870;1050
1385,1201_2019-09-30,1201,4,111.0,25;40;16;30,85;569;843;1048
1386,1201_2019-10-01,1201,3,100.0,28;24;48,611;874;1050
1387,1201_2019-10-02,1201,8,261.67999999999995,33.75;35;7.91;9;63.01;3.12;59.89;50,528;528;990;990;1053;1053;1053;1053
1388,1201_2019-10-04,1201,3,89.0,24;35;30,555;813;1042
1389,1201_2019-10-05,1201,2,80.0,20;60,842;1055
1390,1202_2019-12-12,1202,5,193.0,45;45;25;30;48,450;674;910;1055;1167
1391,1202_2019-12-13,1202,5,176.0,45;21;25;30;55,500;624;838;891;1130
1392,1202_2019-12-14,1202,6,183.0,48;15;30;30;45;15,470;603;708;808;1164;1202
1393,1202_2019-12-17,1202,7,201.0,45;21;25;20;10;55;25,522;582;756;981;1090;1145;1236
1394,1202_2019-12-18,1202,5,161.0,45;21;25;45;25,561;605;772;1106;1270
1395,1202_2019-12-19,1202,8,211.0,45;25;21;25;20;50;5;20,472;715;769;992;1010;1138;1140;1306
1396,1202_2019-12-20,1202,5,162.0,45;20;27;50;20,449;630;657;1148;1318
1397,1202_2019-12-21,1202,8,218.12,45;21;25;42.12;20;25;35;5,539;620;717;880;880;1066;1150;1249
1398,1202_2019-12-22,1202,7,190.0,45;25;25;45;15;25;10,535;759;1057;1093;1214;1265;1290
1399,1202_2019-12-23,1202,6,175.0,45;21;23;21;45;20,491;608;730;901;1067;1085
1400,1202_2019-12-24,1202,5,131.0,45;21;20;20;25,599;732;1093;1141;1309
1401,1202_2019-12-25,1202,6,176.98000000000002,45;25;15.98;21;50;20,459;704;1022;1022;1188;1233
1402,1202_2019-12-26,1202,7,221.64,45;21;25;33.64;25;50;22,481;585;716;857;857;1058;1259
1403,1202_2019-12-27,1202,4,166.0,45;50;50;21,542;849;1153;1247
1404,1202_2019-12-28,1202,3,150.0,45;50;55,485;855;1160
1405,1202_2019-12-29,1202,5,175.0,45;25;25;25;55,506;785;850;1043;1158
1406,1202_2019-12-30,1202,5,172.0,50;40;22;5;55,547;851;883;1206;1223
1407,1202_2020-01-02,1202,7,192.0,21;15;50;25;45;15;21,448;586;671;711;1096;1168;1292
1408,1202_2020-01-03,1202,4,155.0,50;25;55;25,497;802;1057;1321
1409,1202_2020-01-04,1202,8,220.55,50;21;24.55;30;15;25;45;10,515;585;730;730;918;968;1090;1128
1410,1202_2020-01-05,1202,9,238.96,50;15.98;21;25;15.98;21;50;35;5,508;635;635;790;901;901;1149;1262;1346
1411,1202_2020-01-06,1202,5,180.0,45;15;20;50;50,668;838;950;1052;1230
1412,1202_2020-01-07,1202,6,212.0,50;40;10;35;45;32,569;850;870;1056;1212;1253
1413,1202_2020-01-08,1202,6,225.0,50;45;25;50;30;25,596;793;972;1174;1202;1350
1414,1203_2019-12-07,1203,8,218.98999999999998,55.32;25;10.01;12;31.54;17;51.12;17,420;420;618;618;735;735;1156;1156
1415,1203_2019-12-08,1203,8,192.29000000000002,14.55;14;10.01;12;34.24;20;47.49;40,445;445;605;605;726;726;1148;1148
1416,1203_2019-12-09,1203,4,89.0,24;15;15;35,450;730;1043;1165
1417,1203_2019-12-10,1203,6,90.0,24;15;12;16;15;8,433;679;776;1005;1117;1314
1418,1203_2019-12-11,1203,3,49.0,15;17;17,388;750;1110
1419,1203_2019-12-12,1203,8,258.99,38.38;10;38.41;34;10.01;12;72.19;44,440;440;720;720;824;824;1170;1170
1420,1203_2019-12-13,1203,8,168.15,38.69;21;3.92;17;29.59;33;17.95;7,415;415;630;630;746;746;1155;1155
1421,1203_2019-12-14,1203,7,203.54,51.88;20;0.36;11.06;12;68.24;40,400;400;624;736;736;1101;1101
1422,1203_2019-12-15,1203,6,172.82999999999998,19.54;13;14.34;23;57.95;45,416;416;715;715;1134;1134
1423,1203_2019-12-16,1203,4,77.0,21;15;10;31,431;735;1050;1150
1424,1203_2019-12-17,1203,4,79.0,22;10;17;30,450;670;835;1110
1425,1203_2019-12-18,1203,5,85.0,23;12;15;12;23,442;616;750;870;1135
1426,1203_2019-12-20,1203,8,351.93,59.67;11;37.21;20;97.02;2.87;94.16;30,395;395;745;745;1156;1156;1156;1156
1427,1203_2019-12-21,1203,3,92.0,23;24;45,421;712;1134
1428,1203_2019-12-22,1203,4,98.0,24;12;22;40,398;572;730;1134
1429,1203_2019-12-23,1203,3,54.0,7;15;32,433;527;1119
1430,1203_2019-12-24,1203,4,81.0,24;20;17;20,430;670;1035;1150
1431,1203_2019-12-25,1203,3,67.0,22;19;26,390;697;1109
1432,1203_2019-12-28,1203,3,93.0,23;40;30,411;717;1140
1433,1203_2019-12-29,1203,4,71.0,14;12;22;23,403;584;701;1155
1434,1203_2019-12-30,1203,4,62.0,7;15;20;20,458;540;1050;1155
1435,1203_2019-12-31,1203,4,81.0,16;15;30;20,423;735;1005;1137
1436,1203_2020-01-01,1203,3,71.0,18;24;29,5;420;1110
1437,1205_2019-11-28,1205,4,303.0,92;85;53;73,510;720;900;1158
1438,1205_2019-12-03,1205,4,298.0,75;37;62;124,468;570;687;1138
1439,1205_2019-12-04,1205,7,241.0,76;27;16;36;25;25;36,516;600;660;747;1020;1213;1339
1440,1205_2019-12-05,1205,9,331.0,95;33;33;17;33;7;52;45;16,498;630;720;810;840;870;1091;1316;1364
1441,1205_2019-12-08,1205,8,293.0,75;14;27;55;14;23;14;71,310;450;600;720;841;885;1005;1217
1442,1205_2019-12-09,1205,8,232.0,45;19;12;27;49;16;22;42,310;455;540;600;721;844;915;1207
1443,1205_2019-12-10,1205,8,273.0,73;19;14;27;44;14;35;47,310;450;540;600;720;905;990;1107
1444,1205_2019-12-11,1205,8,344.0,89;19;20;94;16;75;15;16,453;540;665;810;942;1080;1229;1336
1445,1205_2019-12-12,1205,4,274.0,104;93;16;61,480;690;900;1080
1446,1205_2019-12-15,1205,8,302.0,73;35;19;15;64;12;21;63,310;360;450;607;720;901;1005;1050
1447,1205_2019-12-17,1205,8,343.0,73;35;19;15;62;11;35;93,310;360;450;600;720;900;952;1035
1448,1205_2019-12-18,1205,6,226.0,49;25;54;29;21;48,480;645;690;870;1005;1095
1449,1205_2019-12-19,1205,3,203.0,88;40;75,480;717;1050
1450,1206_2020-08-09,1206,3,125.0,60;60;5,539;1167;1336
1451,1206_2020-08-10,1206,4,250.0,60;45;70;75,535;794;1242;1290
1452,1206_2020-08-11,1206,4,187.0,60;60;40;27,577;784;1046;1264
1453,1206_2020-08-12,1206,4,165.0,60;55;34;16,582;764;1215;1355
1454,1206_2020-08-13,1206,4,222.0,60;60;75;27,615;819;1174;1324
1455,1206_2020-08-14,1206,5,212.0,16;60;60;60;16,205;580;841;1175;1325
1456,1206_2020-08-15,1206,4,194.0,60;60;14;60,544;798;1010;1174
1457,1206_2020-08-16,1206,4,151.0,4;60;60;27,551;797;1163;1328
1458,1206_2020-08-17,1206,5,227.0,60;60;13;60;34,580;800;1068;1215;1381
1459,1206_2020-08-18,1206,5,213.0,60;60;18;60;15,552;780;941;1138;1355
1460,1206_2020-08-19,1206,5,194.0,60;60;7;60;7,578;812;832;1047;1300
1461,1206_2020-08-20,1206,3,180.0,60;60;60,594;778;1164
1462,1206_2020-08-21,1206,4,200.0,60;60;60;20,567;847;1206;1331
1463,1206_2020-08-22,1206,4,194.0,60;60;14;60,532;802;945;1164
1464,1206_2020-08-23,1206,4,208.0,60;60;60;28,535;800;1172;1365
1465,1206_2020-08-24,1206,5,208.0,60;60;7;60;21,604;814;976;1230;1406
1466,1206_2020-08-25,1206,4,199.0,60;45;60;34,579;935;1177;1332
1467,1206_2020-08-26,1206,5,211.0,60;60;17;60;14,591;738;934;1116;1388
1468,1206_2020-08-27,1206,4,201.0,60;60;60;21,594;759;1212;1341
1469,1206_2020-08-28,1206,4,197.0,60;60;60;17,575;863;1197;1359
1470,1206_2020-08-29,1206,4,170.0,60;30;20;60,546;797;1018;1191
1471,1206_2020-08-30,1206,5,177.0,60;27;10;60;20,544;735;883;1188;1347
1472,1206_2020-08-31,1206,6,177.0,60;14;16;10;60;17,589;753;984;1130;1224;1346
1473,1206_2020-09-01,1206,4,174.0,60;40;60;14,576;798;1132;1225
1474,1206_2020-09-02,1206,6,239.0,60;60;14;17;70;18,579;744;761;980;1129;1369
1475,1206_2020-09-03,1206,5,244.0,60;70;14;60;40,547;771;954;1177;1285
1476,1206_2020-09-04,1206,6,260.0,60;60;17;60;38;25,560;810;846;1198;1219;1325
1477,1206_2020-09-05,1206,4,198.0,60;60;60;18,559;799;1187;1326
1478,1210_2020-05-27,1210,4,120.0,45;30;15;30,405;719;907;1065
1479,1210_2020-05-28,1210,4,109.0,15;33;31;30,376;474;762;1053
1480,1210_2020-05-29,1210,6,180.0,10;15;15;50;45;45,330;372;507;782;907;1077
1481,1210_2020-06-01,1210,6,153.0,10;15;30;8;55;35,332;397;472;635;770;1121
1482,1210_2020-06-02,1210,6,150.0,10;30;45;16;9;40,324;384;517;719;912;1046
1483,1210_2020-06-03,1210,5,130.0,15;20;45;20;30,414;653;775;927;1084
1484,1210_2020-06-08,1210,6,260.0,20;30;40;40;30;100,379;514;611;774;812;1144
1485,1210_2020-06-09,1210,8,264.0,15;30;40;25;40;50;34;30,443;497;543;602;687;970;971;1086
1486,1210_2020-06-10,1210,7,177.0,10;30;42;20;20;35;20,449;583;619;785;838;1091;1187
1487,1210_2020-06-11,1210,6,155.0,10;30;20;40;15;40,470;559;616;693;852;1066
1488,1210_2020-06-13,1210,6,132.0,10;24;15;8;35;40,328;376;531;686;854;1046
1489,1210_2020-06-14,1210,5,179.0,10;24;65;30;50,337;473;760;907;1060
1490,1210_2020-06-15,1210,6,150.0,15;30;15;45;30;15,336;547;637;780;1071;1077
1491,1210_2020-06-16,1210,6,165.0,10;35;35;10;40;35,328;443;792;890;1068;1245
1492,1210_2020-06-17,1210,6,140.0,35;10;20;15;20;40,471;472;625;888;1012;1066
1493,1210_2020-06-18,1210,6,125.0,10;30;30;15;10;30,483;485;632;762;976;1091
1494,1210_2020-06-19,1210,5,118.0,10;8;30;30;40,354;421;557;883;1093
1495,1210_2020-06-22,1210,8,175.0,10;9;45;15;10;25;16;45,334;411;466;630;691;780;901;1080
1496,1210_2020-06-23,1210,6,183.0,10;15;45;45;18;50,340;373;489;742;885;1081
1497,1211_2020-04-08,1211,6,197.0,26;10;70;21;40;30,591;604;767;964;1141;1202
1498,1211_2020-04-09,1211,5,155.0,38;37;19;30;31,582;741;960;1155;1310
1499,1211_2020-04-10,1211,8,289.09,43.39;28;46.5;30;0.54;25;85.66;30,585;585;757;757;905;905;1130;1130
1500,1211_2020-04-12,1211,5,213.0,26;52;30;75;30,690;810;930;1170;1335
1501,1211_2020-04-13,1211,3,144.0,50;70;24,600;960;1320
1502,1211_2020-04-15,1211,9,270.88,15.71;24;13.42;20;29.2;21;84.55;35;28,628;628;768;768;949;949;1140;1140;1200
1503,1211_2020-04-16,1211,4,208.0,58;60;15;75,600;735;950;1200
1504,1211_2020-04-18,1211,7,234.22,29.25;28;37.57;35;49.4;25;30,625;625;743;743;912;912;1145
1505,1211_2020-04-19,1211,3,120.0,15;60;45,600;900;1170
1506,1211_2020-04-20,1211,4,117.0,30;22;45;20,775;840;1140;1370
1507,1211_2020-04-21,1211,4,155.0,48;40;22;45,540;750;930;1215
1508,1211_2020-04-23,1211,8,234.45,29.25;22;39.55;20;20.5;30;38.15;35,568;568;768;768;937;937;1149;1149
1509,1211_2020-04-24,1211,5,140.0,30;10;30;40;30,555;730;900;1200;1335
1510,1211_2020-04-25,1211,4,190.0,30;65;75;20,570;735;1155;1426
1511,1211_2020-04-26,1211,2,110.0,50;60,690;1110
1512,1211_2020-04-27,1211,2,46.0,21;25,780;1287
1513,1211_2020-04-28,1211,6,132.0,22;30;10;30;25;15,555;765;780;855;1185;1283
1514,1211_2020-04-29,1211,8,337.41999999999996,25.34;24;54.36;40;17.1;30;86.62;60,575;575;738;738;943;943;1108;1108
1515,1211_2020-04-30,1211,8,337.77,35.37;45;58.58;60;7.25;6;75.57;50,549;549;775;775;930;930;1140;1140
1516,1211_2020-05-01,1211,5,136.0,34;40;29;13;20,603;755;945;1150;1402
1517,1211_2020-05-02,1211,4,126.0,26;50;20;30,570;810;1140;1320
1518,1211_2020-05-03,1211,5,169.0,52;17;10;30;60,600;795;870;975;1215
1519,1211_2020-05-04,1211,4,135.0,60;25;20;30,630;1036;1171;1245
1520,1219_2019-07-11,1219,5,177.0,23;78;17;25;34,560;733;908;1225;1395
1521,1219_2019-07-12,1219,8,220.28999999999996,25.58;23;25.66;20;26.82;10;54.23;35,569;569;822;822;978;978;1237;1237
1522,1219_2019-07-13,1219,6,290.07,27.26;40;93.44;27;47.37;55,540;540;791;791;1283;1283
1523,1219_2019-07-14,1219,3,190.0,80;60;50,689;996;1275
1524,1219_2019-07-15,1219,2,60.0,40;20,676;1155
1525,1219_2019-07-19,1219,8,275.79999999999995,16.85;17;21.81;35;68.87;65;21.27;30,444;444;547;547;779;779;1080;1080
1526,1219_2019-07-20,1219,4,205.0,85;15;80;25,802;1124;1132;1177
1527,1219_2019-07-21,1219,5,208.0,19;54;25;85;25,685;808;1003;1155;1245
1528,1219_2019-07-22,1219,3,147.0,85;32;30,826;958;1062
1529,1219_2019-07-25,1219,5,110.0,23;15;10;52;10,541;846;1067;1213;1305
1530,1219_2019-07-26,1219,6,187.0,17;37;35;5;5;88,443;547;857;979;1168;1275
1531,1219_2019-07-27,1219,3,142.0,40;27;75,555;861;1169
1532,1219_2019-07-28,1219,3,133.0,28;35;70,664;821;1264
1533,1219_2019-07-29,1219,5,88.0,20;10;3;45;10,705;848;1031;1055;1205
1534,1219_2019-07-31,1219,9,308.5,18.28;12;13.79;60;12;20.05;10;122.38;40,544;544;761;761;964;1110;1110;1217;1217
1535,1219_2019-08-01,1219,3,143.0,42;85;16,547;716;981
1536,1219_2019-08-02,1219,5,133.0,40;25;50;10;8,557;800;1093;1272;1315
1537,1219_2019-08-03,1219,6,259.0,80;17;60;12;65;25,565;784;808;1022;1129;1294
1538,1219_2019-08-04,1219,5,187.0,17;85;20;45;20,537;741;1022;1109;1147
1539,1219_2019-08-05,1219,6,237.0,80;30;50;25;22;30,586;797;834;992;1169;1217
1540,1221_2020-07-26,1221,4,86.0,20;11;35;20,640;830;967;1090
1541,1221_2020-07-27,1221,4,83.0,8;19;45;11,650;771;1142;1358
1542,1221_2020-07-29,1221,6,263.07,19.3;12;57.28;45;59.49;70,532;532;769;769;1130;1130
1543,1221_2020-07-30,1221,4,105.0,5;45;35;20,690;796;1165;1247
1544,1221_2020-07-31,1221,5,120.0,40;20;5;40;15,710;960;1011;1143;1255
1545,1221_2020-08-01,1221,3,90.0,40;10;40,537;807;1126
1546,1221_2020-08-02,1221,6,204.38,34.86;15;33.94;30;45.58;45,617;617;807;807;1148;1148
1547,1221_2020-08-03,1221,4,78.0,25;15;30;8,655;800;990;1345
1548,1221_2020-08-04,1221,4,113.0,8;40;20;45,560;698;1006;1146
1549,1221_2020-08-05,1221,4,116.0,30;20;16;50,538;727;1041;1183
1550,1221_2020-08-06,1221,6,151.0,12;33;12;35;9;50,535;638;815;840;901;1249
1551,1221_2020-08-07,1221,3,60.0,5;10;45,596;813;1202
1552,1221_2020-08-08,1221,3,100.0,50;10;40,674;1055;1152
1553,1221_2020-08-11,1221,5,114.0,4;15;15;60;20,588;672;756;1080;1309
1554,1221_2020-08-12,1221,4,115.0,40;30;20;25,690;825;994;1140
1555,1221_2020-08-13,1221,3,110.0,40;40;30,664;780;948
1556,1221_2020-08-14,1221,5,140.0,30;40;20;15;35,443;725;923;1170;1287
1557,1221_2020-08-15,1221,4,87.0,5;48;4;30,446;852;1095;1221
1558,1221_2020-08-17,1221,8,261.23,68.45;20;69.01;35;25.88;10;17.89;15,570;570;684;684;1012;1012;1221;1221
1559,1221_2020-08-18,1221,4,103.0,8;45;20;30,475;729;755;1185
1560,1221_2020-08-19,1221,3,85.0,15;60;10,653;1020;1200
1561,1221_2020-08-20,1221,5,140.0,25;30;20;45;20,666;745;880;1289;1400
1562,1221_2020-08-21,1221,4,115.0,20;35;45;15,635;1074;1139;1339
1563,1221_2020-08-22,1221,2,78.0,18;60,666;933
1564,1224_2020-08-14,1224,4,70.0,10;40;10;10,589;912;1035;1288
1565,1224_2020-08-16,1224,3,60.0,10;35;15,683;1123;1288
1566,1224_2020-08-17,1224,3,70.0,30;10;30,890;1203;1237
1567,1224_2020-08-18,1224,2,50.0,20;30,706;1085
1568,1224_2020-08-20,1224,4,110.0,40;20;20;30,780;835;1304;1338
1569,1224_2020-08-21,1224,2,60.0,30;30,925;1230
1570,1224_2020-08-22,1224,2,60.0,30;30,705;930
1571,1224_2020-08-25,1224,4,65.0,15;20;10;20,628;674;1174;1262
1572,1224_2020-08-27,1224,2,60.0,35;25,795;1198
1573,1224_2020-08-28,1224,2,50.0,30;20,815;1218
1574,1224_2020-08-29,1224,3,70.0,15;20;35,620;765;1189
1575,1224_2020-09-02,1224,2,50.0,15;35,761;999
1576,1224_2020-09-03,1224,3,45.0,15;10;20,706;1203;1257
1577,1224_2020-09-04,1224,2,35.0,10;25,35;1150
1578,1224_2020-09-05,1224,2,35.0,15;20,769;1175
1579,1230_2021-02-15,1230,3,74.0,18;26;30,604;900;1206
1580,1230_2021-02-18,1230,4,103.0,40;14;35;14,710;734;1101;1246
1581,1230_2021-02-19,1230,6,91.0,11;15;14;10;35;6,565;724;844;879;1045;1245
1582,1230_2021-02-20,1230,8,196.17000000000002,27.99;35;17.72;14;28.48;30;20.98;22,741;741;773;773;1070;1070;1207;1207
1583,1230_2021-02-23,1230,4,129.32,54.33;35;21.99;18,765;765;1123;1123
1584,1230_2021-02-24,1230,4,73.0,35;14;14;10,733;758;1020;1377
1585,1230_2021-02-25,1230,5,102.0,35;18;14;23;12,784;829;1019;1168;1292
1586,1230_2021-02-26,1230,4,96.0,11;25;40;20,650;833;1175;1317
1587,1230_2021-02-27,1230,3,79.0,45;14;20,785;935;1224
1588,1230_2021-02-28,1230,5,115.0,4;25;14;42;30,662;730;758;1163;1276
1589,1230_2021-03-01,1230,5,109.0,25;10;20;40;14,618;715;861;1110;1259
1590,1230_2021-03-02,1230,4,109.0,4;25;40;40,603;726;911;999
1591,1230_2021-03-03,1230,2,60.0,35;25,816;1209
1592,1230_2021-03-04,1230,6,184.09,13.15;11;49.49;30;55.45;25,653;653;803;803;881;881
1593,1230_2021-03-07,1230,8,212.53,17.72;14;51.57;35;17.35;19;27.89;30,715;715;863;863;935;935;1143;1143
1594,1230_2021-03-08,1230,5,84.0,35;14;5;25;5,687;943;1155;1287;1415
1595,1230_2021-03-09,1230,6,123.0,35;14;18;17;4;35,696;749;946;978;1055;1236
1596,1230_2021-03-10,1230,4,110.0,35;22;35;18,775;1021;1165;1267
1597,1230_2021-03-11,1230,5,111.0,35;14;35;7;20,716;982;1060;1179;1239
1598,1230_2021-03-12,1230,2,70.0,35;35,716;1172
1599,1239_2019-12-15,1239,5,146.0,45;25;40;6;30,491;644;732;960;1230
1600,1239_2019-12-16,1239,4,140.0,25;25;70;20,526;639;976;1163
1601,1239_2019-12-17,1239,3,134.0,34;25;75,608;884;1090
1602,1239_2019-12-18,1239,6,185.0,42;30;8;18;60;27,562;803;817;935;1020;1385
1603,1239_2019-12-19,1239,6,222.0,40;9;60;9;90;14,611;740;816;926;1095;1251
1604,1239_2019-12-20,1239,5,132.0,24;33;18;12;45,576;670;934;1048;1102
1605,1239_2019-12-21,1239,5,168.0,12;33;39;68;16,503;637;734;1096;1316
1606,1239_2019-12-22,1239,4,114.0,24;30;20;40,410;671;932;1203
1607,1239_2019-12-23,1239,5,156.0,30;29;15;24;58,383;672;753;836;1112
1608,1239_2019-12-24,1239,5,256.0,20;30;45;61;100,506;618;879;960;1118
1609,1239_2019-12-25,1239,3,55.0,13;12;30,847;1050;1290
1610,1239_2019-12-26,1239,5,126.0,26;14;15;65;6,695;966;1023;1104;1298
1611,1239_2019-12-27,1239,3,153.0,33;67;53,626;950;1106
1612,1239_2019-12-28,1239,6,255.0,30;48;45;20;30;82,412;540;695;824;994;1153
1613,1239_2019-12-29,1239,9,234.0,30;24;45;25;24;16;21;24;25,375;590;678;859;943;993;1026;1138;1239
1614,1239_2019-12-30,1239,4,85.0,25;25;13;22,718;939;1171;1197
1615,1239_2019-12-31,1239,3,100.0,50;25;25,881;1102;1128
1616,1239_2020-01-01,1239,5,143.0,28;25;25;40;25,451;864;1034;1112;1204
1617,1239_2020-01-02,1239,5,103.0,24;14;25;15;25,686;948;1109;1128;1303
1618,1239_2020-01-03,1239,5,77.0,15;15;8;14;25,456;558;732;837;1046
1619,1239_2020-01-04,1239,3,104.0,42;44;18,939;1034;1192
1620,1239_2020-01-05,1239,7,292.0,22;52;52;20;40;40;66,427;560;690;809;983;1045;1251
1621,1239_2020-01-06,1239,3,161.0,40;52;69,613;932;1130
1622,1239_2020-01-07,1239,4,149.0,44;35;40;30,425;740;1055;1084
1623,1239_2020-01-08,1239,6,136.0,23;15;15;12;23;48,555;734;869;899;941;1209
1624,1239_2020-01-09,1239,6,125.0,21;35;15;15;24;15,600;889;959;965;1159;1256
1625,1239_2020-01-10,1239,7,222.0,28;30;23;30;24;63;24,292;637;808;895;973;1191;1287
1626,1239_2020-01-11,1239,4,139.0,24;30;33;52,666;783;981;1130
1627,1243_2020-07-24,1243,4,230.0,150;40;30;10,619;831;930;1085
1628,1243_2020-07-25,1243,3,87.0,2;25;60,88;1066;1112
1629,1243_2020-07-26,1243,3,95.0,30;15;50,690;807;1051
1630,1243_2020-07-31,1243,2,80.0,40;40,662;734
1631,1243_2020-08-01,1243,3,155.0,50;5;100,813;847;1109
1632,1243_2020-08-02,1243,5,234.0,25;100;22;42;45,31;728;954;1109;1157
1633,1243_2020-08-03,1243,3,173.0,92;51;30,871;1084;1093
1634,1243_2020-08-04,1243,8,227.0,40;15;8;50;19;10;75;10,88;611;614;759;884;958;1175;1310
1635,1243_2020-08-05,1243,3,100.0,45;5;50,605;820;1028
1636,1243_2020-08-06,1243,6,212.0,20;7;60;60;25;40,50;611;798;1082;1161;1187
1637,1243_2020-08-07,1243,7,277.0,62;50;20;10;90;20;25,619;757;1119;1131;1166;1215;1261
1638,1243_2020-08-08,1243,6,260.0,15;40;100;80;15;10,564;592;795;1005;1305;1425
1639,1243_2020-08-09,1243,2,170.0,50;120,624;756
1640,1243_2020-08-10,1243,3,225.0,40;25;160,595;735;1094
1641,1243_2020-08-11,1243,2,140.0,20;120,554;791
1642,1243_2020-08-12,1243,4,230.0,25;120;25;60,701;1063;1245;1362
1643,1243_2020-08-13,1243,2,100.0,40;60,43;1102
1644,1243_2020-08-14,1243,4,163.0,24;115;12;12,695;714;899;1089
1645,1243_2020-08-15,1243,6,182.0,10;60;60;12;20;20,1;576;757;1014;1069;1122
1646,1243_2020-08-16,1243,3,192.0,60;12;120,723;954;1084
1647,1243_2020-08-18,1243,5,200.0,10;60;25;90;15,1;513;808;1034;1152
1648,1243_2020-08-19,1243,4,150.0,100;20;10;20,653;812;818;1238
1649,1243_2020-08-20,1243,4,186.0,100;25;46;15,495;759;1134;1313
1650,1247_2020-01-05,1247,6,173.51,0.97;5;7;30;95.54;35,464;464;700;700;1185;1185
1651,1247_2020-01-06,1247,8,202.66,0.65;5;3.11;35;38.84;35;40.06;45,525;525;602;602;947;947;1078;1078
1652,1247_2020-01-07,1247,8,149.1,0.97;5;9.71;30;33.74;25;21.68;23,531;531;674;674;905;905;1119;1119
1653,1247_2020-01-08,1247,5,135.0,5;30;25;45;30,300;645;715;1137;1217
1654,1247_2020-01-09,1247,6,158.0,5;30;20;35;35;33,504;647;817;953;1043;1175
1655,1247_2020-01-10,1247,4,125.0,5;45;30;45,488;585;726;1005
1656,1247_2020-01-11,1247,5,131.0,5;33;25;33;35,562;735;847;1089;1244
1657,1247_2020-01-12,1247,4,120.0,5;30;40;45,607;780;1036;1273
1658,1247_2020-01-13,1247,3,70.0,5;30;35,567;701;1042
1659,1247_2020-01-14,1247,8,298.92999999999995,3.87;5;8.14;25;105.96;18.32;87.64;45,567;567;682;682;1082;1082;1082;1082
1660,1247_2020-01-15,1247,6,141.59,0.65;5;6.57;30;49.37;50,527;527;691;691;1226;1226
1661,1247_2020-01-16,1247,4,115.0,5;30;35;45,470;699;990;1110
1662,1247_2020-01-19,1247,6,110.0,5;15;30;5;25;30,465;1010;1039;1335;1399;1410
1663,1247_2020-01-21,1247,8,283.84000000000003,0.97;5;37.31;36;35.71;45;83.85;40,362;362;671;671;771;771;998;998
1664,1247_2020-01-22,1247,5,145.0,5;40;35;40;25,390;570;848;1164;1260
1665,1247_2020-01-23,1247,5,160.0,5;45;30;25;55,431;603;664;780;1040
1666,1247_2020-01-24,1247,4,110.0,5;30;45;30,512;583;721;1091
1667,1247_2020-01-25,1247,5,130.0,5;30;25;30;40,375;550;891;1182;1260
1668,1247_2020-01-26,1247,5,144.0,5;26;35;50;28,385;633;924;1145;1265
1669,1247_2020-01-27,1247,5,147.0,5;37;25;45;35,375;611;861;982;1240
1670,1247_2020-01-28,1247,8,180.12,0.97;5;2.58;5;23.63;30;82.94;30,507;507;652;652;777;777;1168;1168
1671,1247_2020-01-29,1247,6,104.83,0.65;5;10.18;30;29;30,388;388;643;643;1136;1136
1672,1247_2020-01-30,1247,2,35.0,5;30,584;755
1673,1247_2020-01-31,1247,2,90.0,45;45,584;1050
1674,1248_2020-02-11,1248,7,205.47,47;14.78;30;25.69;25;35;28,476;735;735;879;879;1095;1116
1675,1248_2020-02-12,1248,5,203.88,35;60.88;48;10;50,506;827;827;913;1081
1676,1248_2020-02-14,1248,6,203.38,6.5;47;15.1;35;52.78;47,494;494;757;757;1129;1129
1677,1248_2020-02-15,1248,3,142.0,47;50;45,624;818;1260
1678,1248_2020-02-16,1248,3,139.0,47;42;50,537;768;1089
1679,1248_2020-02-17,1248,3,137.0,47;45;45,543;766;1066
1680,1248_2020-02-18,1248,4,264.02,27.75;52;114.27;70,541;541;1071;1071
1681,1248_2020-02-19,1248,6,211.56,6.51;47;10.17;45;55.88;47,588;588;817;817;1098;1098
1682,1248_2020-02-20,1248,6,256.42,8.74;47;35.34;55;63.34;47,496;496;785;785;1160;1160
1683,1248_2020-02-21,1248,6,242.4,2.06;45;69.82;46;34.52;45,555;555;814;814;1087;1087
1684,1248_2020-02-22,1248,3,118.0,46;42;30,566;843;1090
1685,1248_2020-02-23,1248,3,126.0,46;35;45,557;733;1069
1686,1248_2020-02-24,1248,3,142.0,52;44;46,517;760;1097
1687,1248_2020-02-25,1248,3,134.0,46;43;45,506;716;1070
1688,1248_2020-02-26,1248,6,272.3,3.34;46;30.74;46;91.22;55,498;498;784;784;1035;1035
1689,1248_2020-02-27,1248,6,290.44,4.26;50;19.33;42;114.85;60,585;585;742;742;1127;1127
1690,1248_2020-02-28,1248,2,80.0,50;30,596;1211
1691,1248_2020-02-29,1248,2,92.0,46;46,514;1170
1692,1248_2020-03-01,1248,2,83.0,47;36,639;1100
1693,1248_2020-03-02,1248,2,75.0,45;30,430;1136
1694,1248_2020-03-03,1248,2,40.0,5;35,856;1080
1695,1248_2020-03-04,1248,2,98.0,46;52,429;1080
1696,1248_2020-03-05,1248,3,144.0,47;42;55,457;772;1028
1697,1248_2020-03-06,1248,3,152.0,47;45;60,571;744;1020
1698,1248_2020-03-07,1248,6,329.5,6.51;47;53.79;47;115.2;60,502;502;870;870;1121;1121
1699,1248_2020-03-08,1248,6,321.19,14.09;47;17.06;43;145.04;55,513;513;744;744;1093;1093
1700,1248_2020-03-09,1248,2,92.0,47;45,540;1132
1701,1249_2021-04-13,1249,4,241.43,28.4;55;63.03;95,695;695;985;985
1702,1249_2021-04-14,1249,4,56.05,11.05;10;25;10,577;577;845;1229
1703,1249_2021-04-15,1249,6,164.15,11.32;5;37.74;45;20.09;45,583;583;741;741;922;922
1704,1249_2021-04-16,1249,4,140.73000000000002,21.37;55;19.36;45,649;649;821;821
1705,1249_2021-04-17,1249,2,215.0,65;150,570;1000
1706,1249_2021-04-18,1249,1,58.0,58,731
1707,1249_2021-04-20,1249,2,150.0,95;55,718;1164
1708,1249_2021-04-21,1249,1,55.0,55,870
1709,1249_2021-04-22,1249,1,105.0,105,508
1710,1249_2021-04-23,1249,4,315.0,95;45;20;155,527;826;982;1115
1711,1249_2021-04-24,1249,4,285.0,105;75;10;95,442;690;1063;1294
1712,1249_2021-04-25,1249,2,180.0,65;115,542;1098
1713,1249_2021-04-26,1249,1,115.0,115,904
1714,1249_2021-04-27,1249,1,35.0,35,1254
1715,1249_2021-04-28,1249,1,65.0,65,906
1716,1249_2021-04-29,1249,3,325.0,115;95;115,518;715;1154
1717,1249_2021-04-30,1249,1,115.0,115,950
1718,1249_2021-05-01,1249,2,315.0,115;200,572;1143
1719,1249_2021-05-02,1249,1,155.0,155,724
1720,1249_2021-05-03,1249,2,170.0,55;115,757;1264
1721,1249_2021-05-05,1249,2,110.0,35;75,733;1069
1722,1249_2021-05-06,1249,3,185.0,55;55;75,451;728;1095
1723,1249_2021-05-07,1249,2,143.0,88;55,752;1227
1724,1249_2021-05-08,1249,2,100.0,45;55,442;748
1725,1249_2021-05-09,1249,1,75.0,75,1227
1726,1249_2021-05-10,1249,2,93.97,48.97;45,780;780
1727,1250_2020-03-19,1250,5,219.0,52;10;48;56;53,677;779;854;1130;1307
1728,1250_2020-03-20,1250,4,158.0,65;38;15;40,495;650;882;1099
1729,1250_2020-03-21,1250,6,258.0,40;45;60;48;5;60,62;573;835;904;1140;1272
1730,1250_2020-03-22,1250,5,244.0,46;50;28;50;70,680;762;973;1149;1254
1731,1250_2020-03-25,1250,8,316.0,15;26;40;60;45;25;20;85,97;613;856;890;1134;1161;1290;1354
1732,1250_2020-03-28,1250,5,231.0,55;50;40;52;34,670;932;1032;1213;1238
1733,1250_2020-03-29,1250,5,174.0,40;40;40;40;14,552;738;956;1198;1295
1734,1250_2020-03-30,1250,3,186.0,70;38;78,782;826;1189
1735,1250_2020-03-31,1250,5,191.0,55;45;48;25;18,654;945;1204;1240;1400
1736,1250_2020-04-01,1250,5,257.0,40;45;90;34;48,607;786;889;1136;1323
1737,1250_2020-04-02,1250,7,194.0,5;50;15;34;20;34;36,673;834;867;1071;1096;1107;1395
1738,1250_2020-04-03,1250,6,241.0,20;44;60;48;33;36,131;606;761;852;1170;1359
1739,1250_2020-04-04,1250,5,211.0,16;20;90;10;75,44;630;751;1026;1182
1740,1250_2020-04-05,1250,3,106.0,40;50;16,732;1104;1343
1741,1250_2020-04-06,1250,4,183.0,45;48;40;50,595;732;921;1022
1742,1250_2020-04-07,1250,5,220.0,40;58;25;52;45,11;703;920;1046;1270
1743,1250_2020-04-08,1250,7,339.0,44;40;50;48;45;65;47,647;756;876;1049;1194;1315;1424
1744,1250_2020-04-09,1250,5,266.0,40;48;58;60;60,686;915;1100;1182;1319
1745,1250_2020-04-10,1250,6,314.0,77;45;48;22;62;60,607;727;880;919;1168;1267
1746,1250_2020-04-11,1250,4,141.0,40;15;60;26,728;909;1131;1202
1747,1250_2020-04-12,1250,5,248.0,40;53;45;74;36,559;733;991;1113;1437
1748,1250_2020-04-13,1250,3,165.0,20;80;65,588;791;1125
1749,1250_2020-04-14,1250,4,151.0,48;10;70;23,652;840;1087;1300
1750,1250_2020-04-15,1250,7,140.0,44;20;30;5;5;10;26,502;724;978;1125;1183;1194;1330
1751,1253_2021-04-10,1253,8,123.0,5;35;5;30;15;10;8;15,582;615;721;779;1071;1153;1176;1214
1752,1253_2021-04-11,1253,8,154.0,25;5;32;21;13;5;45;8,520;689;823;836;1101;1156;1167;1238
1753,1253_2021-04-12,1253,6,104.0,20;11;15;13;35;10,490;498;679;1011;1171;1247
1754,1253_2021-04-13,1253,8,120.0,23;2;25;22;10;13;5;20,478;568;715;825;835;1093;1133;1164
1755,1253_2021-04-14,1253,6,106.0,22;5;25;23;13;18,411;533;643;879;1092;1173
1756,1253_2021-04-15,1253,8,121.0,23;15;5;22;15;13;20;8,484;486;496;742;865;1095;1177;1185
1757,1253_2021-04-16,1253,8,142.0,23;25;10;5;11;28;25;15,439;524;685;716;967;1126;1171;1262
1758,1253_2021-04-18,1253,7,122.0,23;5;25;24;15;15;15,452;556;651;772;1019;1029;1182
1759,1253_2021-04-20,1253,8,152.0,22;14;5;55;13;16;15;12,487;574;584;830;1092;1126;1217;1243
1760,1253_2021-04-21,1253,9,187.0,22;21;30;50;21;10;13;10;10,441;527;647;828;1020;1133;1146;1168;1178
1761,1253_2021-04-22,1253,7,162.0,23;22;35;12;15;27;28,472;625;720;1001;1034;1065;1260
1762,1253_2021-04-23,1253,6,111.0,23;35;10;20;13;10,375;541;711;1039;1060;1186
1763,1253_2021-04-24,1253,6,86.0,23;5;15;13;15;15,438;498;692;1055;1108;1212
1764,1253_2021-04-25,1253,7,149.95,23;22;30;15;35;4.95;20,372;386;550;660;818;1140;1140
1765,1253_2021-04-26,1253,9,161.0,12;15;12;15;20;15;12;30;30,508;590;724;792;966;968;1049;1117;1180
1766,1253_2021-04-27,1253,9,180.0,22;25;22;22;15;13;22;25;14,467;508;633;672;787;1100;1114;1166;1241
1767,1253_2021-04-28,1253,7,132.0,23;23;15;13;15;22;21,374;556;917;1132;1194;1241;1266
1768,1253_2021-04-29,1253,6,128.0,23;30;15;20;28;12,382;539;766;893;1100;1166
1769,1253_2021-05-02,1253,6,168.26,11.34;23;8.61;22;73.31;30,216;216;302;302;886;886
1770,1253_2021-05-03,1253,2,55.0,30;25,705;1024
1771,1253_2021-05-04,1253,3,73.0,50;10;13,527;850;1105
1772,1253_2021-05-06,1253,6,131.0,12;35;28;10;11;35,402;536;853;857;1032;1144
1773,1253_2021-05-07,1253,4,85.0,13;20;12;40,589;1011;1046;1161
1774,1255_2020-08-30,1255,8,147.0,10;12;22;5;16;36;18;28,357;456;776;840;928;1097;1116;1147
1775,1255_2020-08-31,1255,9,160.0,10;12;21;22;24;16;35;5;15,467;509;578;755;805;995;1043;1075;1108
1776,1255_2020-09-02,1255,8,112.0,10;12;26;10;16;12;4;22,390;411;608;739;865;909;952;1112
1777,1255_2020-09-04,1255,8,107.0,10;16;1;25;20;15;10;10,364;421;582;767;779;991;1150;1156
1778,1255_2020-09-05,1255,6,135.0,10;33;21;20;24;27,308;471;594;751;843;1095
1779,1255_2020-09-06,1255,7,138.0,10;33;30;35;5;15;10,330;460;780;1033;1040;1102;1158
1780,1255_2020-09-07,1255,7,178.0,8;10;30;20;34;56;20,384;397;504;885;987;1185;1249
1781,1255_2020-09-08,1255,7,106.0,30;1;16;5;25;10;19,481;819;843;932;1001;1085;1192
1782,1255_2020-09-09,1255,7,114.0,19;9;19;8;13;26;20,441;509;655;733;1038;1072;1153
1783,1255_2020-09-10,1255,9,161.0,10;31;19;8;30;13;4;27;19,322;458;585;705;846;1052;1066;1083;1241
1784,1255_2020-09-11,1255,9,165.0,10;20;21;16;20;13;25;10;30,360;441;555;694;778;882;896;1074;1109
1785,1255_2020-09-12,1255,9,129.0,10;33;14;10;20;5;17;10;10,339;484;591;708;835;874;1035;1174;1231
1786,1255_2020-09-13,1255,9,155.0,18;27;4;30;17;10;9;20;20,486;610;747;749;758;866;988;1061;1153
1787,1255_2020-09-14,1255,6,152.0,30;21;23;40;18;20,512;692;821;981;1035;1162
1788,1255_2020-09-16,1255,9,162.0,10;30;17;5;25;16;5;44;10,315;405;643;660;796;1016;1033;1085;1158
1789,1255_2020-09-17,1255,7,162.0,10;30;30;13;20;39;20,358;453;680;767;914;1096;1191
1790,1255_2020-09-18,1255,8,103.0,10;30;10;15;13;5;10;10,320;412;748;799;868;943;1112;1134
1791,1255_2020-09-19,1255,5,85.0,10;15;20;20;20,356;440;753;762;1046
1792,1255_2020-09-20,1255,8,119.0,15;10;4;30;4;6;30;20,120;341;397;456;604;982;1109;1169
1793,1255_2020-09-21,1255,8,138.0,10;4;12;21;26;16;15;34,366;426;581;718;881;890;904;1183
1794,1255_2020-09-22,1255,7,129.0,10;20;25;10;16;33;15,385;526;675;929;944;1086;1104
1795,1255_2020-09-23,1255,7,107.0,10;15;10;15;12;15;30,338;387;694;698;865;1065;1083
1796,1255_2020-09-24,1255,9,172.0,10;30;20;25;25;30;15;2;15,330;427;617;696;881;1025;1123;1128;1154
1797,1255_2020-09-25,1255,9,150.0,10;30;10;30;20;15;5;15;15,419;571;726;782;844;859;964;998;1190
1798,1255_2020-09-26,1255,5,130.0,10;30;30;40;20,440;515;708;882;1141
1799,1257_2019-07-28,1257,9,311.69,21.38;21;56.11;45;109.62;30;16.05;8;4.53,611;611;790;790;1070;1070;1285;1285;1305
1800,1257_2019-07-29,1257,7,126.0,21;10;30;15;10;20;20,618;795;823;830;876;1050;1059
1801,1257_2019-08-01,1257,4,131.0,55;21;40;15,570;780;1065;1321
1802,1257_2019-08-02,1257,7,156.0,10;21;15;20;20;45;25,570;775;835;888;928;1049;1140
1803,1257_2019-08-05,1257,5,179.0,21;45;18;60;35,594;730;911;1081;1423
1804,1257_2019-08-08,1257,6,128.0,21;30;20;18;30;9,639;735;828;885;1033;1303
1805,1257_2019-08-09,1257,8,211.0,21;18;20;15;28;45;9;55,495;734;771;975;998;1072;1178;1215
1806,1257_2019-08-12,1257,5,100.0,21;20;20;30;9,628;877;905;1065;1311
1807,1257_2019-08-13,1257,4,133.0,21;45;22;45,587;774;930;1045
1808,1257_2019-08-14,1257,5,158.0,60;45;20;24;9,512;750;1010;1089;1348
1809,1257_2019-08-15,1257,6,110.0,20;17;17;17;30;9,510;650;670;737;1047;1330
1810,1257_2019-08-16,1257,4,105.0,18;25;17;45,730;749;920;1095
1811,1257_2019-08-19,1257,7,197.0,21;26;18;36;50;26;20,480;730;820;941;1060;1299;1426
1812,1257_2019-08-20,1257,5,148.0,23;40;20;45;20,589;800;893;1071;1376
1813,1257_2019-08-21,1257,4,119.0,45;40;25;9,725;810;1067;1230
1814,1257_2019-08-22,1257,6,163.0,21;48;20;30;22;22,572;750;888;1247;1253;1285
1815,1257_2019-08-23,1257,7,169.0,30;29;20;15;30;15;30,480;824;957;980;1075;1090;1235
1816,1261_2020-08-03,1261,8,242.19,38.19;30;4.82;15;29.3;40;39.88;45,593;593;691;691;824;824;1174;1174
1817,1261_2020-08-04,1261,4,149.04000000000002,43.46;30;35.58;40,487;487;1074;1074
1818,1261_2020-08-05,1261,2,85.0,30;55,601;1149
1819,1261_2020-08-06,1261,1,40.0,40,708
1820,1261_2020-08-08,1261,6,283.35,35.74;35;50.65;38;48.96;75,663;663;779;779;1067;1067
1821,1261_2020-08-09,1261,6,179.23000000000002,2.09;5;13.44;10;88.7;60,566;566;890;890;1032;1032
1822,1261_2020-08-11,1261,3,61.0,12;24;25,636;841;1200
1823,1261_2020-08-15,1261,8,299.17,54.22;45;24.16;25;25.3;30;40.49;55,567;567;737;737;892;892;1182;1182
1824,1261_2020-08-16,1261,8,261.6,23.91;35;22.21;40;53.15;20;22.33;45,614;614;792;792;923;923;1222;1222
1825,1261_2020-08-17,1261,3,85.0,5;30;50,701;974;1171
1826,1261_2020-08-18,1261,4,145.0,30;35;30;50,516;798;963;1324
1827,1261_2020-08-25,1261,4,110.0,30;25;30;25,670;689;938;1285
1828,1261_2020-08-26,1261,2,90.0,40;50,632;816
1829,1261_2020-08-27,1261,6,170.01999999999998,48.97;50;21.19;35;9.86;5,772;772;933;933;1247;1247
1830,1261_2020-08-28,1261,6,96.53,11.23;25;2.34;5;27.96;25,672;672;730;730;1114;1114
1831,1261_2020-08-29,1261,4,100.0,28;22;15;35,609;794;1075;1107
1832,1261_2020-08-30,1261,4,125.0,30;30;30;35,655;765;1082;1175
1833,1265_2020-05-21,1265,4,130.0,20;50;45;15,535;722;1105;1203
1834,1265_2020-05-22,1265,3,110.0,25;35;50,497;752;1234
1835,1265_2020-05-23,1265,4,140.0,30;50;10;50,543;875;1003;1156
1836,1265_2020-05-24,1265,4,145.0,35;30;25;55,524;791;946;1185
1837,1265_2020-05-26,1265,5,125.0,25;30;10;40;20,596;816;1066;1111;1414
1838,1265_2020-05-27,1265,3,85.0,20;20;45,549;898;1077
1839,1265_2020-05-28,1265,8,204.57999999999998,19.12;25;13.17;20;36.16;13.52;22.61;55,596;596;789;789;1120;1120;1120;1120
1840,1265_2020-05-29,1265,5,118.92000000000002,20.87;45;6.62;21.43;25,523;523;783;1177;1177
1841,1265_2020-05-30,1265,4,135.0,30;50;25;30,502;702;703;1148
1842,1265_2020-05-31,1265,4,153.0,35;35;33;50,480;683;697;1065
1843,1265_2020-06-01,1265,8,199.29000000000002,43.12;30;23.75;10;28.45;25;3.97;35,461;461;609;609;657;657;1081;1081
1844,1265_2020-06-02,1265,8,290.89,19.36;40;19.23;30;76.97;50;35.33;20,409;409;677;677;1114;1114;1310;1310
1845,1265_2020-06-03,1265,4,125.0,35;30;10;50,547;741;1078;1099
1846,1265_2020-06-04,1265,7,233.82999999999998,52.68;25;24.27;28;20;48.88;35,495;495;765;765;875;1158;1158
1847,1265_2020-06-06,1265,4,135.0,35;30;35;35,480;728;1075;1221
1848,1265_2020-06-07,1265,3,95.0,30;35;30,426;720;1193
1849,1265_2020-06-08,1265,4,145.0,35;45;45;20,390;660;1095;1253
1850,1265_2020-06-09,1265,3,100.0,35;35;30,413;660;1118
1851,1265_2020-06-10,1265,3,115.0,30;40;45,581;840;1099
1852,1265_2020-06-13,1265,4,105.0,25;35;10;35,390;660;825;1110
1853,1265_2020-06-14,1265,3,120.0,40;40;40,384;705;1161
1854,1265_2020-06-15,1265,4,120.0,40;10;40;30,440;633;690;1307
1855,1265_2020-06-16,1265,6,175.0,20;15;30;40;30;40,390;475;615;975;976;1173
1856,1265_2020-06-17,1265,3,130.0,50;50;30,583;1186;1277
1857,1266_2020-08-16,1266,6,291.88,61.88;40;60;65;20;45,585;585;711;883;1235;1344
1858,1266_2020-08-20,1266,4,195.0,60;26;30;79,685;990;1105;1201
1859,1266_2020-08-21,1266,2,98.0,48;50,790;952
1860,1266_2020-08-22,1266,2,95.0,35;60,720;1000
1861,1266_2020-08-23,1266,2,80.0,50;30,632;1174
1862,1266_2020-08-24,1266,4,225.0,50;50;95;30,570;735;1101;1336
1863,1266_2020-08-25,1266,8,279.74,29.26;30;38.92;32;30.07;50;19.49;50,802;802;1110;1110;1125;1125;1299;1299
1864,1266_2020-08-26,1266,8,220.32999999999998,41.54;50;0.16;5;23.73;30;24.9;45,625;625;718;718;930;930;1188;1188
1865,1266_2020-08-27,1266,2,215.0,90;125,720;1020
1866,1266_2020-08-28,1266,4,195.0,70;45;50;30,625;823;891;1177
1867,1266_2020-08-31,1266,3,165.0,60;60;45,600;860;1091
1868,1266_2020-09-01,1266,3,240.0,60;60;120,515;750;1260
1869,1266_2020-09-02,1266,3,160.0,40;60;60,755;930;1296
1870,1266_2020-09-03,1266,4,236.0,36;65;60;75,720;757;932;1213
1871,1266_2020-09-04,1266,4,150.0,25;45;20;60,480;810;870;1125
1872,1266_2020-09-05,1266,6,307.83,66.5;85;24.32;60;40.01;32,677;677;930;930;1369;1369
1873,1266_2020-09-07,1266,3,150.0,30;45;75,690;825;1114
1874,1266_2020-09-08,1266,4,178.0,45;5;55;73,645;720;855;1253
1875,1266_2020-09-09,1266,4,180.0,60;20;55;45,625;705;1020;1171
1876,1266_2020-09-12,1266,3,145.0,40;45;60,530;1060;1231
1877,127_2019-12-27,127,5,147.0,45;25;30;12;35,456;882;901;1028;1110
1878,127_2019-12-30,127,5,135.0,50;25;25;15;20,458;814;957;1266;1282
1879,127_2019-12-31,127,6,142.0,50;5;22;25;15;25,491;649;834;858;1336;1372
1880,127_2020-01-03,127,6,156.0,50;5;30;26;20;25,381;448;736;768;1193;1304
1881,127_2020-01-04,127,7,225.0,45;25;20;40;30;30;35,483;590;772;850;930;1114;1160
1882,127_2020-01-06,127,8,238.48,28.57;25;5.08;5;55.88;40;48.95;30,434;434;670;670;979;979;1220;1220
1883,127_2020-01-07,127,6,165.0,40;30;20;25;25;25,487;715;844;984;1103;1182
1884,127_2020-01-08,127,5,115.0,45;5;25;20;20,520;729;861;1229;1335
1885,127_2020-01-09,127,4,95.0,20;20;30;25,480;870;1098;1324
1886,127_2020-01-10,127,3,110.0,20;50;40,456;824;1195
1887,127_2020-01-11,127,5,135.0,50;35;15;25;10,603;885;1192;1267;1280
1888,127_2020-01-14,127,5,176.0,50;50;25;25;26,470;847;902;1194;1304
1889,127_2020-01-15,127,5,115.0,25;25;25;20;20,467;1010;1145;1185;1357
1890,127_2020-01-16,127,6,167.0,5;50;30;5;15;62,511;576;738;949;1020;1165
1891,127_2020-01-17,127,5,132.0,55;25;4;23;25,577;651;985;1004;1214
1892,127_2020-01-20,127,4,130.0,60;20;20;30,580;840;1144;1310
1893,127_2020-01-21,127,6,140.0,45;5;45;5;35;5,440;710;823;872;1202;1324
1894,1271_2020-05-06,1271,3,86.0,40;6;40,496;864;1297
1895,1271_2020-05-07,1271,3,175.0,45;50;80,840;1143;1260
1896,1271_2020-05-10,1271,3,200.0,30;90;80,484;1197;1351
1897,1271_2020-05-11,1271,6,347.65,94.13;50;45.21;40;78.31;40,488;488;863;863;1438;1438
1898,1271_2020-05-13,1271,4,300.0,100;70;50;80,494;675;1207;1335
1899,1271_2020-05-14,1271,3,160.0,40;60;60,579;846;1330
1900,1271_2020-05-16,1271,6,256.78,34.28;40;48.38;40;44.12;50,520;520;816;816;1209;1209
1901,1271_2020-05-20,1271,3,170.0,60;60;50,446;808;1080
1902,1271_2020-05-21,1271,3,128.0,80;40;8,496;720;1296
1903,1271_2020-05-22,1271,4,144.0,40;60;40;4,490;661;928;1098
1904,1271_2020-05-23,1271,2,75.0,5;70,463;720
1905,1271_2020-05-24,1271,4,280.0,60;100;60;60,540;886;1326;1420
1906,1271_2020-05-27,1271,4,270.0,50;80;70;70,18;563;740;1112
1907,1271_2020-05-28,1271,2,130.0,50;80,1196;1240
1908,1271_2020-05-29,1271,2,120.0,60;60,617;900
1909,1271_2020-05-30,1271,2,140.0,60;80,657;1106
1910,1271_2020-05-31,1271,3,180.0,70;30;80,667;855;1005
1911,1273_2020-10-24,1273,4,87.87,13.87;40;21;13,550;550;787;1080
1912,1273_2020-10-25,1273,4,59.0,8;27;20;4,662;795;1096;1201
1913,1273_2020-10-26,1273,8,318.35,20.95;7;44.02;29;85.61;80;25.77;26,604;604;772;772;1106;1106;1128;1128
1914,1273_2020-10-27,1273,5,100.14,15;28;22.14;15;20,622;827;990;990;1115
1915,1273_2020-10-28,1273,5,83.0,15;19;20;27;2,382;498;746;1114;1200
1916,1273_2020-10-29,1273,3,51.0,20;10;21,611;778;1105
1917,1273_2020-10-30,1273,3,39.0,16;8;15,470;685;780
1918,1273_2020-10-31,1273,6,211.45,2.21;5;65.48;39;69.76;30,630;630;888;888;1096;1096
1919,1273_2020-11-01,1273,8,266.74,16.41;17;19.3;42;66.37;52;41.66;12,494;494;778;778;1117;1117;1139;1139
1920,1273_2020-11-02,1273,6,180.06,30.37;19;56.44;50;7.25;17,469;469;715;715;1116;1116
1921,1273_2020-11-03,1273,6,154.12,7.3;8;33.18;35;20.64;50,484;484;875;875;1075;1075
1922,1273_2020-11-04,1273,3,95.0,16;34;45,554;838;1089
1923,1273_2020-11-05,1273,4,157.0,22;15;60;60,405;629;1080;1110
1924,1273_2020-11-06,1273,4,118.0,63;15;20;20,668;1054;1109;1307
1925,1273_2020-11-07,1273,8,322.08,25.38;21;62.94;61;44.89;15;56.87;35,483;483;776;776;949;949;1100;1100
1926,1273_2020-11-08,1273,6,66.87,16.32;15;5.88;6;11.67;12,599;599;775;775;1098;1098
1927,1273_2020-11-09,1273,4,69.0,12;30;12;15,543;677;850;1104
1928,1273_2020-11-10,1273,2,35.0,15;20,516;1080
1929,1273_2020-11-11,1273,3,70.0,29;21;20,636;909;1046
1930,1273_2020-11-12,1273,3,67.0,24;15;28,542;731;1120
1931,1273_2020-11-13,1273,3,81.0,13;43;25,435;727;1037
1932,1273_2020-11-14,1273,6,229.23000000000002,43.47;28;32.45;18;72.31;35,470;470;703;703;1066;1066
1933,1273_2020-11-16,1273,3,104.0,19;40;45,505;693;1032
1934,1273_2020-11-17,1273,2,98.0,23;75,530;1105
1935,1273_2020-11-18,1273,5,122.0,25;12;18;12;55,526;764;785;804;1012
1936,1273_2020-11-19,1273,5,101.0,23;19;16;25;18,533;711;967;1113;1311
1937,1273_2020-11-20,1273,2,54.0,29;25,482;1045
1938,1281_2019-08-31,1281,8,198.8,52.87;30;17.56;20;14.95;15;33.42;15,495;495;763;763;1055;1055;1085;1085
1939,1281_2019-09-01,1281,8,304.45,14.16;30;15.52;15;89.89;21.21;68.67;50,444;444;705;705;1032;1032;1032;1032
1940,1281_2019-09-02,1281,3,90.0,30;30;30,459;731;1022
1941,1281_2019-09-03,1281,3,60.0,15;30;15,615;705;1185
1942,1281_2019-09-04,1281,4,125.0,30;30;45;20,480;720;1058;1155
1943,1281_2019-09-07,1281,8,282.13,94.99;45;34.84;30;28.65;10;18.65;20,444;444;703;703;722;722;1123;1123
1944,1281_2019-09-08,1281,6,152.18,29.36;36;30.95;20;15.87;20,465;465;700;700;1035;1035
1945,1281_2019-09-09,1281,4,123.0,38;20;20;45,450;701;840;1100
1946,1281_2019-09-10,1281,4,121.0,36;10;30;45,530;598;720;1110
1947,1281_2019-09-11,1281,4,98.0,38;20;30;10,475;731;1048;1122
1948,1281_2019-09-12,1281,6,186.04,31.57;36;21.5;20;46.97;30,461;461;697;697;1067;1067
1949,1281_2019-09-13,1281,6,146.97,28.18;36;8.85;20;23.94;30,468;468;698;698;1080;1080
1950,1281_2019-09-14,1281,4,111.0,36;35;25;15,416;707;1095;1153
1951,1281_2019-09-15,1281,4,90.0,15;20;40;15,735;812;1004;1140
1952,1281_2019-09-16,1281,4,115.0,30;30;40;15,483;810;1050;1113
1953,1281_2019-09-17,1281,4,113.0,30;40;25;18,556;730;1050;1111
1954,1281_2019-09-18,1281,4,95.0,25;35;20;15,656;735;1042;1191
1955,1281_2019-09-19,1281,8,167.16,16.25;25;13.12;15;27.11;20;30.68;20,424;424;735;735;773;773;1065;1065
1956,1281_2019-09-21,1281,3,75.0,30;15;30,484;712;1086
1957,1281_2019-09-22,1281,3,80.0,30;20;30,465;711;1072
1958,1281_2019-09-23,1281,5,120.0,30;25;10;40;15,562;703;828;1080;1194
1959,1281_2019-09-24,1281,3,110.0,30;40;40,540;713;1083
1960,1281_2019-09-25,1281,2,75.0,45;30,466;740
1961,1283_2020-05-02,1283,8,235.55,10.52;15;43.96;35;11.34;25;44.73;50,587;587;865;865;1114;1114;1168;1168
1962,1283_2020-05-06,1283,8,198.38,5.26;15;34.01;29;19.54;50;15.57;30,507;507;641;641;911;911;1236;1236
1963,1283_2020-05-08,1283,6,167.56,5.26;15;58.67;30;28.63;30,688;688;820;820;1053;1053
1964,1283_2020-05-09,1283,8,345.22,69.29;29.33;39.96;75;15.95;16;54.69;45,672;672;672;672;851;851;1155;1155
1965,1283_2020-05-10,1283,3,116.0,45;50;21,707;1045;1248
1966,1283_2020-05-11,1283,4,156.0,35;40;60;21,570;735;1135;1332
1967,1283_2020-05-13,1283,4,282.09,68.08;95;49.01;70,750;750;1178;1178
1968,1283_2020-05-14,1283,4,116.0,15;30;21;50,557;685;912;1098
1969,1283_2020-05-15,1283,6,272.04,6.83;15;58.34;50;71.87;70,582;582;721;721;1175;1175
1970,1283_2020-05-16,1283,6,288.54,49.12;70;59.71;8.51;51.2;50,740;740;1265;1265;1265;1265
1971,1283_2020-05-17,1283,4,150.0,15;40;70;25,565;627;967;1200
1972,1283_2020-05-18,1283,4,185.0,15;90;40;40,500;734;990;1202
1973,1283_2020-05-21,1283,3,155.0,15;70;70,360;665;1201
1974,1283_2020-05-22,1283,2,50.0,35;15,700;1245
1975,1283_2020-05-23,1283,6,230.29,38.41;60;1.71;15;55.17;60,390;390;529;529;667;667
1976,1283_2020-05-24,1283,4,197.7,65.03;60;37.67;35,749;749;1090;1090
1977,1283_2020-05-25,1283,3,115.0,30;15;70,1067;1248;1417
1978,1283_2020-05-26,1283,1,70.0,70,1156
1979,1283_2020-05-27,1283,1,60.0,60,1069
1980,1286_2020-08-07,1286,4,31.0,15;6;4;6,540;754;1019;1281
1981,1286_2020-08-14,1286,6,145.88,25.65;11;45.9;12;39.33;12,576;576;798;798;1149;1149
1982,1286_2020-08-15,1286,8,196.74,24.48;11;62.95;15.78;47.17;10;18.36;7,387;387;752;752;752;752;1127;1127
1983,1286_2020-08-18,1286,9,157.25,25.06;12;32.48;8;51.09;5;3.87;14.75;5,385;385;748;748;939;939;1092;1216;1216
1984,1286_2020-08-19,1286,5,31.0,11;11;5;2;2,389;769;1087;1276;1336
1985,1286_2020-08-20,1286,4,30.0,1;11;6;12,562;591;876;1088
1986,1286_2020-08-22,1286,4,32.0,1;12;10;9,366;393;833;1085
1987,1286_2020-08-27,1286,4,39.0,16;11;10;2,628;801;1109;1308
1988,1286_2020-08-28,1286,4,31.0,11;13;4;3,570;870;970;1267
1989,1286_2020-08-29,1286,8,121.32,25.13;0.13;25;11;32.58;5;17.48;5,546;546;546;546;753;753;1144;1144
1990,1286_2020-08-31,1286,3,37.0,11;10;16,395;829;1110
1991,1287_2020-10-14,1287,1,140.0,140,600
1992,1291_2020-02-14,1291,4,119.0,30;24;40;25,532;758;1066;1197
1993,1291_2020-02-15,1291,3,99.0,24;40;35,518;756;1090
1994,1291_2020-02-16,1291,5,126.0,40;30;16;25;15,563;767;909;1065;1156
1995,1291_2020-02-17,1291,5,129.0,25;28;21;35;20,553;744;837;1044;1211
1996,1291_2020-02-18,1291,5,129.0,30;38;23;26;12,527;728;959;1102;1165
1997,1291_2020-02-19,1291,4,88.0,25;23;20;20,547;767;910;1113
1998,1291_2020-02-20,1291,3,83.0,24;35;24,585;840;1051
1999,1291_2020-02-23,1291,3,60.0,20;30;10,662;774;1127
2000,1291_2020-02-24,1291,2,45.0,25;20,575;838
2001,1291_2020-02-25,1291,3,92.0,39;38;15,528;788;1260
2002,1291_2020-02-26,1291,4,75.0,35;10;20;10,474;745;851;1118
2003,1291_2020-02-27,1291,5,103.0,18;24;18;33;10,550;742;821;978;1125
2004,1291_2020-02-28,1291,3,75.0,25;15;35,523;767;1116
2005,1291_2020-02-29,1291,1,30.0,30,563
2006,1291_2020-03-01,1291,4,73.0,20;8;30;15,518;748;1085;1152
2007,1291_2020-03-02,1291,3,64.0,20;26;18,580;741;858
2008,1291_2020-03-03,1291,4,126.0,30;40;35;21,588;799;1060;1250
2009,1291_2020-03-04,1291,4,99.0,35;24;20;20,515;770;935;1099
2010,1291_2020-03-05,1291,4,108.0,24;35;25;24,518;743;901;1069
2011,1291_2020-03-06,1291,5,115.0,30;10;20;25;30,524;726;974;1065;1125
2012,1291_2020-03-07,1291,4,103.0,30;25;33;15,588;944;1096;1145
2013,1291_2020-03-08,1291,4,90.0,30;30;15;15,540;758;970;1082
2014,1291_2020-03-09,1291,3,88.0,28;30;30,475;774;1122
2015,1291_2020-03-10,1291,8,182.8,42.57;25;15.17;24;34.36;15;6.7;20,525;525;746;746;1073;1073;1219;1219
2016,1291_2020-03-11,1291,6,231.76,41.96;27;34.69;45;55.11;28,539;539;776;776;1076;1076
2017,1291_2020-03-12,1291,5,127.0,30;35;12;35;15,641;792;944;1063;1143
2018,1292_2019-07-31,1292,5,124.0,30;7;22;30;35,576;723;731;922;1081
2019,1292_2019-08-01,1292,6,176.0,18;40;28;35;35;20,547;734;743;896;1083;1267
2020,1292_2019-08-02,1292,3,88.0,33;30;25,488;749;1084
2021,1292_2019-08-03,1292,4,85.0,20;12;35;18,745;1001;1093;1245
2022,1292_2019-08-04,1292,7,167.0,30;50;18;20;20;20;9,539;755;947;1093;1109;1304;1423
2023,1292_2019-08-08,1292,7,212.93,30;33.79;35;24.39;19;30.75;40,535;720;720;903;903;1105;1105
2024,1292_2019-08-09,1292,5,132.0,25;12;30;25;40,512;735;743;914;1086
2025,1292_2019-08-10,1292,5,140.0,18;45;20;35;22,546;728;943;1118;1416
2026,1292_2019-08-11,1292,5,165.0,35;35;25;50;20,566;721;959;1095;1195
2027,1292_2019-08-12,1292,4,115.0,25;25;20;45,550;730;904;1089
2028,1292_2019-08-13,1292,6,115.0,20;15;18;12;20;30,462;812;821;981;1077;1180
2029,1292_2019-08-14,1292,5,128.0,15;38;22;25;28,509;735;908;1084;1259
2030,1292_2019-08-15,1292,4,121.0,34;22;45;20,726;948;1072;1219
2031,1292_2019-08-16,1292,5,143.0,25;40;18;40;20,553;723;882;1081;1264
2032,1292_2019-08-17,1292,4,85.0,8;30;22;25,603;724;1053;1288
2033,1292_2019-08-18,1292,7,256.47,41.14;25;22;64.16;9.02;55.15;40,728;728;859;1116;1116;1116;1116
2034,1292_2019-08-19,1292,9,344.92,47.18;21;40;46.44;35;65.9;50;21.4;18,545;545;715;1084;1084;1230;1230;1381;1381
2035,1292_2019-08-20,1292,4,115.0,28;22;35;30,726;909;1087;1231
2036,1292_2019-08-21,1292,4,131.0,35;38;18;40,564;717;880;1088
2037,1292_2019-08-22,1292,4,112.0,28;40;24;20,565;724;903;1068
2038,1292_2019-08-23,1292,4,123.0,40;35;18;30,516;728;918;1088
2039,1292_2019-08-24,1292,5,92.0,19;15;20;18;20,565;694;750;757;952
2040,1297_2020-09-22,1297,5,167.0,37;42;30;45;13,604;725;922;1011;1141
2041,1297_2020-09-23,1297,5,156.0,37;43;38;28;10,584;701;889;1014;1131
2042,1297_2020-09-26,1297,6,182.0,36;46;20;36;26;18,635;698;872;997;1160;1222
2043,1297_2020-09-27,1297,5,156.0,38;41;32;35;10,708;732;895;1022;1112
2044,1297_2020-09-28,1297,6,184.0,27;46;27;49;15;20,620;742;893;1018;1149;1202
2045,1297_2020-10-03,1297,5,175.0,36;37;32;45;25,631;737;851;1010;1161
2046,1297_2020-10-04,1297,5,169.0,36;41;34;31;27,637;703;900;1020;1152
2047,1297_2020-10-05,1297,5,175.0,26;46;27;51;25,675;742;881;1026;1142
2048,1297_2020-10-06,1297,5,167.0,47;33;32;15;40,750;930;1020;1172;1350
2049,1297_2020-10-07,1297,6,184.0,27;40;40;37;25;15,630;708;908;1025;1135;1213
2050,1297_2020-10-08,1297,5,185.0,28;45;27;70;15,630;748;900;1011;1118
2051,1297_2020-10-10,1297,5,181.0,13;48;35;55;30,615;677;893;1024;1208
2052,1297_2020-10-11,1297,5,180.0,40;41;15;44;40,637;745;909;1019;1154
2053,1297_2020-10-12,1297,5,165.0,23;52;35;40;15,632;755;892;1017;1156
2054,1297_2020-10-13,1297,6,174.0,35;32;32;30;30;15,638;727;891;1029;1155;1181
2055,1297_2020-10-14,1297,6,188.0,43;41;36;38;15;15,610;704;869;1028;1175;1248
2056,1297_2020-10-17,1297,5,83.0,26;26;7;12;12,597;709;894;1019;1137
2057,1297_2020-10-18,1297,5,42.0,13;8;7;9;5,636;889;1053;1167;1233
2058,1297_2020-10-19,1297,4,58.0,12;4;27;15,741;883;999;1154
2059,1302_2020-03-11,1302,8,298.29,73.26;33;47.11;30;55.92;36;8;15,452;452;719;719;904;904;1095;1095
2060,1302_2020-03-12,1302,4,170.0,33;21;52;64,342;568;720;1023
2061,1302_2020-03-14,1302,8,280.62,59.18;33;20.25;11;40.2;47;29.99;40,367;367;544;544;734;734;1139;1139
2062,1302_2020-03-15,1302,4,173.0,33;49;45;46,383;727;1043;1283
2063,1302_2020-03-16,1302,4,136.0,33;3;40;60,361;703;735;1290
2064,1302_2020-03-18,1302,8,300.35,46.46;33;59.16;55;20.86;22;18.87;45,351;351;765;765;1063;1063;1175;1175
2065,1302_2020-03-19,1302,3,103.0,33;50;20,397;545;1106
2066,1302_2020-03-20,1302,6,250.43,43.14;40;45.78;32;59.51;30,490;490;725;725;1155;1155
2067,1302_2020-03-22,1302,4,127.0,27;35;56;9,428;740;1081;1275
2068,1302_2020-03-23,1302,4,151.0,30;26;45;50,330;546;758;1145
2069,1302_2020-03-24,1302,3,80.0,30;15;35,410;735;980
2070,1302_2020-03-25,1302,6,336.47,36.4;31;76.17;60;97.9;35,465;465;768;768;996;996
2071,1302_2020-03-27,1302,3,94.0,48;15;31,390;775;776
2072,1302_2020-03-28,1302,4,111.0,25;15;22;49,725;864;1054;1091
2073,1302_2020-03-29,1302,3,135.0,60;30;45,126;935;1053
2074,1302_2020-03-30,1302,4,253.0,75;63;50;65,238;698;918;1155
2075,1302_2020-03-31,1302,1,50.0,50,540
2076,1302_2020-04-01,1302,4,162.0,30;60;42;30,419;796;943;1080
2077,1302_2020-04-02,1302,8,230.39,33.16;25;30.94;40;39.61;33;15.68;13,466;466;742;742;1127;1127;1232;1232
2078,1302_2020-04-03,1302,6,148.24,44.2;42;11.49;20;15.55;15,389;389;1047;1047;1342;1342
2079,1302_2020-04-04,1302,4,180.0,42;70;45;23,277;1091;1141;1219
2080,1302_2020-04-05,1302,2,70.0,45;25,467;756
2081,1302_2020-04-06,1302,4,161.0,34;25;52;50,287;515;740;1104
2082,1303_2020-04-22,1303,6,168.86,31;30;37.65;20;30.21;20,701;701;902;902;1165;1165
2083,1303_2020-05-01,1303,8,202.26,51.65;30;22.17;28;14.89;20;20.55;15,530;530;785;785;916;916;1224;1224
2084,1303_2020-05-02,1303,8,130.49,3.65;15;13.76;20;7.35;5;30.73;35,555;555;874;874;985;985;1170;1170
2085,1303_2020-05-03,1303,4,78.0,10;3;25;40,516;579;872;1302
2086,1303_2020-05-04,1303,4,80.0,20;15;20;25,766;853;1110;1145
2087,1303_2020-05-05,1303,4,37.0,5;10;10;12,555;865;925;986
2088,1303_2020-05-06,1303,5,93.0,25;8;20;20;20,0;555;753;1151;1260
2089,1303_2020-05-07,1303,4,78.0,25;8;35;10,555;855;930;1200
2090,1303_2020-05-08,1303,3,42.0,12;15;15,555;621;1126
2091,1303_2020-05-11,1303,4,170.0,50;15;50;55,576;810;885;1290
2092,1303_2020-05-12,1303,2,30.0,10;20,615;810
2093,1303_2020-05-13,1303,4,47.0,12;12;8;15,615;789;930;1140
2094,1303_2020-05-14,1303,3,38.0,15;15;8,540;769;930
2095,1303_2020-05-15,1303,2,45.0,5;40,544;789
2096,1303_2020-05-16,1303,3,50.0,15;20;15,699;769;1128
2097,1303_2020-05-17,1303,2,30.0,15;15,882;1028
2098,1304_2020-04-19,1304,3,78.0,20;45;13,826;1016;1186
2099,1304_2020-04-20,1304,3,95.0,20;45;30,427;720;1044
2100,1304_2020-04-21,1304,4,125.0,35;45;30;15,520;710;1134;1345
2101,1304_2020-04-22,1304,6,175.09,28.11;15;25.19;35;36.79;35,459;459;718;718;1183;1183
2102,1304_2020-04-24,1304,4,130.0,35;30;45;20,580;766;1199;1200
2103,1304_2020-04-25,1304,4,113.0,45;13;35;20,763;995;1080;1210
2104,1304_2020-04-26,1304,4,260.49,32.25;35;153.24;40,755;755;1024;1024
2105,1304_2020-04-27,1304,4,168.20000000000002,54.77;45;28.43;40,734;734;1065;1065
2106,1304_2020-04-28,1304,2,85.0,45;40,810;1080
2107,1304_2020-04-29,1304,6,263.34000000000003,94.42;40;44.46;8.42;36.04;40,881;881;961;961;961;961
2108,1304_2020-04-30,1304,1,40.0,40,1019
2109,1304_2020-05-01,1304,4,165.0,45;45;35;40,435;840;1025;1327
2110,1304_2020-05-02,1304,1,40.0,40,710
2111,1304_2020-05-03,1304,2,95.0,50;45,705;1010
2112,1304_2020-05-04,1304,2,75.0,45;30,725;810
2113,1304_2020-05-05,1304,3,98.0,13;45;40,960;1170;1172
2114,1304_2020-05-07,1304,2,55.0,30;25,845;1200
2115,1304_2020-05-08,1304,4,221.92000000000002,54.52;35;72.4;60,966;966;1086;1086
2116,1304_2020-05-09,1304,6,202.88,51.68;55;3.66;20;32.54;40,1107;1107;1201;1201;1437;1437
2117,1304_2020-05-10,1304,4,105.0,35;30;15;25,830;1000;1187;1335
2118,1304_2020-05-11,1304,2,100.0,45;55,585;1166
2119,1304_2020-05-12,1304,4,140.0,20;35;45;40,442;585;750;1165
2120,1304_2020-05-14,1304,4,112.0,20;12;40;40,840;1010;1020;1125
2121,1304_2020-05-15,1304,6,181.21,16.46;25;24.16;20;50.59;45,75;75;884;884;1030;1030
2122,1304_2020-05-16,1304,4,80.8,10.86;13;16.94;40,1071;1071;1152;1152
2123,1305_2020-09-09,1305,4,90.0,15;15;20;40,629;820;840;1134
2124,1305_2020-09-10,1305,5,105.0,30;15;10;10;40,540;695;887;1049;1123
2125,1305_2020-09-11,1305,8,308.67,39.44;30;67.79;65;26.95;15;29.49;35,478;478;815;815;1077;1077;1202;1202
2126,1305_2020-09-13,1305,3,95.0,35;45;15,880;1040;1238
2127,1305_2020-09-14,1305,4,96.0,15;11;40;30,525;663;810;1133
2128,1305_2020-09-15,1305,3,105.0,35;35;35,709;977;1285
2129,1305_2020-09-16,1305,4,80.0,25;5;15;35,681;765;959;1153
2130,1305_2020-09-17,1305,6,135.0,35;12;10;35;8;35,378;538;667;831;1046;1098
2131,1305_2020-09-19,1305,6,275.61,60.84;40;42.47;35;62.3;35,565;565;742;742;1066;1066
2132,1305_2020-09-20,1305,5,88.0,35;8;25;10;10,558;770;852;897;1100
2133,1305_2020-09-21,1305,4,125.0,35;10;35;45,591;690;840;1209
2134,1305_2020-09-22,1305,4,123.0,15;50;18;40,518;712;974;1254
2135,1305_2020-09-23,1305,4,105.0,15;40;25;25,529;573;893;1194
2136,1305_2020-09-24,1305,5,135.0,15;35;30;20;35,378;585;924;933;1119
2137,1305_2020-09-25,1305,6,279.89,41.4;35;26.95;15;126.54;35,585;585;989;989;1161;1161
2138,1305_2020-09-26,1305,8,168.46,20.42;15;35.09;20;1.5;5;36.45;35,397;397;778;778;1060;1060;1414;1414
2139,1305_2020-09-27,1305,3,105.0,35;35;35,622;814;1250
2140,1305_2020-09-28,1305,4,121.0,30;35;16;40,585;808;1007;1234
2141,1305_2020-09-29,1305,3,115.0,35;40;40,648;788;1237
2142,1305_2020-09-30,1305,3,75.0,15;25;35,597;780;1260
2143,1305_2020-10-01,1305,4,95.0,15;35;5;40,386;602;1041;1146
2144,1305_2020-10-02,1305,2,75.0,40;35,850;969
2145,1305_2020-10-03,1305,1,45.0,45,798
2146,1307_2019-12-18,1307,2,111.0,63;48,789;1120
2147,1307_2019-12-19,1307,3,110.0,10;40;60,772;883;1072
2148,1307_2019-12-20,1307,3,133.0,45;45;43,670;849;1190
2149,1307_2019-12-21,1307,2,57.0,22;35,816;1215
2150,1307_2019-12-23,1307,3,112.0,23;58;31,168;772;1018
2151,1307_2019-12-24,1307,3,114.0,16;46;52,205;811;1171
2152,1307_2019-12-25,1307,3,167.0,58;57;52,695;881;1178
2153,1307_2019-12-26,1307,3,178.0,58;104;16,772;951;1248
2154,1307_2019-12-28,1307,2,111.0,88;23,864;1097
2155,1307_2019-12-29,1307,2,116.0,60;56,122;773
2156,1307_2019-12-30,1307,2,77.0,36;41,821;1265
2157,1307_2019-12-31,1307,3,130.0,23;65;42,316;810;1191
2158,1307_2020-01-01,1307,3,138.0,53;45;40,668;855;1068
2159,1307_2020-01-02,1307,3,122.0,46;46;30,660;1223;1363
2160,1307_2020-01-03,1307,2,95.0,25;70,736;932
2161,1307_2020-01-04,1307,3,163.0,65;68;30,788;1054;1418
2162,1307_2020-01-05,1307,2,87.0,35;52,830;1063
2163,1307_2020-01-06,1307,3,136.0,60;51;25,39;905;1058
2164,1307_2020-01-07,1307,3,171.0,56;75;40,30;817;1109
2165,1307_2020-01-08,1307,2,93.0,47;46,848;1157
2166,1307_2020-01-10,1307,2,41.0,16;25,759;936
2167,1307_2020-01-11,1307,3,163.0,58;45;60,683;852;1330
2168,1307_2020-01-12,1307,3,122.0,60;17;45,75;820;1093
2169,1307_2020-01-13,1307,2,95.0,35;60,226;818
2170,1307_2020-01-14,1307,1,45.0,45,870
2171,1311_2020-10-18,1311,9,298.75,30;43.75;20;15;60;15;40;25;50,501;725;725;761;815;899;1160;1177;1315
2172,1311_2020-10-19,1311,4,245.0,70;75;60;40,578;735;760;1128
2173,1311_2020-10-20,1311,6,280.0,65;20;50;35;90;20,600;756;868;908;1140;1204
2174,1311_2020-10-23,1311,6,296.0,40;110;40;50;26;30,456;740;1083;1167;1249;1426
2175,1311_2020-10-24,1311,7,315.0,40;25;65;40;25;70;50,558;677;785;968;1075;1187;1284
2176,1311_2020-10-27,1311,5,245.0,40;25;55;75;50,517;617;841;1131;1187
2177,1311_2020-10-31,1311,5,315.0,120;20;25;80;70,690;1085;1153;1176;1315
2178,1311_2020-11-06,1311,5,245.0,45;25;40;65;70,488;628;740;1077;1168
2179,1311_2020-11-07,1311,3,270.0,70;100;100,778;1196;1289
2180,1311_2020-11-10,1311,7,350.0,40;15;15;100;60;70;50,604;663;842;857;1091;1252;1297
2181,1311_2020-11-11,1311,6,275.0,35;25;75;45;50;45,433;689;727;955;1202;1231
2182,1311_2020-11-12,1311,6,285.0,20;75;25;45;80;40,424;746;968;1119;1246;1352
2183,1311_2020-11-13,1311,4,230.0,25;80;55;70,728;782;1170;1249
2184,1311_2020-11-14,1311,5,270.0,30;85;40;15;100,622;791;1012;1121;1252
2185,1312_2020-08-16,1312,6,233.82000000000002,46.96;60;22.18;80;4.68;20,693;693;840;840;1205;1205
2186,1312_2020-08-17,1312,8,350.90999999999997,83.66;75;5.57;20;48.34;1.74;46.6;70,731;731;853;853;1137;1137;1137;1137
2187,1312_2020-08-18,1312,8,266.6,83.66;75;5.57;20;26.18;0.04;26.15;30,676;676;785;785;1149;1149;1149;1149
2188,1312_2020-08-19,1312,3,155.0,80;35;40,519;859;1140
2189,1312_2020-08-20,1312,3,194.0,80;60;54,8;904;1249
2190,1312_2020-08-21,1312,3,170.0,75;45;50,800;883;1213
2191,1312_2020-08-23,1312,6,292.09000000000003,78.54;75;14.25;25;45.3;54,649;649;912;912;1097;1097
2192,1312_2020-08-24,1312,4,263.0,73.42;80;49.58;60,651;651;1140;1140
2193,1312_2020-08-26,1312,3,149.0,75;54;20,608;926;1203
2194,1312_2020-08-27,1312,2,100.0,70;30,719;1251
2195,1312_2020-08-28,1312,2,120.0,50;70,796;1099
2196,1312_2020-08-29,1312,2,120.0,80;40,706;1174
2197,1312_2020-08-30,1312,3,175.0,75;50;50,646;873;1116
2198,1312_2020-08-31,1312,4,241.64000000000001,73.42;80;43.22;45,568;568;1191;1191
2199,1312_2020-09-01,1312,4,276.56000000000006,78.54;80;48.02;70,727;727;1133;1133
2200,1312_2020-09-02,1312,3,185.0,80;55;50,665;905;1212
2201,1312_2020-09-03,1312,3,174.0,75;45;54,607;840;1215
2202,1312_2020-09-04,1312,2,130.0,80;50,737;1130
2203,1312_2020-09-05,1312,2,100.0,80;20,693;879
2204,1312_2020-09-06,1312,2,120.0,80;40,695;1151
2205,1312_2020-09-07,1312,6,333.37,73.42;75;43.22;45;42.73;54,578;578;778;778;1145;1145
2206,1312_2020-09-08,1312,4,274.55,65.22;80;79.33;50,665;665;1150;1150
2207,1312_2020-09-09,1312,3,160.0,75;50;35,657;894;1208
2208,1312_2020-09-10,1312,2,140.0,80;60,689;1197
2209,1312_2020-09-11,1312,2,130.0,80;50,752;1087
2210,1322_2020-04-03,1322,7,140.0,15;6;8;70;8;8;25,524;578;601;850;1072;1125;1209
2211,1322_2020-04-04,1322,6,111.0,30;20;8;35;8;10,761;983;1152;1187;1286;1348
2212,1322_2020-04-09,1322,6,55.0,15;15;7;3;10;5,596;634;737;937;1321;1339
2213,1322_2020-04-10,1322,7,62.0,17;10;5;5;5;15;5,649;735;1030;1051;1072;1258;1289
2214,1322_2020-04-11,1322,5,68.0,8;30;10;5;15,587;747;990;1132;1154
2215,1322_2020-04-12,1322,8,142.86,10.14;5;25.13;15;30.46;5;37.13;15,815;815;878;878;1025;1025;1193;1193
2216,1322_2020-04-16,1322,8,110.0,5;12;12;2;61;6;6;6,456;646;699;742;747;1074;1345;1361
2217,1322_2020-04-17,1322,8,53.0,3;1;10;10;2;2;2;23,638;867;893;1023;1052;1170;1233;1293
2218,1322_2020-04-18,1322,4,44.0,3;15;16;10,700;1197;1209;1219
2219,1322_2020-04-20,1322,6,45.0,20;4;2;4;10;5,722;730;796;997;1030;1273
2220,1322_2020-04-23,1322,5,70.0,14;24;20;10;2,683;829;1030;1226;1304
2221,1322_2020-04-24,1322,4,79.0,27;10;12;30,677;858;1082;1267
2222,1322_2020-04-25,1322,5,122.0,25;30;20;12;35,484;723;1023;1126;1140
2223,1322_2020-04-26,1322,7,102.0,5;12;40;4;2;20;19,582;633;726;837;1102;1161;1248
2224,1322_2020-04-27,1322,8,84.0,19;4;2;25;12;6;6;10,491;526;591;725;931;985;1085;1149
2225,1323_2020-08-31,1323,3,145.0,46;61;38,428;725;1038
2226,1323_2020-09-01,1323,4,193.07999999999998,31.08;42;60;60,507;507;786;1130
2227,1323_2020-09-02,1323,9,318.96999999999997,54.66;46;36.49;18.24;47;22.17;28;18.41;48,486;486;754;754;754;794;794;1132;1132
2228,1323_2020-09-03,1323,4,250.11,18.24;48;118.87;65,854;854;1042;1042
2229,1323_2020-09-04,1323,4,137.0,46;30;22;39,552;773;837;1122
2230,1323_2020-09-05,1323,3,115.0,26;42;47,556;754;1067
2231,1323_2020-09-06,1323,3,139.0,26;53;60,619;847;1105
2232,1323_2020-09-07,1323,3,130.0,18;56;56,511;791;1084
2233,1323_2020-09-08,1323,3,122.0,38;42;42,549;762;1196
2234,1323_2020-09-09,1323,8,283.2,32.34;42;17.99;37;52.17;48;32.7;21,559;559;823;823;1128;1128;1240;1240
2235,1323_2020-09-10,1323,4,215.53,85.02;42;46.51;42,756;756;1135;1135
2236,1323_2020-09-11,1323,4,189.0,48;21;58;62,594;873;1022;1210
2237,1323_2020-09-12,1323,8,331.87,33.44;42;45.18;42;69.32;48;17.93;34,516;516;831;831;880;880;1194;1194
2238,1323_2020-09-13,1323,8,357.73,33.5;46;53.95;44;69.32;32;41.96;37,570;570;805;805;958;958;1071;1071
2239,1323_2020-09-14,1323,4,157.0,28;38;49;42,530;686;840;1246
2240,1323_2020-09-15,1323,4,170.0,46;48;56;20,562;787;1071;1168
2241,1323_2020-09-16,1323,4,197.0,48;62;55;32,530;847;1163;1197
2242,1323_2020-09-17,1323,4,190.0,48;56;24;62,473;720;940;1073
2243,1323_2020-09-18,1323,4,208.0,62;48;36;62,542;775;998;1106
2244,1323_2020-09-21,1323,6,283.32,54.92;44;35.54;58;42.86;48,575;575;709;709;1065;1065
2245,1323_2020-09-22,1323,8,318.14,33.06;44;52.84;56;15.39;26;42.85;48,470;470;735;735;1009;1009;1127;1127
2246,1323_2020-09-23,1323,4,173.0,44;33;48;48,515;755;805;1078
2247,1323_2020-09-24,1323,3,140.0,44;48;48,492;776;1125
2248,1323_2020-09-25,1323,3,150.0,26;62;62,479;736;1073
2249,1323_2020-09-26,1323,3,165.0,46;65;54,484;745;1019
2250,1323_2020-09-27,1323,3,155.0,34;65;56,485;694;1095
2251,1325_2020-05-08,1325,3,145.0,45;50;50,448;771;1156
2252,1325_2020-05-09,1325,4,225.0,30;65;65;65,517;735;742;1218
2253,1325_2020-05-10,1325,3,130.0,35;60;35,505;776;1158
2254,1325_2020-05-11,1325,2,75.0,40;35,576;1049
2255,1325_2020-05-12,1325,3,85.0,30;25;30,457;864;1081
2256,1325_2020-05-13,1325,3,125.0,25;25;75,465;720;1230
2257,1325_2020-05-14,1325,2,65.0,35;30,473;1175
2258,1325_2020-05-15,1325,3,135.0,25;50;60,457;783;1208
2259,1325_2020-05-16,1325,3,155.0,30;60;65,500;858;1200
2260,1325_2020-05-17,1325,2,130.0,65;65,735;1243
2261,1325_2020-05-18,1325,3,200.0,65;70;65,555;884;1191
2262,1325_2020-05-19,1325,6,263.22,29.99;45;56.81;55;31.42;45,456;456;740;740;1170;1170
2263,1325_2020-05-20,1325,8,241.78,48.35;50;6.66;5;20.48;60;11.29;40,473;473;649;649;750;750;1268;1268
2264,1325_2020-05-21,1325,3,105.0,35;5;65,483;644;1369
2265,1325_2020-05-22,1325,3,155.0,50;50;55,513;720;1263
2266,1325_2020-05-23,1325,3,150.0,45;45;60,490;825;1200
2267,1325_2020-05-24,1325,2,105.0,45;60,569;780
2268,1325_2020-05-25,1325,3,120.0,30;60;30,606;780;1050
2269,1325_2020-05-26,1325,6,237.88,38.37;45;20.25;14;75.26;45,464;464;738;738;1200;1200
2270,1325_2020-05-27,1325,8,340.78999999999996,23.88;45;61.87;19.87;42.01;45;48.16;55,495;495;739;739;739;739;1160;1160
2271,1325_2020-05-28,1325,3,125.0,40;20;65,495;840;1155
2272,1325_2020-05-29,1325,3,110.0,45;45;20,522;1075;1156
2273,1325_2020-05-30,1325,3,130.0,45;35;50,500;869;1251
2274,1325_2020-05-31,1325,3,130.0,45;25;60,630;900;1170
2275,1325_2020-06-01,1325,4,208.0,40;85;48;35,561;840;1180;1246
2276,1325_2020-06-02,1325,6,287.78,47.99;45;66.7;50;28.09;50,497;497;698;698;1270;1270
2277,1325_2020-06-03,1325,6,246.67000000000002,24.15;45;34.33;45;43.19;55,481;481;854;854;1248;1248
2278,1325_2020-06-04,1325,3,155.0,50;45;60,498;721;1261
2279,1327_2021-03-14,1327,2,120.0,50;70,746;1196
2280,1327_2021-03-15,1327,2,105.0,60;45,755;1165
2281,1327_2021-03-16,1327,2,90.0,45;45,752;1128
2282,1327_2021-03-17,1327,5,283.0,57;60;25;81;60,467;739;883;1065;1324
2283,1327_2021-03-18,1327,2,85.0,35;50,590;750
2284,1327_2021-03-21,1327,5,170.0,15;45;18;20;72,668;746;912;1029;1122
2285,1327_2021-03-22,1327,5,175.0,30;60;20;20;45,591;761;944;1030;1140
2286,1327_2021-03-23,1327,3,155.0,30;60;65,654;756;1290
2287,1327_2021-03-24,1327,4,160.0,50;20;20;70,755;931;940;1127
2288,1327_2021-03-25,1327,2,95.0,50;45,707;1142
2289,1327_2021-03-30,1327,3,115.0,20;15;80,660;762;1168
2290,1327_2021-03-31,1327,4,115.0,15;20;20;60,680;751;945;1142
2291,1327_2021-04-01,1327,2,137.0,65;72,693;1070
2292,1327_2021-04-07,1327,2,110.0,30;80,649;765
2293,1328_2020-08-01,1328,5,231.0,64;4;33;70;60,516;726;994;1070;1257
2294,1328_2020-08-02,1328,3,126.0,12;55;59,602;923;1267
2295,1328_2020-08-03,1328,3,211.0,15;80;116,555;985;1137
2296,1328_2020-08-04,1328,5,177.0,48;28;22;66;13,580;782;955;1245;1283
2297,1328_2020-08-08,1328,4,269.15000000000003,84.48;64;56.67;64,623;623;812;812
2298,1328_2020-08-09,1328,5,278.0,72;48;18;108;32,570;775;1023;1219;1357
2299,1328_2020-08-14,1328,4,193.0,15;85;54;39,550;775;1075;1310
2300,1328_2020-08-15,1328,3,110.0,68;32;10,585;730;1093
2301,1328_2020-08-16,1328,2,135.0,49;86,607;1020
2302,1328_2020-08-17,1328,3,129.0,15;22;92,16;597;1314
2303,1328_2020-08-18,1328,4,243.0,115;15;48;65,34;673;1012;1258
2304,1328_2020-08-19,1328,5,302.0,36;22;85;64;95,420;705;795;1087;1169
2305,1328_2020-08-20,1328,1,72.0,72,512
2306,1328_2020-08-23,1328,5,195.0,58;34;48;25;30,347;551;706;742;830
2307,1328_2020-08-24,1328,3,256.0,120;40;96,764;803;1214
2308,1329_2020-05-09,1329,5,186.0,15;73;28;30;40,632;735;1019;1076;1088
2309,1329_2020-05-10,1329,5,248.0,45;100;15;70;18,312;745;1030;1158;1182
2310,1329_2020-05-11,1329,4,85.0,10;10;50;15,368;486;904;1292
2311,1329_2020-05-12,1329,2,80.0,25;55,581;748
2312,1329_2020-05-13,1329,3,276.0,100;96;80,562;795;1080
2313,1329_2020-05-14,1329,4,181.0,18;110;35;18,424;760;1122;1138
2314,1329_2020-05-15,1329,3,160.0,20;40;100,447;815;1098
2315,1329_2020-05-16,1329,4,74.0,20;8;16;30,456;779;906;1096
2316,1329_2020-05-17,1329,3,64.0,10;14;40,459;610;709
2317,1329_2020-05-18,1329,4,185.0,20;15;50;100,452;725;824;1196
2318,1329_2020-05-19,1329,4,170.0,15;45;30;80,439;695;1227;1280
2319,1329_2020-05-20,1329,4,276.0,80;16;80;100,497;788;833;1095
2320,1329_2020-05-21,1329,6,248.0,15;27;88;23;45;50,441;601;689;834;1122;1142
2321,1329_2020-05-22,1329,4,155.0,65;25;40;25,451;619;890;1154
2322,1329_2020-05-23,1329,6,205.0,40;65;20;30;25;25,424;744;772;1108;1116;1195
2323,1329_2020-05-24,1329,6,176.0,44;11;15;40;32;34,463;675;688;759;939;1112
2324,1329_2020-05-25,1329,6,225.0,40;25;50;20;50;40,404;651;843;851;1051;1228
2325,1329_2020-05-26,1329,3,243.0,60;103;80,522;771;1220
2326,1329_2020-05-27,1329,4,248.0,40;80;80;48,623;747;1069;1134
2327,1329_2020-05-28,1329,3,164.0,20;96;48,423;700;1138
2328,1329_2020-05-29,1329,5,139.0,20;15;20;64;20,409;572;761;777;1111
2329,1329_2020-05-30,1329,5,249.0,40;30;103;20;56,445;617;764;928;1135
2330,1329_2020-05-31,1329,5,245.0,45;60;20;100;20,391;728;738;1164;1169
2331,1329_2020-06-01,1329,4,273.0,40;100;23;110,402;770;1146;1261
2332,1329_2020-06-02,1329,6,277.0,20;55;88;24;80;10,472;636;810;1012;1254;1352
2333,1329_2020-06-03,1329,3,119.0,24;80;15,450;770;1179
2334,1329_2020-06-04,1329,3,240.0,40;120;80,410;737;1122
2335,1329_2020-06-05,1329,5,154.0,40;11;15;48;40,356;547;598;782;1149
2336,1330_2019-09-01,1330,8,154.0,15.32;8;29.94;20;24.23;10;31.51;15,543;543;739;739;1100;1100;1320;1320
2337,1330_2019-09-05,1330,5,140.0,30;30;15;25;40,504;701;993;1192;1297
2338,1330_2019-09-06,1330,5,180.0,30;35;35;40;40,485;718;1047;1122;1137
2339,1330_2019-09-07,1330,5,215.0,50;70;20;60;15,539;730;888;1041;1106
2340,1330_2019-09-10,1330,4,140.0,30;30;20;60,445;739;1031;1231
2341,1330_2019-09-12,1330,9,330.76,82.1;30;57.73;0.89;56.84;30;0.93;52.27;20,476;476;769;769;769;769;976;1226;1226
2342,1330_2019-09-13,1330,5,160.0,30;40;45;20;25,457;738;1086;1257;1349
2343,1330_2019-09-14,1330,5,225.0,45;45;30;70;35,512;755;915;1148;1268
2344,1330_2019-09-17,1330,5,143.0,30;15;18;45;35,473;812;1005;1110;1321
2345,1330_2019-09-18,1330,5,128.0,30;25;40;18;15,494;812;1108;1321;1327
2346,1330_2019-09-19,1330,5,153.0,30;35;8;65;15,481;777;1027;1185;1350
2347,1330_2019-09-20,1330,3,73.0,30;35;8,453;705;1138
2348,1330_2019-09-21,1330,5,185.0,45;45;45;40;10,555;739;1112;1217;1420
2349,1330_2019-09-24,1330,5,130.0,30;25;25;25;25,440;687;894;1123;1331
2350,1330_2019-09-25,1330,5,170.0,30;35;50;40;15,455;718;1082;1107;1196
2351,1330_2019-09-26,1330,3,95.0,20;15;60,465;855;1162
2352,1330_2019-09-27,1330,6,155.0,5;15;30;40;25;40,689;815;1092;1093;1192;1318
2353,1330_2019-09-28,1330,6,230.0,20;10;25;45;80;50,528;639;705;732;1106;1283
2354,1335_2020-10-10,1335,4,88.0,15;20;37;16,560;897;1119;1264
2355,1335_2020-10-11,1335,3,54.0,18;18;18,478;745;1155
2356,1335_2020-10-12,1335,4,93.0,18;36;21;18,480;732;1142;1280
2357,1335_2020-10-13,1335,3,107.0,17;45;45,480;747;1120
2358,1335_2020-10-14,1335,3,86.0,14;34;38,483;757;1204
2359,1335_2020-10-15,1335,3,54.0,7;2;45,624;811;1202
2360,1335_2020-10-16,1335,4,96.0,17;10;39;30,593;797;1150;1219
2361,1335_2020-10-17,1335,4,78.0,22;16;25;15,492;746;1150;1280
2362,1335_2020-10-18,1335,3,54.0,17;21;16,456;743;1133
2363,1335_2020-10-19,1335,4,113.0,18;48;35;12,488;741;1165;1291
2364,1335_2020-10-20,1335,4,54.0,16;20;15;3,547;723;1163;1280
2365,1335_2020-10-21,1335,4,56.0,12;15;3;26,504;738;832;1146
2366,1335_2020-10-22,1335,5,75.0,8;8;16;20;23,601;629;803;1147;1234
2367,1335_2020-10-23,1335,4,74.0,15;15;30;14,547;757;1115;1281
2368,1335_2020-10-24,1335,4,73.0,17;15;21;20,470;730;1138;1285
2369,1335_2020-10-25,1335,4,69.0,17;25;19;8,465;731;1154;1266
2370,1335_2020-10-26,1335,3,64.0,15;15;34,513;722;1100
2371,1335_2020-10-27,1335,4,88.0,16;25;16;31,485;726;887;1194
2372,1335_2020-10-28,1335,3,62.0,18;14;30,477;799;1133
2373,1335_2020-10-29,1335,3,47.0,20;2;25,540;762;1202
2374,1335_2020-10-30,1335,4,84.0,16;39;19;10,544;750;1005;1168
2375,1335_2020-10-31,1335,4,60.0,3;17;24;16,670;747;1112;1256
2376,1335_2020-11-01,1335,5,86.0,18;20;12;20;16,598;714;896;1154;1275
2377,1335_2020-11-02,1335,4,63.0,20;18;12;13,554;733;1130;1265
2378,1335_2020-11-03,1335,4,54.0,13;20;5;16,497;742;1135;1281
2379,1335_2020-11-04,1335,4,86.0,15;23;36;12,499;758;1117;1278
2380,1335_2020-11-05,1335,4,59.0,15;15;16;13,544;747;1130;1300
2381,1335_2020-11-06,1335,3,60.0,15;30;15,539;774;1141
2382,1336_2019-10-24,1336,8,104.0,12;8;15;4;20;15;5;25,469;557;782;909;964;1168;1257;1282
2383,1336_2019-10-27,1336,6,144.0,25;8;15;21;30;45,676;701;922;990;1117;1273
2384,1336_2019-10-28,1336,7,103.0,23;12;20;8;15;10;15,550;563;972;986;1329;1367;1382
2385,1336_2019-10-29,1336,9,125.0,18;10;8;20;8;8;15;8;30,462;556;859;889;920;1045;1175;1252;1310
2386,1336_2019-10-30,1336,8,152.0,18;10;32;15;20;25;2;30,508;659;745;963;992;1257;1278;1290
2387,1336_2019-10-31,1336,9,178.0,12;10;21;25;20;10;45;30;5,456;650;731;878;895;991;1115;1140;1260
2388,1336_2019-11-02,1336,9,170.0,15;25;25;20;8;10;7;10;50,454;583;750;790;893;908;1138;1205;1285
2389,1336_2019-11-07,1336,7,196.0,18;31;10;17;35;45;40,431;608;724;785;902;1145;1296
2390,1336_2019-11-09,1336,7,182.0,17;6;17;40;32;45;25,644;673;870;976;1078;1251;1310
2391,1336_2019-11-10,1336,9,187.0,20;8;45;15;8;28;8;25;30,535;568;705;890;920;936;1165;1203;1240
2392,1336_2019-11-11,1336,8,188.0,8;20;30;30;30;15;40;15,482;618;675;865;956;1155;1191;1262
2393,1336_2019-11-12,1336,5,119.0,12;52;10;15;30,454;765;945;1220;1276
2394,1336_2019-11-13,1336,8,151.0,4;17;20;15;25;15;30;25,456;571;765;792;1039;1178;1207;1298
2395,1336_2019-11-14,1336,8,131.0,6;16;10;10;20;5;30;34,456;561;692;742;764;880;1186;1223
2396,1336_2019-11-15,1336,9,137.0,5;8;20;18;30;12;16;8;20,190;410;585;724;758;1020;1058;1288;1308
2397,1336_2019-11-18,1336,7,175.0,25;45;5;5;25;45;25,508;699;808;996;1142;1200;1331
2398,1338_2020-11-01,1338,2,118.0,55;63,771;1274
2399,1338_2020-11-02,1338,5,230.15,0.54;15.34;20;129.27;65,555;754;754;1195;1195
2400,1338_2020-11-03,1338,1,30.0,30,793
2401,1338_2020-11-04,1338,3,110.0,45;45;20,744;1241;1355
2402,1338_2020-11-05,1338,3,170.0,75;45;50,502;829;1082
2403,1338_2020-11-06,1338,4,103.78,0.34;56.38;35;12.06,552;749;749;1103
2404,1338_2020-11-07,1338,7,196.95000000000002,0.27;54.47;55;40.12;42;2.09;3,652;786;786;1124;1124;1328;1328
2405,1338_2020-11-08,1338,2,85.0,50;35,750;1081
2406,1338_2020-11-09,1338,3,71.83,15;50;6.83,491;761;1260
2407,1338_2020-11-10,1338,1,30.0,30,1260
2408,1338_2020-11-11,1338,2,65.0,20;45,752;1224
2409,1338_2020-11-12,1338,3,83.0,3;40;40,568;763;1170
2410,1338_2020-11-13,1338,4,129.57999999999998,3;45;41.58;40,546;730;1206;1206
2411,1338_2020-11-14,1338,3,68.0,3;45;20,543;747;1163
2412,1338_2020-11-15,1338,3,73.0,3;25;45,551;762;1180
2413,1338_2020-11-16,1338,3,71.0,15;24;32,495;1012;1265
2414,1338_2020-11-17,1338,1,48.0,48,1417
2415,1338_2020-11-18,1338,3,58.0,13;20;25,565;1116;1168
2416,1338_2020-11-19,1338,2,105.0,45;60,824;1087
2417,1338_2020-11-20,1338,3,88.0,3;45;40,503;742;1179
2418,1338_2020-11-21,1338,6,129.35,2.09;3;50.24;45;9.02;20,498;498;743;743;1055;1055
2419,1338_2020-11-22,1338,8,305.46,2.09;3;48.54;60;44.23;65;57.6;25,573;573;749;749;1233;1233;1263;1263
2420,1338_2020-11-23,1338,3,112.0,25;24;63,768;1015;1260
2421,1338_2020-11-24,1338,3,125.0,42;23;60,522;768;1203
2422,1338_2020-11-26,1338,3,153.0,60;35;58,471;749;1122
2423,1338_2020-11-27,1338,4,185.0,55;60;15;55,465;820;907;1155
2424,1338_2020-11-28,1338,5,142.36,0.26;50.92;50;21.18;20,567;736;736;1117;1117
2425,1339_2021-01-02,1339,9,219.07999999999998,22;5;22;52.08;25;25;15;28;25,333;341;502;537;537;785;984;1109;1150
2426,1339_2021-01-03,1339,9,176.0,28;22;2;15;45;2;30;20;12,412;423;435;563;650;754;773;1064;1075
2427,1339_2021-01-04,1339,7,194.0,35;35;40;25;19;20;20,326;456;623;745;753;984;989
2428,1339_2021-01-05,1339,7,125.0,25;20;7;27;6;15;25,358;550;770;959;970;979;1024
2429,1339_2021-01-06,1339,5,167.0,45;22;35;30;35,347;348;619;908;979
2430,1339_2021-01-07,1339,8,220.0,45;38;22;48;15;22;18;12,357;475;618;710;720;973;1147;1158
2431,1339_2021-01-08,1339,5,143.0,45;25;28;25;20,338;443;657;770;1149
2432,1339_2021-01-13,1339,6,164.0,27;20;22;35;30;30,335;365;369;702;1026;1159
2433,1339_2021-01-14,1339,5,180.0,35;35;35;35;40,344;386;757;829;1071
2434,1339_2021-01-15,1339,3,93.0,50;28;15,429;669;1269
2435,1339_2021-01-16,1339,5,101.0,22;30;15;22;12,366;493;621;815;976
2436,1339_2021-01-17,1339,5,100.0,25;22;30;5;18,380;775;898;995;1004
2437,1339_2021-01-20,1339,7,140.0,45;20;15;15;5;25;15,355;408;715;725;931;1008;1019
2438,1339_2021-01-21,1339,4,150.0,45;15;45;45,322;393;768;1177
2439,1339_2021-01-22,1339,5,160.0,45;22;40;28;25,345;449;709;919;1033
2440,1339_2021-01-24,1339,6,152.82999999999998,29.79;45;4.21;25;36.83;12,505;505;1080;1080;1094;1094
2441,1339_2021-01-25,1339,5,105.0,45;25;15;12;8,353;545;692;754;1009
2442,1339_2021-01-26,1339,6,182.0,45;12;30;35;35;25,361;600;935;979;1065;1271
2443,1339_2021-01-27,1339,6,170.0,45;15;25;35;35;15,375;516;712;774;943;976
2444,1339_2021-01-28,1339,6,183.0,45;25;25;18;25;45,252;409;696;731;810;1112
2445,1339_2021-01-29,1339,5,167.0,45;40;45;15;22,370;567;657;897;922
2446,1343_2020-07-15,1343,4,79.0,11;45;18;5,484;800;1075;1297
2447,1343_2020-07-16,1343,4,107.0,10;12;45;40,480;711;898;1152
2448,1343_2020-07-17,1343,3,77.0,12;45;20,495;857;1178
2449,1343_2020-07-18,1343,3,57.0,12;20;25,508;808;1100
2450,1343_2020-07-19,1343,3,55.0,12;30;13,481;773;1094
2451,1343_2020-07-20,1343,4,72.0,12;40;10;10,462;781;1140;1316
2452,1343_2020-07-21,1343,4,61.0,12;27;12;10,495;810;1145;1328
2453,1343_2020-07-22,1343,3,50.0,16;19;15,481;835;1120
2454,1343_2020-07-23,1343,4,74.0,16;13;35;10,479;725;1066;1143
2455,1343_2020-07-24,1343,4,64.0,12;12;20;20,339;490;673;720
2456,1343_2020-07-25,1343,2,52.0,45;7,512;1155
2457,1343_2020-07-26,1343,4,38.0,12;6;10;10,483;728;1010;1097
2458,1343_2020-07-27,1343,3,62.0,12;30;20,454;780;1113
2459,1343_2020-07-28,1343,3,59.0,12;15;32,485;780;1104
2460,1343_2020-07-29,1343,3,140.0,40;55;45,540;806;1218
2461,1343_2020-07-30,1343,3,35.0,8;15;12,487;715;1051
2462,1343_2020-07-31,1343,3,67.0,12;15;40,492;774;1176
2463,1343_2020-08-01,1343,3,60.0,35;20;5,533;870;1128
2464,1343_2020-08-02,1343,4,111.0,16;35;30;30,493;827;977;1141
2465,1343_2020-08-03,1343,3,55.0,15;15;25,446;784;1075
2466,1343_2020-08-04,1343,3,70.0,15;35;20,495;780;1100
2467,1343_2020-08-05,1343,4,44.0,12;10;10;12,495;713;818;1042
2468,1343_2020-08-06,1343,5,92.0,40;12;10;20;10,500;700;1046;1159;1186
2469,1343_2020-08-07,1343,3,70.0,15;20;35,495;957;1127
2470,1343_2020-08-08,1343,3,57.0,12;30;15,495;787;1105
2471,1343_2020-08-09,1343,3,70.0,15;20;35,495;745;1125
2472,1343_2020-08-10,1343,3,62.0,12;15;35,455;735;1162
2473,1343_2020-08-11,1343,3,55.0,15;15;25,502;893;1164
2474,1344_2020-11-02,1344,2,85.0,31;54,965;968
2475,1344_2020-11-03,1344,2,91.0,46;45,593;1111
2476,1344_2020-11-08,1344,3,138.0,18;79;41,1110;1163;1163
2477,1344_2020-11-09,1344,1,84.0,84,627
2478,1345_2020-06-21,1345,4,314.64,58.23;65;121.41;70,601;601;1117;1117
2479,1345_2020-06-22,1345,2,155.0,65;90,568;1152
2480,1345_2020-06-23,1345,4,216.0,65;41;65;45,613;772;1019;1302
2481,1345_2020-06-24,1345,2,125.0,65;60,602;1131
2482,1345_2020-06-25,1345,6,347.72,55.4;75;0.72;15;101.6;100,426;426;548;548;1068;1068
2483,1345_2020-06-26,1345,4,347.83000000000004,50.8;90;107.03;100,777;777;1188;1188
2484,1345_2020-06-27,1345,3,295.0,105;105;85,544;752;1112
2485,1345_2020-06-28,1345,3,225.0,50;125;50,651;959;1145
2486,1345_2020-06-29,1345,5,315.0,40;75;50;50;100,650;654;826;942;1252
2487,1345_2020-06-30,1345,6,300.98,12.36;65;44.37;75;39.25;65,719;719;762;762;1151;1151
2488,1345_2020-07-02,1345,2,125.0,65;60,873;1089
2489,1345_2020-07-03,1345,3,230.0,105;100;25,764;1159;1315
2490,1345_2020-07-04,1345,6,230.0,30;25;45;50;25;55,525;539;784;973;1018;1095
2491,1345_2020-07-05,1345,3,95.0,10;60;25,600;747;961
2492,1345_2020-07-06,1345,3,155.0,45;50;60,656;863;1243
2493,1345_2020-07-07,1345,4,255.0,90;50;55;60,543;555;1004;1231
2494,1345_2020-07-08,1345,8,339.53,26.6;30;20;56;45.9;48;63.03;50,701;701;745;745;972;972;1197;1197
2495,1345_2020-07-10,1345,3,120.0,25;30;65,573;1016;1157
2496,1345_2020-07-11,1345,3,200.0,60;90;50,670;899;1255
2497,1345_2020-07-14,1345,3,185.0,90;75;20,634;999;1169
2498,1345_2020-07-15,1345,2,165.0,65;100,873;1150
2499,1345_2020-07-16,1345,2,125.0,75;50,693;1187
2500,1345_2020-07-17,1345,4,215.0,50;65;25;75,681;706;996;1137
2501,1348_2020-10-03,1348,5,246.0,42;36;3;85;80,611;801;825;1009;1295
2502,1348_2020-10-04,1348,6,256.02,72;32;42;28.02;31;51,599;925;1021;1120;1120;1193
2503,1348_2020-10-05,1348,4,190.0,15;15;80;80,535;752;1192;1292
2504,1348_2020-10-06,1348,4,154.0,60;24;40;30,541;1154;1222;1296
2505,1348_2020-10-11,1348,7,323.0,25;51;51;75;15;55;51,489;610;621;1045;1209;1269;1364
2506,1348_2020-10-12,1348,4,226.0,15;25;96;90,532;749;1145;1233
2507,1348_2020-10-13,1348,5,253.0,30;18;57;98;50,564;1093;1111;1143;1414
2508,1348_2020-10-16,1348,5,257.0,15;35;86;46;75,525;855;1148;1172;1301
2509,1348_2020-10-19,1348,3,147.0,25;70;52,791;1260;1385
2510,1348_2020-10-20,1348,2,82.0,47;35,488;1154
2511,1348_2020-10-21,1348,5,202.0,48;15;63;46;30,234;735;971;1025;1298
2512,1348_2020-10-22,1348,5,347.0,52;25;34;86;150,397;572;917;1218;1280
2513,1348_2020-10-23,1348,7,307.0,32;25;21;40;78;86;25,533;741;746;1139;1162;1237;1361
2514,1348_2020-10-26,1348,5,233.0,18;20;112;35;48,548;745;1138;1204;1271
2515,1348_2020-10-27,1348,6,311.0,14;12;27;112;84;62,520;650;797;1156;1233;1356
2516,1348_2020-10-28,1348,4,177.0,26;45;31;75,546;975;1001;1182
2517,1348_2020-10-29,1348,4,200.0,22;40;31;107,11;743;955;1139
2518,1348_2020-10-30,1348,2,177.0,60;117,1090;1400
2519,1351_2020-05-02,1351,3,79.0,26;18;35,545;778;1130
2520,1351_2020-05-03,1351,3,72.0,26;14;32,546;776;1144
2521,1351_2020-05-04,1351,4,89.0,26;44;5;14,553;770;1134;1221
2522,1351_2020-05-05,1351,3,125.0,26;54;45,545;881;1248
2523,1351_2020-05-06,1351,3,97.0,26;35;36,518;785;1124
2524,1351_2020-05-07,1351,3,95.0,36;44;15,547;791;1140
2525,1351_2020-05-08,1351,3,108.0,18;45;45,541;820;1200
2526,1351_2020-05-09,1351,3,107.0,36;26;45,561;814;1037
2527,1351_2020-05-10,1351,3,100.0,26;48;26,559;852;1152
2528,1351_2020-05-11,1351,4,96.0,26;48;8;14,556;773;1153;1210
2529,1351_2020-05-12,1351,3,74.0,26;40;8,558;797;1104
2530,1351_2020-05-13,1351,2,72.0,36;36,567;1230
2531,1351_2020-05-14,1351,3,121.0,26;59;36,570;775;1194
2532,1351_2020-05-15,1351,3,67.0,26;36;5,579;787;1216
2533,1351_2020-05-16,1351,4,133.0,36;45;38;14,567;823;1157;1248
2534,1351_2020-05-17,1351,3,133.0,26;35;72,551;811;1161
2535,1351_2020-05-18,1351,3,161.0,36;53;72,567;797;1176
2536,1351_2020-05-19,1351,3,83.0,42;15;26,76;405;584
2537,1351_2020-05-20,1351,3,99.0,36;15;48,570;723;1107
2538,1351_2020-05-21,1351,3,72.0,3;35;34,575;857;1278
2539,1351_2020-05-22,1351,3,118.0,36;46;36,554;818;1122
2540,1351_2020-05-23,1351,3,86.0,15;26;45,438;571;825
2541,1351_2020-05-24,1351,3,84.0,3;36;45,584;800;1214
2542,1351_2020-05-25,1351,3,66.0,3;15;48,576;809;1138
2543,1351_2020-05-26,1351,3,96.0,36;15;45,603;812;1155
2544,1351_2020-05-27,1351,3,89.0,3;38;48,570;863;1150
2545,1351_2020-05-28,1351,3,78.0,3;30;45,561;775;1174
2546,1351_2020-05-29,1351,3,103.0,26;15;62,573;870;1172
2547,1354_2020-01-29,1354,3,134.0,34;90;10,780;1152;1373
2548,1354_2020-01-30,1354,2,160.0,100;60,1023;1068
2549,1354_2020-01-31,1354,3,160.0,40;30;90,457;865;1259
2550,1354_2020-02-01,1354,6,334.68,98.5;40;16.43;11;58.75;110,485;485;716;716;1168;1168
2551,1354_2020-02-02,1354,6,356.16999999999996,78.66;40;47.67;31;58.84;100,498;498;969;969;1059;1059
2552,1354_2020-02-03,1354,2,195.0,120;75,1040;1425
2553,1354_2020-02-04,1354,4,221.0,50;100;60;11,780;963;1121;1334
2554,1354_2020-02-05,1354,2,150.0,100;50,1285;1377
2555,1354_2020-02-08,1354,2,132.0,32;100,469;1080
2556,1354_2020-02-11,1354,3,168.0,31;47;90,498;1180;1252
2557,1354_2020-02-12,1354,2,120.0,110;10,1080;1430
2558,1354_2020-02-13,1354,4,263.15999999999997,7.47;14;111.69;130,832;832;1146;1146
2559,1354_2020-02-14,1354,4,343.84000000000003,36.9;31;140.94;135,485;485;1051;1051
2560,1354_2020-02-15,1354,3,175.0,31;14;130,488;733;1045
2561,1354_2020-02-16,1354,2,157.0,19;138,455;1030
2562,1354_2020-02-17,1354,3,97.0,14;43;40,501;1098;1148
2563,1354_2020-02-18,1354,2,163.0,13;150,705;1075
2564,1354_2020-02-19,1354,3,305.0,145;40;120,877;1103;1322
2565,1354_2020-02-20,1354,2,195.0,60;135,705;1141
2566,1354_2020-02-21,1354,3,191.0,13;13;165,472;894;1176
2567,1354_2020-02-22,1354,4,216.0,13;13;120;70,472;858;1047;1110
2568,1354_2020-02-23,1354,8,338.24,27.94;23;30.46;13;78.29;130;13.55;22,464;464;755;755;1160;1160;1329;1329
2569,1354_2020-02-25,1354,3,140.0,27;13;100,534;773;1190
2570,1357_2019-10-02,1357,4,136.84,40.14;25;31.7;40,826;826;1212;1212
2571,1357_2019-10-03,1357,5,120.0,30;20;35;20;15,735;897;1147;1250;1405
2572,1357_2019-10-04,1357,5,100.0,25;15;5;30;25,757;909;958;1233;1426
2573,1357_2019-10-07,1357,5,81.0,10;10;21;20;20,537;780;843;1216;1311
2574,1357_2019-10-09,1357,4,154.11,26.41;30;62.7;35,745;745;1180;1180
2575,1357_2019-10-10,1357,3,100.0,40;30;30,810;1245;1387
2576,1357_2019-10-13,1357,3,55.0,25;10;20,570;866;1005
2577,1357_2019-10-14,1357,6,94.0,25;4;10;20;5;30,673;801;958;967;973;1205
2578,1357_2019-10-15,1357,8,195.99,16.55;25;43.28;30;23.91;15;22.25;20,612;612;793;793;825;825;952;952
2579,1357_2019-10-17,1357,3,70.0,25;20;25,73;1050;1285
2580,1357_2019-10-18,1357,4,110.0,20;25;20;45,578;844;920;1237
2581,1357_2019-10-19,1357,9,169.0,17;20;15;15;25;20;12;30;15,490;660;692;697;869;899;941;1244;1319
2582,1357_2019-10-20,1357,6,110.0,5;25;20;20;20;20,480;782;807;1097;1226;1266
2583,1357_2019-10-21,1357,6,95.0,25;10;15;25;15;5,639;680;788;910;1224;1241
2584,1357_2019-10-23,1357,8,286.83,41.17;25;86.24;15;47.21;5.48;41.73;25,681;681;916;916;1122;1122;1122;1122
2585,1357_2019-10-24,1357,4,91.0,25;31;15;20,787;964;1213;1241
2586,1357_2019-10-25,1357,7,125.0,15;10;15;30;15;25;15,531;661;750;1045;1225;1305;1335
2587,1357_2019-10-26,1357,7,161.0,21;15;25;10;20;40;30,553;741;894;935;1020;1140;1245
2588,1357_2019-10-27,1357,6,112.0,30;10;20;10;20;22,384;795;883;1094;1257;1290
2589,1357_2019-10-28,1357,4,90.0,25;20;25;20,534;796;974;1230
2590,1359_2020-01-19,1359,6,226.38,7.22;2;65.54;47;59.62;45,640;640;672;672;1030;1030
2591,1359_2020-01-20,1359,8,292.4,29.01;2;49.19;10.67;38.52;30;83.01;50,339;339;795;795;795;795;1074;1074
2592,1359_2020-01-21,1359,4,82.0,2;30;5;45,500;765;1008;1154
2593,1359_2020-01-22,1359,3,114.0,27;27;60,424;734;1147
2594,1359_2020-01-23,1359,3,42.0,30;10;2,727;1120;1292
2595,1359_2020-01-24,1359,4,158.07999999999998,18.03;24;61.05;55,547;547;1130;1130
2596,1359_2020-01-26,1359,6,231.01,19.58;24;49.8;40;52.63;45,569;569;765;765;1093;1093
2597,1359_2020-01-27,1359,6,226.64000000000001,62.43;47;22.77;27;43.44;24,781;781;801;801;1083;1083
2598,1359_2020-01-28,1359,3,87.0,2;30;55,475;711;1131
2599,1359_2020-01-29,1359,2,45.0,15;30,731;1150
2600,1359_2020-01-30,1359,4,135.0,20;30;45;40,418;729;1149;1190
2601,1359_2020-01-31,1359,8,324.42999999999995,36.2;45;53.31;30;26.9;30;78.02;25,554;554;850;850;890;890;1135;1135
2602,1359_2020-02-01,1359,6,205.71,51.37;40;10.58;19;49.76;35,743;743;889;889;1094;1094
2603,1359_2020-02-02,1359,8,163.32,40.96;20;10.58;19;8.83;10;28.95;25,702;702;767;767;1015;1015;1141;1141
2604,1359_2020-02-03,1359,4,148.43,17.85;10;70.58;50,777;777;1100;1100
2605,1359_2020-02-04,1359,4,102.0,20;10;45;27,421;756;1140;1174
2606,1359_2020-02-05,1359,3,112.0,27;40;45,378;786;1101
2607,1359_2020-02-06,1359,4,77.0,27;10;20;20,629;775;906;1139
2608,1359_2020-02-07,1359,3,100.0,35;35;30,569;884;1154
2609,1359_2020-02-08,1359,5,137.0,27;25;20;30;35,666;685;854;1045;1213
2610,1359_2020-02-09,1359,8,167.51,6.61;25;30.3;15;32.79;35;11.81;11,685;685;765;765;1080;1080;1200;1200
2611,1359_2020-02-10,1359,2,65.0,25;40,706;1117
2612,1359_2020-02-11,1359,2,78.0,38;40,763;1089
2613,1359_2020-02-12,1359,4,108.0,38;15;40;15,410;814;1110;1191
2614,1359_2020-02-13,1359,3,65.0,20;18;27,435;720;1154
2615,1359_2020-02-14,1359,3,90.0,20;30;40,779;1032;1153
2616,1359_2020-02-15,1359,4,110.0,30;20;25;35,783;977;1174;1185
2617,1361_2019-12-12,1361,3,210.0,45;120;45,1035;1051;1095
2618,1361_2019-12-13,1361,6,255.0,20;25;25;20;105;60,481;624;833;871;1064;1300
2619,1361_2019-12-21,1361,7,240.0,20;25;15;25;20;90;45,540;626;735;820;897;1100;1360
2620,1361_2019-12-22,1361,8,240.0,20;25;15;25;20;75;40;20,513;624;748;824;933;1082;1242;1382
2621,1361_2019-12-23,1361,6,315.0,20;25;45;50;75;100,525;693;780;898;1050;1393
2622,1361_2019-12-24,1361,5,215.0,20;25;45;80;45,468;515;760;945;1092
2623,1361_2019-12-25,1361,3,155.0,60;50;45,705;1030;1230
2624,1361_2019-12-26,1361,1,40.0,40,1425
2625,1361_2019-12-27,1361,4,235.0,40;25;50;120,570;810;870;1050
2626,1361_2019-12-28,1361,4,184.0,20;24;40;100,697;909;930;1106
2627,1361_2019-12-29,1361,3,105.0,25;20;60,606;680;820
2628,1361_2019-12-30,1361,4,135.0,20;25;45;45,544;734;904;955
2629,1361_2020-01-02,1361,4,175.0,60;45;45;25,555;800;868;1348
2630,1361_2020-01-03,1361,5,190.0,20;25;45;75;25,502;611;783;1103;1377
2631,1361_2020-01-04,1361,5,210.0,20;25;30;45;90,529;662;748;826;1055
2632,1361_2020-01-05,1361,6,320.0,20;25;50;45;90;90,479;600;840;930;1066;1356
2633,1362_2021-01-14,1362,4,155.0,35;30;65;25,620;829;1136;1353
2634,1362_2021-01-15,1362,6,295.86,25;65;20;40;125.86;20,668;785;983;1116;1291;1291
2635,1362_2021-01-16,1362,3,70.0,15;20;35,601;807;1111
2636,1362_2021-01-18,1362,3,120.0,20;45;55,581;787;1192
2637,1362_2021-01-19,1362,3,105.0,20;40;45,11;742;1115
2638,1362_2021-01-20,1362,3,103.0,50;30;23,765;1351;1438
2639,1362_2021-01-23,1362,4,135.0,20;60;15;40,574;739;887;1121
2640,1362_2021-01-24,1362,5,158.99,21.89;30;25;62.1;20,745;745;1055;1296;1296
2641,1362_2021-01-25,1362,7,200.56,38.91;20;8.68;30;24.1;25;53.87,598;598;764;764;1187;1187;1294
2642,1362_2021-01-26,1362,4,153.0,33;55;45;20,585;815;1142;1377
2643,1362_2021-01-27,1362,2,54.0,25;29,756;757
2644,1362_2021-01-28,1362,7,160.62,53.87;45.8;20;10.89;2.5;7.56;20,693;839;839;960;1149;1207;1207
2645,1362_2021-01-30,1362,4,100.0,20;40;25;15,630;818;1301;1373
2646,1362_2021-01-31,1362,4,95.0,15;15;40;25,727;795;1108;1322
2647,1362_2021-02-01,1362,6,156.0,50;11;25;15;25;30,587;749;843;1023;1111;1378
2648,1362_2021-02-02,1362,6,150.0,15;40;30;15;35;15,7;579;791;1043;1100;1389
2649,1362_2021-02-03,1362,5,183.0,33;65;20;45;20,576;765;790;1180;1246
2650,1362_2021-02-04,1362,8,219.8,38.1;25;41.44;55;18.84;20;11.42;10,832;832;1154;1154;1175;1175;1402;1402
2651,1362_2021-02-06,1362,6,175.0,20;60;25;15;35;20,579;742;901;914;1100;1112
2652,1362_2021-02-07,1362,6,260.0,65;65;20;20;50;40,562;761;817;948;1103;1381
2653,1362_2021-02-08,1362,4,130.0,20;50;5;55,576;786;1012;1139
2654,1362_2021-02-09,1362,4,185.0,65;60;40;20,566;573;1170;1373
2655,1362_2021-02-10,1362,3,112.0,20;30;62,628;770;1136
2656,1363_2021-03-01,1363,4,225.0,40;100;25;60,553;852;918;1074
2657,1363_2021-03-02,1363,4,152.0,50;45;2;55,626;742;867;1039
2658,1363_2021-03-03,1363,3,120.0,40;40;40,552;702;1055
2659,1363_2021-03-04,1363,3,85.0,20;5;60,597;720;1092
2660,1363_2021-03-05,1363,5,200.0,90;30;20;25;35,580;764;781;866;1138
2661,1363_2021-03-06,1363,4,90.0,50;15;10;15,605;779;855;1259
2662,1363_2021-03-07,1363,3,200.0,70;50;80,588;884;1080
2663,1363_2021-03-08,1363,2,125.0,70;55,695;1180
2664,1363_2021-03-09,1363,4,191.0,46;70;15;60,656;823;1118;1150
2665,1363_2021-03-10,1363,4,175.0,20;45;50;60,630;839;967;1116
2666,1363_2021-03-11,1363,3,245.0,25;120;100,574;760;1147
2667,1363_2021-03-12,1363,4,200.0,60;70;55;15,600;855;1191;1221
2668,1363_2021-03-13,1363,3,190.0,50;80;60,562;813;1162
2669,1363_2021-03-14,1363,3,140.0,25;55;60,603;703;1043
2670,1363_2021-03-15,1363,4,245.0,60;80;5;100,500;732;942;1083
2671,1363_2021-03-16,1363,3,95.0,50;40;5,458;740;1147
2672,1363_2021-03-17,1363,3,170.0,60;50;60,515;799;957
2673,1363_2021-03-18,1363,3,190.0,40;70;80,556;743;1167
2674,1363_2021-03-19,1363,4,170.0,40;30;70;30,599;749;1098;1133
2675,1363_2021-03-20,1363,7,287.0,57;75;15;35;5;70;30,558;796;805;945;1042;1054;1178
2676,1363_2021-03-21,1363,3,210.0,60;70;80,593;747;1118
2677,1363_2021-03-22,1363,3,195.0,30;75;90,653;727;1137
2678,1363_2021-03-23,1363,4,200.0,35;25;60;80,576;868;1031;1210
2679,1363_2021-03-24,1363,4,235.0,65;10;100;60,619;780;897;1132
2680,1363_2021-03-25,1363,6,174.0,35;15;40;14;60;10,675;688;862;873;1092;1128
2681,1363_2021-03-26,1363,6,230.0,20;80;30;30;20;50,590;718;949;1004;1027;1047
2682,1363_2021-03-27,1363,4,195.0,60;70;35;30,549;717;1059;1090
2683,1363_2021-03-28,1363,4,116.0,50;40;1;25,560;779;940;1154
2684,1365_2020-04-21,1365,3,91.0,33;37;21,901;1144;1254
2685,1365_2020-04-22,1365,6,112.0,20;5;24;15;38;10,546;680;843;970;1121;1287
2686,1365_2020-04-23,1365,5,73.0,8;18;10;21;16,603;844;1027;1116;1187
2687,1365_2020-04-26,1365,3,54.0,20;8;26,617;729;1192
2688,1365_2020-04-27,1365,4,52.0,10;22;10;10,702;847;1179;1246
2689,1365_2020-04-30,1365,4,87.0,15;10;22;40,559;748;782;1157
2690,1365_2020-05-03,1365,3,89.0,6;44;39,529;804;1202
2691,1365_2020-05-04,1365,3,83.0,20;20;43,678;859;1140
2692,1365_2020-05-07,1365,3,73.0,10;33;30,624;767;1194
2693,1365_2020-05-10,1365,4,68.0,10;20;18;20,626;1015;1016;1090
2694,1365_2020-05-11,1365,2,35.0,10;25,517;1134
2695,1365_2020-05-12,1365,4,60.0,10;20;10;20,480;765;870;1260
2696,1365_2020-05-14,1365,8,212.17,23.66;10;33.29;10;55.7;48;15.52;16,561;561;736;736;1187;1187;1317;1317
2697,1365_2020-05-15,1365,2,83.0,37;46,556;1114
2698,1365_2020-05-16,1365,3,77.0,27;30;20,580;825;1125
2699,1365_2020-05-17,1365,3,101.0,37;34;30,578;855;1284
2700,1365_2020-05-18,1365,3,78.0,12;30;36,675;779;1130
2701,1369_2020-10-29,1369,5,150.0,42;30;25;41;12,412;435;788;1114;1166
2702,1369_2020-10-31,1369,4,170.0,60;30;40;40,423;708;946;1120
2703,1369_2020-11-01,1369,5,180.0,60;45;20;20;35,468;728;748;1065;1152
2704,1369_2020-11-04,1369,6,245.0,60;40;40;40;15;50,455;532;702;1040;1099;1170
2705,1369_2020-11-07,1369,5,210.0,60;35;40;40;35,436;687;928;1060;1098
2706,1369_2020-11-08,1369,4,210.0,80;40;50;40,480;795;1072;1162
2707,1369_2020-11-11,1369,3,165.0,60;70;35,917;918;1059
2708,1369_2020-11-12,1369,3,100.0,60;20;20,490;780;1106
2709,1369_2020-11-13,1369,4,200.0,80;20;50;50,460;654;967;1095
2710,1369_2020-11-14,1369,4,230.0,80;55;40;55,540;798;985;1156
2711,1369_2020-11-15,1369,4,200.0,75;50;25;50,500;789;990;1136
2712,1369_2020-11-18,1369,3,170.0,60;60;50,490;835;1110
2713,1369_2020-11-19,1369,4,180.0,60;30;40;50,460;732;851;1065
2714,1369_2020-11-20,1369,3,190.0,60;50;80,455;525;1080
2715,1369_2020-11-21,1369,4,175.0,60;40;30;45,452;754;1035;1116
2716,1369_2020-11-22,1369,5,265.0,60;30;75;50;50,442;547;855;1110;1438
2717,1369_2020-11-25,1369,4,180.0,65;45;25;45,474;735;878;1128
2718,137_2020-05-21,137,3,110.0,30;30;50,520;788;1062
2719,137_2020-05-22,137,4,115.81,5;30;40.81;40,586;766;1212;1212
2720,137_2020-05-23,137,3,105.0,40;15;50,480;750;1209
2721,137_2020-05-24,137,3,60.0,5;10;45,334;908;1201
2722,137_2020-05-26,137,3,82.0,2;60;20,458;800;1146
2723,137_2020-05-27,137,4,200.0,30;50;40;80,389;829;922;1216
2724,137_2020-05-28,137,3,170.0,30;60;80,359;765;1215
2725,137_2020-05-29,137,6,172.73,16.12;30;49.07;45;2.54;30,937;937;944;944;1169;1169
2726,137_2020-05-30,137,6,253.85,57.05;30;6.21;20;60.59;80,349;349;752;752;1197;1197
2727,137_2020-05-31,137,4,115.0,5;50;30;30,378;870;1080;1192
2728,137_2020-06-01,137,6,137.62,45.28;40;6.52;20;15.82;10,348;348;863;863;1201;1201
2729,137_2020-06-02,137,6,202.56,37.14;30;11.47;20;53.95;50,510;510;880;880;1239;1239
2730,137_2020-06-03,137,2,110.0,10;100,458;745
2731,137_2020-06-04,137,6,133.17000000000002,1.81;15;6.77;30;39.59;40,628;628;850;850;1234;1234
2732,137_2020-06-05,137,6,297.28,49.73;60;79.63;50;17.92;40,601;601;838;838;1120;1120
2733,137_2020-06-06,137,2,85.0,5;80,330;1224
2734,137_2020-06-07,137,3,60.0,10;30;20,324;770;1172
2735,137_2020-06-09,137,3,140.0,10;80;50,390;810;1240
2736,137_2020-06-10,137,3,170.0,50;40;80,375;585;790
2737,137_2020-06-11,137,3,150.0,30;60;60,501;711;1110
2738,137_2020-06-12,137,3,110.0,20;70;20,531;780;1236
2739,1377_2020-09-16,1377,4,180.0,50;70;10;50,730;910;1047;1208
2740,1377_2020-09-17,1377,3,85.0,15;30;40,608;839;1102
2741,1377_2020-09-18,1377,5,189.0,51;18;50;35;35,654;735;887;1027;1083
2742,1377_2020-09-19,1377,4,144.0,36;35;18;55,637;884;928;1089
2743,1377_2020-09-22,1377,3,125.0,35;70;20,575;790;1185
2744,1377_2020-09-23,1377,5,156.0,35;38;18;55;10,635;831;963;1150;1287
2745,1377_2020-09-24,1377,3,194.0,59;60;75,566;805;1147
2746,1377_2020-09-25,1377,3,148.0,73;45;30,609;745;1034
2747,1377_2020-09-26,1377,5,150.0,49;36;35;18;12,595;773;1020;1172;1239
2748,1377_2020-09-27,1377,4,143.0,35;25;75;8,552;832;1200;1343
2749,1377_2020-09-28,1377,4,143.0,28;60;30;25,602;789;1095;1248
2750,1377_2020-09-29,1377,3,146.0,30;82;34,645;877;1219
2751,1377_2020-09-30,1377,4,128.0,50;30;18;30,644;888;1090;1114
2752,1377_2020-10-01,1377,4,107.0,28;35;26;18,542;766;1148;1170
2753,1377_2020-10-02,1377,4,169.0,58;60;16;35,559;821;1005;1114
2754,1377_2020-10-03,1377,5,151.0,30;40;65;4;12,607;906;1100;1142;1169
2755,1377_2020-10-04,1377,5,124.0,10;50;19;30;15,540;678;765;1181;1295
2756,1377_2020-10-05,1377,3,105.0,25;15;65,702;933;1150
2757,1377_2020-10-06,1377,3,120.0,45;50;25,449;691;1005
2758,1377_2020-10-07,1377,5,136.0,38;30;38;8;22,512;704;999;1055;1245
2759,1377_2020-10-08,1377,6,166.0,18;30;35;18;50;15,542;601;808;1068;1176;1272
2760,1377_2020-10-09,1377,3,111.0,45;19;47,750;1006;1163
2761,1377_2020-10-10,1377,4,149.0,27;58;8;56,640;824;991;1141
2762,1377_2020-10-11,1377,4,160.0,5;42;58;55,502;549;770;1136
2763,1377_2020-10-12,1377,3,107.0,47;40;20,528;750;1120
2764,1377_2020-10-13,1377,3,145.0,63;47;35,593;1002;1105
2765,1378_2020-05-24,1378,9,121.0,25;35;20;6;6;2;5;10;12,567;699;858;1037;1054;1068;1101;1183;1202
2766,1378_2020-05-27,1378,9,73.0,8;11;12;20;5;4;4;5;4,371;453;557;978;1069;1111;1261;1312;1347
2767,1378_2020-05-28,1378,7,83.0,22;20;4;10;4;14;9,773;806;864;927;999;1160;1225
2768,1378_2020-05-31,1378,8,116.0,14;24;10;40;10;10;4;4,318;563;627;691;864;1071;1116;1299
2769,1378_2020-06-01,1378,6,78.0,8;10;22;30;4;4,283;588;695;1170;1209;1230
2770,1378_2020-06-03,1378,8,72.0,20;10;8;12;5;4;2;11,395;804;1020;1030;1068;1130;1258;1327
2771,1378_2020-06-12,1378,7,110.0,10;24;10;29;16;17;4,636;727;733;1033;1082;1206;1257
2772,1381_2019-03-14,1381,6,286.86,64.38;72;30.35;50;20.13;50,829;829;1120;1120;1186;1186
2773,1381_2019-03-15,1381,3,265.0,80;130;55,747;1180;1294
2774,1381_2019-03-16,1381,4,215.0,25;65;50;75,732;859;1155;1277
2775,1381_2019-03-19,1381,2,85.0,20;65,845;1142
2776,1381_2019-03-20,1381,2,78.0,43;35,874;1300
2777,1381_2019-03-22,1381,5,260.45,72.75;75;27.7;55;30,871;871;1152;1152;1279
2778,1381_2019-03-23,1381,2,150.0,95;55,809;1179
2779,1381_2019-03-24,1381,4,190.0,25;50;50;65,12;783;1207;1315
2780,1381_2019-03-25,1381,3,181.0,58;85;38,789;1189;1327
2781,1381_2019-03-26,1381,8,356.88,57.06;60;19.44;21;24.78;52;62.6;60,820;820;979;979;1208;1208;1316;1316
2782,1381_2019-03-27,1381,5,322.12,23.71;51;114.41;85;48,796;796;1207;1207;1363
2783,1381_2019-03-28,1381,2,90.0,40;50,798;1189
2784,1381_2019-03-29,1381,2,170.0,50;120,902;1188
2785,1381_2019-03-30,1381,2,175.0,95;80,804;1213
2786,1381_2019-03-31,1381,4,172.0,50;75;12;35,781;913;1177;1315
2787,1381_2019-04-01,1381,2,95.0,55;40,781;1177
2788,1381_2019-04-03,1381,6,239.95,14.36;39;9.37;5;80.22;92,804;804;1219;1219;1238;1238
2789,1381_2019-04-04,1381,2,125.0,25;100,720;1221
2790,1381_2019-04-05,1381,2,150.0,75;75,857;1159
2791,1381_2019-04-06,1381,6,193.13,42.05;60;30.54;26.88;3.66;30,833;833;1179;1179;1179;1179
2792,1381_2019-04-07,1381,7,358.84000000000003,78.36;32.26;46.11;85;42.11;45;30,756;756;756;756;1177;1177;1325
2793,1381_2019-04-08,1381,2,123.0,65;58,834;1214
2794,1381_2019-04-09,1381,2,171.0,101;70,855;1223
2795,1385_2021-03-10,1385,3,110.0,45;20;45,722;953;1056
2796,1385_2021-03-11,1385,3,90.0,45;25;20,686;1104;1163
2797,1385_2021-03-12,1385,3,110.0,10;35;65,476;686;1080
2798,1385_2021-03-13,1385,3,111.0,36;40;35,584;816;1093
2799,1385_2021-03-14,1385,5,196.0,45;40;35;26;50,347;901;918;1137;1252
2800,1385_2021-03-15,1385,3,100.0,30;35;35,420;705;1075
2801,1385_2021-03-16,1385,4,115.0,20;35;35;25,552;721;889;1140
2802,1385_2021-03-17,1385,3,130.0,40;60;30,669;938;1266
2803,1385_2021-03-18,1385,4,156.47,30;25;61.47;40,502;761;1220;1220
2804,1385_2021-03-19,1385,2,80.0,20;60,705;1262
2805,1385_2021-03-20,1385,2,70.0,10;60,497;1216
2806,1385_2021-03-21,1385,6,153.92000000000002,14.09;15;35.31;30;24.52;35,632;632;771;771;1251;1251
2807,1385_2021-03-22,1385,8,250.28,21.13;25;45.28;35;19.09;15;49.78;40,770;770;834;834;1026;1026;1208;1208
2808,1385_2021-03-23,1385,7,265.55,32.94;15;45.28;35;47.33;40;50,667;667;743;743;1057;1057;1230
2809,1385_2021-03-24,1385,8,339.05,1.2;5;45.28;35;98.48;70;44.09;40,492;492;744;744;1095;1095;1260;1260
2810,1385_2021-03-25,1385,4,105.0,15;35;20;35,615;730;1185;1245
2811,1385_2021-03-26,1385,5,197.28,48.65;40;39.09;19.54;50,802;802;1071;1071;1071
2812,1385_2021-03-27,1385,6,255.83,42.63;40;33.55;40;54.65;45,481;481;744;744;1136;1136
2813,1385_2021-03-28,1385,4,190.0,60;45;55;30,259;432;974;1110
2814,1385_2021-03-29,1385,3,110.0,25;40;45,510;900;1159
2815,1385_2021-03-30,1385,3,85.0,25;50;10,642;750;1360
2816,1385_2021-03-31,1385,3,100.0,20;30;50,687;1015;1140
2817,1385_2021-04-01,1385,4,150.0,15;50;55;30,695;925;1165;1283
2818,1385_2021-04-02,1385,8,272.36,50.78;45;21.78;20;41.5;50;15.3;28,268;268;709;709;1073;1073;1130;1130
2819,1385_2021-04-03,1385,6,245.0,50;60;25;45;25;40,233;504;663;698;992;1219
2820,1385_2021-04-04,1385,3,125.0,25;25;75,510;1178;1178
2821,1385_2021-04-05,1385,5,100.0,15;35;20;20;10,419;540;705;801;1141
2822,1385_2021-04-06,1385,3,80.0,5;25;50,435;720;1170
2823,1386_2020-01-05,1386,7,280.0,50;15;80;33;52;15;35,465;673;751;929;1147;1175;1203
2824,1386_2020-01-08,1386,5,235.0,45;55;25;80;30,531;758;1080;1142;1252
2825,1386_2020-01-09,1386,5,240.0,45;55;60;20;60,560;795;915;1177;1213
2826,1386_2020-01-10,1386,5,290.0,70;75;55;55;35,585;777;930;1125;1264
2827,1386_2020-01-13,1386,6,240.0,29;40;15;65;21;70,471;519;713;825;982;1134
2828,1386_2020-01-14,1386,5,245.0,75;40;60;55;15,524;600;842;1250;1301
2829,1386_2020-01-17,1386,5,235.0,40;30;50;75;40,538;654;832;1208;1232
2830,1386_2020-01-20,1386,6,260.0,75;30;30;30;65;30,585;825;850;922;1200;1323
2831,1386_2020-01-21,1386,4,145.0,60;30;15;40,625;817;888;1196
2832,1386_2020-01-22,1386,3,145.0,55;60;30,542;769;1056
2833,1386_2020-01-23,1386,5,205.0,60;15;35;75;20,545;810;879;1100;1276
2834,1386_2020-01-26,1386,7,240.0,40;20;75;25;5;50;25,514;598;705;740;830;1141;1248
2835,1386_2020-01-27,1386,9,290.0,45;10;25;60;25;20;60;15;30,488;514;593;765;910;960;1176;1309;1352
2836,1386_2020-01-28,1386,6,285.0,40;40;75;35;55;40,450;733;744;995;1172;1231
2837,1386_2020-01-29,1386,4,165.0,70;15;60;20,926;990;1195;1310
2838,1386_2020-01-30,1386,5,192.0,44;60;25;55;8,538;719;838;1197;1314
2839,1387_2021-02-15,1387,3,130.0,45;45;40,369;741;1184
2840,1387_2021-02-16,1387,5,157.0,37;15;50;20;35,381;603;853;1108;1162
2841,1387_2021-02-19,1387,4,95.0,40;15;20;20,487;927;991;1114
2842,1387_2021-02-20,1387,6,164.0,35;45;2;10;37;35,530;738;895;1037;1120;1175
2843,1387_2021-02-21,1387,5,128.0,37;9;45;25;12,377;572;770;1102;1168
2844,1387_2021-02-22,1387,8,350.39,68.46;35;66.14;42;25.29;15;53.5;45,423;423;721;721;1157;1157;1174;1174
2845,1387_2021-02-26,1387,6,150.0,40;50;15;15;20;10,489;741;916;1084;1093;1137
2846,1387_2021-02-27,1387,6,94.0,25;15;1;15;15;23,768;808;887;1131;1143;1290
2847,1387_2021-02-28,1387,6,168.0,50;35;33;10;30;10,377;659;1055;1072;1172;1299
2848,1387_2021-03-01,1387,6,167.0,28;25;40;47;15;12,368;563;786;1084;1134;1278
2849,1387_2021-03-02,1387,5,159.0,37;30;45;30;17,384;542;744;1153;1255
2850,1387_2021-03-03,1387,6,200.0,2;35;38;65;50;10,404;452;635;826;1122;1193
2851,1387_2021-03-04,1387,7,150.0,35;50;3;3;35;22;2,394;767;983;1040;1089;1279;1323
2852,1387_2021-03-05,1387,6,104.0,35;12;2;20;25;10,500;823;903;1086;1125;1165
2853,1387_2021-03-06,1387,6,166.0,45;45;10;45;9;12,540;739;909;943;1201;1248
2854,1387_2021-03-07,1387,5,116.0,60;5;4;20;27,369;656;1024;1155;1176
2855,1387_2021-03-10,1387,9,193.0,37;4;42;40;15;5;40;5;5,375;591;813;843;1106;1208;1231;1287;1351
2856,1387_2021-03-11,1387,8,204.0,40;55;10;7;5;25;55;7,383;727;759;1013;1097;1150;1167;1313
2857,1387_2021-03-12,1387,7,158.0,45;10;49;15;15;12;12,525;620;775;844;1129;1240;1363
2858,1387_2021-03-13,1387,6,176.0,30;10;50;28;30;28,507;702;785;978;1102;1231
2859,1387_2021-03-14,1387,5,188.0,31;70;10;55;22,378;720;830;1128;1260
2860,1396_2020-04-05,1396,6,153.0,35;35;19;29;25;10,541;771;851;1116;1335;1380
2861,1396_2020-04-08,1396,5,170.0,40;25;30;60;15,641;682;828;1146;1272
2862,1396_2020-04-09,1396,5,130.0,25;25;40;30;10,460;555;744;1112;1237
2863,1396_2020-04-12,1396,7,154.0,5;5;40;12;18;24;50,485;646;792;821;867;1076;1127
2864,1396_2020-04-15,1396,4,178.0,33;45;50;50,578;834;1189;1294
2865,1396_2020-04-16,1396,5,150.0,24;58;40;20;8,662;862;1138;1164;1293
2866,1396_2020-04-17,1396,5,120.0,35;30;15;30;10,474;727;746;1068;1110
2867,1396_2020-04-18,1396,7,152.0,35;25;12;30;15;20;15,477;774;985;1080;1200;1285;1369
2868,1396_2020-04-19,1396,6,200.0,30;45;20;50;40;15,490;752;778;872;1136;1305
2869,1396_2020-04-20,1396,5,144.0,30;40;15;35;24,472;745;874;1115;1233
2870,1396_2020-04-21,1396,8,322.7,31.54;50;34.46;40;26.39;35;65.31;40,634;634;913;913;996;996;1282;1282
2871,1396_2020-04-23,1396,4,122.0,27;50;15;30,451;771;1086;1102
2872,1396_2020-04-24,1396,8,168.0,25;45;13;20;10;15;15;25,434;749;783;1003;1113;1120;1136;1331
2873,1396_2020-04-25,1396,9,254.18,28.6;46;55.72;46;25.34;15;14.74;12.78;10,534;534;918;918;945;945;1100;1268;1268
2874,1396_2020-04-27,1396,5,197.0,35;17;35;50;60,469;739;988;1227;1275
2875,1396_2020-04-28,1396,6,119.0,5;30;15;9;15;45,600;625;901;1141;1164;1412
2876,1396_2020-04-29,1396,6,131.0,35;9;16;6;30;35,698;784;877;1051;1163;1228
2877,1396_2020-04-30,1396,6,135.0,30;25;12;25;25;18,482;728;921;1100;1245;1259
2878,14_2020-04-26,14,3,96.0,42;19;35,500;695;1146
2879,14_2020-04-27,14,4,115.0,38;7;39;31,427;510;765;1154
2880,14_2020-04-28,14,8,271.09999999999997,46.1;37;27.8;35;45.6;5.77;39.83;34,551;551;802;802;1068;1068;1068;1068
2881,14_2020-04-30,14,4,108.0,34;15;44;15,625;952;1023;1242
2882,14_2020-05-01,14,3,88.0,25;41;22,712;1067;1221
2883,14_2020-05-02,14,3,80.0,31;12;37,456;604;702
2884,14_2020-05-03,14,6,157.20000000000002,37.18;37;22.87;15;27.15;18,532;532;868;868;1116;1116
2885,14_2020-05-04,14,4,166.68,36.21;41;51.47;38,534;534;1052;1052
2886,14_2020-05-07,14,2,71.0,45;26,632;1050
2887,14_2020-05-08,14,4,111.0,13;48;34;16,443;741;1071;1343
2888,14_2020-05-09,14,3,80.0,39;13;28,540;722;1070
2889,14_2020-05-10,14,8,192.81,15.6;26;8.31;13;25.53;19;50.37;35,533;533;760;760;924;924;1081;1081
2890,14_2020-05-11,14,6,165.99,16.53;32;22.7;21;36.76;37,518;518;704;704;1090;1090
2891,14_2020-05-12,14,4,112.0,33;28;12;39,517;735;967;1090
2892,14_2020-05-13,14,3,81.0,10;38;33,527;681;1098
2893,14_2020-05-14,14,3,93.0,13;45;35,529;739;1135
2894,14_2020-05-15,14,3,76.0,28;30;18,462;783;1170
2895,14_2020-05-16,14,3,62.0,20;19;23,692;828;1240
2896,14_2020-05-17,14,6,122.25,29.81;22;22.7;22;10.74;15,589;589;770;770;1145;1145
2897,14_2020-05-18,14,6,146.77,27.29;13;25.8;16;45.68;19,581;581;731;731;1200;1200
2898,14_2020-05-19,14,2,35.0,13;22,824;994
2899,14_2020-05-20,14,2,42.0,18;24,738;1295
2900,14_2020-05-21,14,2,52.0,16;36,614;1053
2901,14_2020-05-22,14,3,70.0,25;18;27,754;949;1118
2902,14_2020-05-23,14,3,77.0,18;18;41,642;802;1157
2903,1400_2020-10-26,1400,9,144.0,23;4;3;20;22;22;20;15;15,82;463;795;923;948;1273;1370;1404;1435
2904,1400_2020-10-29,1400,5,79.0,25;20;20;10;4,1115;1278;1296;1327;1346
2905,1400_2020-11-02,1400,7,107.0,12;24;12;25;3;8;23,866;895;955;1105;1121;1170;1305
2906,1400_2020-11-04,1400,6,120.0,35;4;20;17;30;14,665;753;827;1204;1256;1286
2907,1400_2020-11-05,1400,5,80.0,3;22;24;9;22,146;863;1149;1179;1331
2908,1400_2020-11-06,1400,8,122.0,12;28;25;12;6;11;8;20,24;650;1159;1281;1283;1310;1323;1386
2909,1400_2020-11-07,1400,6,113.0,25;12;26;10;30;10,687;948;1066;1171;1188;1361
2910,1400_2020-11-08,1400,5,116.0,28;15;24;14;35,284;321;982;1120;1416
2911,1400_2020-11-09,1400,9,204.0,11;14;28;32;16;16;25;32;30,20;81;570;900;1034;1082;1112;1195;1240
2912,1400_2020-11-10,1400,5,72.0,12;27;6;7;20,885;905;985;1060;1315
2913,1400_2020-11-12,1400,7,186.0,22;35;33;13;20;23;40,503;826;1032;1156;1179;1246;1273
2914,1400_2020-11-15,1400,9,190.0,5;10;16;40;8;21;10;10;70,24;655;838;885;911;1046;1081;1101;1313
2915,1400_2020-11-16,1400,5,121.0,22;18;24;35;22,712;976;1181;1342;1384
2916,1400_2020-11-17,1400,6,126.0,24;16;15;8;18;45,370;483;1192;1230;1265;1317
2917,1406_2019-12-24,1406,6,303.79999999999995,44.01;30;37.63;45;82.16;65,601;601;800;800;1118;1118
2918,1406_2019-12-25,1406,6,269.48,46.29;60;19.35;17;76.84;50,734;734;909;909;1128;1128
2919,1406_2019-12-27,1406,3,152.0,45;52;55,550;783;1110
2920,1406_2019-12-28,1406,3,145.0,45;50;50,647;827;1105
2921,1406_2019-12-29,1406,2,130.0,65;65,769;1068
2922,1406_2019-12-31,1406,6,329.53999999999996,46.76;50;77.27;70;45.51;40,622;622;808;808;1148;1148
2923,1406_2020-01-01,1406,3,162.0,17;75;70,591;729;1156
2924,1406_2020-01-03,1406,8,305.03000000000003,50.43;40;13.74;20;20.25;15;90.61;55,569;569;768;768;965;965;1144;1144
2925,1406_2020-01-04,1406,2,60.0,35;25,608;1083
2926,1406_2020-01-05,1406,3,155.0,45;60;50,709;922;1137
2927,1406_2020-01-06,1406,3,138.0,66;17;55,686;981;1120
2928,1406_2020-01-07,1406,2,158.0,33;125,691;1029
2929,1406_2020-01-08,1406,3,194.0,40;29;125,593;916;1045
2930,1406_2020-01-09,1406,3,135.0,40;50;45,503;755;1126
2931,1406_2020-01-11,1406,6,309.75,78.85;65;37.66;50;38.24;40,684;684;843;843;1094;1094
2932,1406_2020-01-12,1406,3,210.0,80;40;90,754;904;1118
2933,1406_2020-01-13,1406,3,192.0,75;57;60,595;927;1124
2934,1406_2020-01-14,1406,5,255.0,60;50;50;60;35,679;761;910;1088;1281
2935,1406_2020-01-15,1406,4,192.0,60;55;50;27,596;862;1050;1135
2936,1406_2020-01-16,1406,5,265.0,50;35;45;50;85,500;596;964;1129;1315
2937,1406_2020-01-18,1406,6,267.89,48.12;60;40.32;63;26.45;30,599;599;768;768;1114;1114
2938,1406_2020-01-19,1406,4,175.0,20;75;50;30,641;775;1099;1355
2939,1408_2020-09-16,1408,8,209.0,12;12;35;30;30;40;30;20,493;510;592;743;834;976;1080;1116
2940,1408_2020-09-17,1408,5,161.0,16;30;25;50;40,500;615;728;760;1121
2941,1408_2020-09-18,1408,2,80.0,30;50,753;1110
2942,1408_2020-09-19,1408,5,155.0,30;40;40;40;5,450;653;735;1020;1351
2943,1408_2020-09-20,1408,4,140.0,25;40;40;35,435;790;1266;1395
2944,1408_2020-09-21,1408,4,225.0,50;40;55;80,746;930;1043;1266
2945,1408_2020-09-22,1408,3,120.0,50;20;50,235;838;1068
2946,1408_2020-09-23,1408,5,165.0,25;30;40;40;30,500;679;716;1054;1143
2947,1408_2020-09-24,1408,3,75.0,55;10;10,822;1116;1126
2948,1408_2020-09-25,1408,3,120.0,30;40;50,626;786;1151
2949,1408_2020-09-26,1408,4,130.0,40;30;40;20,634;823;1077;1385
2950,1408_2020-09-27,1408,3,60.0,25;30;5,805;870;1110
2951,1408_2020-09-28,1408,5,255.0,65;50;30;50;60,180;921;1014;1217;1245
2952,1408_2020-09-29,1408,6,175.0,40;20;30;35;30;20,474;629;797;1125;1222;1407
2953,1408_2020-09-30,1408,2,55.0,5;50,798;1280
2954,1408_2020-10-01,1408,3,180.0,60;50;70,189;881;998
2955,1408_2020-10-02,1408,3,180.0,70;40;70,885;1130;1286
2956,1408_2020-10-03,1408,3,139.0,9;60;70,92;720;1230
2957,1408_2020-10-04,1408,4,100.0,10;50;30;10,535;1097;1252;1253
2958,1408_2020-10-05,1408,3,85.0,25;10;50,492;1079;1235
2959,1408_2020-10-06,1408,5,205.0,55;20;30;70;30,192;502;973;1138;1352
2960,1408_2020-10-07,1408,3,95.0,30;30;35,564;876;1422
2961,1408_2020-10-08,1408,5,225.0,15;30;60;40;80,400;594;722;1160;1278
2962,1408_2020-10-09,1408,2,100.0,40;60,792;1215
2963,1408_2020-10-10,1408,4,175.0,15;70;40;50,571;721;1180;1278
2964,1408_2020-10-11,1408,4,145.0,15;50;55;25,628;736;935;1110
2965,1408_2020-10-12,1408,4,155.0,50;15;50;40,162;532;997;1298
2966,1408_2020-10-13,1408,5,235.0,50;50;60;25;50,207;467;716;1167;1408
2967,1410_2019-10-31,1410,4,313.0,91;75;97;50,391;885;1234;1252
2968,1410_2019-11-05,1410,4,280.0,60;20;100;100,422;810;825;1200
2969,1410_2019-11-12,1410,4,340.0,115;90;105;30,510;795;1170;1200
2970,1410_2019-11-13,1410,3,245.0,115;30;100,510;661;781
2971,1410_2019-11-14,1410,3,270.0,115;125;30,480;900;1269
2972,1410_2019-11-15,1410,4,300.0,40;70;115;75,570;1141;1155;1280
2973,1410_2019-11-16,1410,3,211.0,61;75;75,540;810;1245
2974,1410_2019-11-18,1410,4,240.0,60;75;65;40,446;825;1140;1260
2975,1412_2020-06-06,1412,4,108.0,20;40;18;30,542;769;1000;1074
2976,1412_2020-06-07,1412,4,126.0,20;40;16;50,541;687;881;1099
2977,1412_2020-06-08,1412,4,110.0,22;35;20;33,499;722;888;1099
2978,1412_2020-06-11,1412,4,118.0,23;45;10;40,492;755;900;1082
2979,1412_2020-06-12,1412,4,100.0,24;22;19;35,470;673;898;1095
2980,1412_2020-06-15,1412,8,222.14999999999998,16.66;20;26.02;20;29.22;22;53.25;35,511;511;753;753;947;947;1115;1115
2981,1412_2020-06-16,1412,8,310.20000000000005,17.75;22;84.4;35;10.32;20;70.73;50,495;495;716;716;995;995;1105;1105
2982,1412_2020-06-17,1412,5,97.0,20;14;25;20;18,481;585;767;1107;1222
2983,1412_2020-06-18,1412,4,108.0,23;35;18;32,475;717;975;1111
2984,1412_2020-06-19,1412,4,105.0,35;25;30;15,498;756;880;1250
2985,1412_2020-06-20,1412,8,297.86,45.89;25;37.97;30;49.56;25;56.44;28,570;570;855;855;1104;1104;1435;1435
2986,1412_2020-06-21,1412,6,276.16,52.22;24;59.08;35;55.86;50,583;583;892;892;1114;1114
2987,1412_2020-06-22,1412,4,97.0,20;30;12;35,485;738;873;1091
2988,1412_2020-06-23,1412,4,117.0,22;20;25;50,527;665;763;1050
2989,1412_2020-06-24,1412,4,110.0,25;25;20;40,481;748;875;1145
2990,1412_2020-06-25,1412,5,115.0,25;20;25;20;25,468;607;729;874;1080
2991,1412_2020-06-26,1412,4,125.0,25;35;20;45,516;763;848;1120
2992,1412_2020-06-27,1412,8,247.35999999999999,16.28;25;69.84;26.04;43.8;30;16.4;20,529;529;730;730;730;730;1068;1068
2993,1412_2020-06-28,1412,6,290.69,28.93;20;109.52;65;37.24;30,486;486;716;716;1107;1107
2994,1412_2020-06-29,1412,5,137.0,25;25;60;7;20,495;631;737;942;1063
2995,1412_2020-06-30,1412,5,116.0,22;8;40;18;28,507;585;710;907;1144
2996,1412_2020-07-01,1412,4,108.0,32;40;8;28,505;708;942;1125
2997,1412_2020-07-02,1412,4,98.0,25;28;25;20,475;732;888;1231
2998,1412_2020-07-03,1412,4,108.0,20;28;40;20,585;815;1073;1345
2999,1416_2020-09-15,1416,3,55.0,20;20;15,452;724;1068
3000,1416_2020-09-16,1416,3,48.0,18;15;15,446;685;1054
3001,1416_2020-09-17,1416,3,50.0,20;15;15,493;739;1057
3002,1416_2020-09-18,1416,3,60.0,20;30;10,521;780;1208
3003,1416_2020-09-19,1416,3,65.0,20;15;30,490;712;1050
3004,1416_2020-09-20,1416,3,55.0,20;20;15,517;741;1087
3005,1416_2020-09-21,1416,3,45.0,15;20;10,501;713;1053
3006,1416_2020-09-22,1416,3,60.0,20;25;15,420;676;1052
3007,1416_2020-09-23,1416,4,60.0,20;20;15;5,415;673;1039;1271
3008,1416_2020-09-24,1416,4,59.0,20;20;15;4,418;680;1051;1292
3009,1416_2020-09-25,1416,3,55.0,20;20;15,404;673;1058
3010,1416_2020-09-26,1416,3,60.0,20;25;15,414;667;1070
3011,1416_2020-09-27,1416,3,55.0,20;20;15,518;763;1045
3012,1416_2020-09-28,1416,3,37.0,20;2;15,499;721;1040
3013,1416_2020-09-29,1416,3,55.0,20;20;15,443;702;1069
3014,1416_2020-09-30,1416,3,55.0,20;20;15,435;669;1053
3015,1416_2020-10-01,1416,3,55.0,20;20;15,450;680;1060
3016,1416_2020-10-02,1416,3,55.0,20;20;15,448;680;1038
3017,1416_2020-10-03,1416,3,55.0,20;20;15,445;690;1060
3018,1416_2020-10-04,1416,3,50.0,20;20;10,528;762;1063
3019,1416_2020-10-05,1416,3,55.0,20;20;15,504;697;1047
3020,1416_2020-10-06,1416,3,60.0,20;25;15,415;674;1067
3021,1416_2020-10-07,1416,3,55.0,20;20;15,407;690;1054
3022,1416_2020-10-08,1416,3,55.0,20;20;15,410;697;1055
3023,1416_2020-10-09,1416,3,55.0,20;20;15,404;684;1036
3024,1416_2020-10-10,1416,3,65.0,20;30;15,410;680;1065
3025,1416_2020-10-11,1416,3,50.0,20;15;15,503;749;1073
3026,1416_2020-10-12,1416,3,55.0,25;15;15,499;720;1053
3027,1418_2019-08-27,1418,2,86.83,46.83;40,1198;1198
3028,1418_2019-08-29,1418,7,187.0,30;7;45;35;30;10;30,473;564;739;759;979;1155;1188
3029,1418_2019-08-30,1418,6,160.0,15;40;15;30;20;40,82;513;661;930;991;1157
3030,1418_2019-09-02,1418,7,189.0,35;13;11;35;15;60;20,386;529;566;697;879;1110;1219
3031,1418_2019-09-07,1418,5,91.0,16;11;14;20;30,448;453;561;812;1254
3032,1418_2019-09-08,1418,4,72.0,11;30;11;20,450;514;667;708
3033,1418_2019-09-09,1418,6,148.0,16;11;30;25;50;16,460;540;591;986;1159;1242
3034,1418_2019-09-10,1418,3,45.0,20;15;10,564;937;1230
3035,1418_2019-09-11,1418,5,137.0,11;15;60;11;40,435;504;661;930;1058
3036,1418_2019-09-12,1418,3,46.0,11;15;20,435;497;670
3037,1418_2019-09-13,1418,4,101.0,11;25;20;45,460;600;803;1242
3038,1418_2019-09-14,1418,6,112.0,10;20;11;30;30;11,445;506;659;1068;1166;1245
3039,1418_2019-09-17,1418,3,76.0,15;16;45,551;874;1189
3040,1418_2019-09-18,1418,6,53.76,9.01;5;14.99;11;3.76;10,520;520;861;861;1094;1094
3041,1418_2019-09-20,1418,6,122.0,11;11;15;10;30;45,454;454;575;616;884;1215
3042,1418_2019-09-21,1418,5,108.0,11;16;11;60;10,348;503;588;673;1164
3043,1418_2019-09-22,1418,7,148.0,11;45;11;30;11;20;20,390;604;663;850;1049;1201;1400
3044,1418_2019-09-23,1418,4,77.0,2;30;15;30,466;530;767;1025
3045,1422_2020-05-11,1422,7,97.0,22;8;26;14;2;18;7,446;610;740;841;1135;1181;1202
3046,1422_2020-05-12,1422,8,87.0,7;22;10;15;10;5;10;8,505;841;874;948;1095;1203;1266;1307
3047,1422_2020-05-13,1422,5,66.0,6;21;1;18;20,585;795;1142;1196;1258
3048,1422_2020-05-16,1422,6,71.0,30;8;5;12;6;10,517;706;846;914;1221;1303
3049,1422_2020-05-19,1422,6,130.0,45;6;22;30;10;17,579;817;818;850;1219;1260
3050,1422_2020-05-22,1422,6,87.0,15;22;15;22;8;5,465;634;840;917;1110;1210
3051,1422_2020-05-23,1422,5,91.0,20;6;35;22;8,565;660;767;855;1115
3052,1422_2020-05-24,1422,8,98.0,15;17;10;6;15;10;10;15,484;632;726;801;927;1152;1246;1316
3053,1422_2020-05-25,1422,4,63.0,30;8;10;15,570;672;830;1122
3054,1422_2020-05-26,1422,5,53.0,16;6;18;5;8,599;738;776;1200;1328
3055,1422_2020-05-27,1422,8,106.0,15;10;15;20;3;18;15;10,532;744;826;946;970;1162;1246;1335
3056,1422_2020-05-30,1422,8,158.0,18;15;20;15;20;15;15;40,501;658;849;882;960;1124;1185;1320
3057,1422_2020-05-31,1422,6,131.0,30;8;18;35;35;5,600;690;793;830;1058;1225
3058,1422_2020-06-03,1422,5,85.0,30;18;24;10;3,761;763;960;1050;1217
3059,1422_2020-06-04,1422,6,106.0,24;8;35;6;18;15,564;689;810;1113;1233;1260
3060,1422_2020-06-05,1422,5,80.0,26;24;8;15;7,495;967;1086;1200;1377
3061,1422_2020-06-06,1422,8,145.0,30;8;15;45;15;15;10;7,540;705;750;855;1141;1230;1260;1335
3062,1425_2020-06-01,1425,5,269.09000000000003,19;38.47;36;103.62;72,699;780;780;1216;1216
3063,1425_2020-06-02,1425,5,168.5,1.17;58.5;24;42.83;42,552;847;847;1078;1078
3064,1425_2020-06-03,1425,3,80.0,14;24;42,416;750;1094
3065,1425_2020-06-05,1425,3,77.0,11;24;42,513;831;1115
3066,1425_2020-06-07,1425,3,108.0,36;36;36,513;750;1176
3067,1425_2020-06-08,1425,3,125.0,24;56;45,504;1076;1295
3068,1425_2020-06-09,1425,8,195.6,8.53;20;15.79;42;38.64;0.61;38.03;32,605;605;748;748;1044;1044;1044;1044
3069,1425_2020-06-10,1425,8,195.35999999999999,18.06;11;21.12;0.66;20.45;24;35.07;65,533;533;724;724;724;724;1077;1077
3070,1425_2020-06-11,1425,3,72.0,20;16;36,480;750;1020
3071,1425_2020-06-12,1425,4,124.0,24;36;36;28,510;735;1110;1234
3072,1425_2020-06-13,1425,8,202.31,26.04;24;5.35;10;2.03;16;58.89;60,478;478;744;744;837;837;1074;1074
3073,1425_2020-06-14,1425,4,152.64000000000001,27.68;42;58.96;24,525;525;1066;1066
3074,1425_2020-06-15,1425,2,66.0,24;42,495;1110
3075,1425_2020-06-16,1425,3,93.0,11;42;40,420;735;1040
3076,1425_2020-06-17,1425,3,100.0,24;40;36,435;720;1020
3077,1425_2020-06-18,1425,3,93.0,40;42;11,735;1020;1398
3078,1425_2020-06-19,1425,4,219.29,31.58;32;83.71;72,701;701;1123;1123
3079,1425_2020-06-20,1425,6,69.39,3.2;4;5.57;18;14.62;24,574;574;875;875;1082;1082
3080,1425_2020-06-21,1425,6,186.36,39.09;25;22.17;24;40.1;36,629;629;876;876;1068;1068
3081,1425_2020-06-22,1425,2,56.0,20;36,697;1155
3082,1425_2020-06-23,1425,5,177.0,24;36;24;65;28,540;780;885;1020;1135
3083,1425_2020-06-24,1425,6,242.13,35.16;24;27.29;36;54.68;65,514;514;763;763;1046;1046
3084,1425_2020-06-25,1425,3,112.43,36;40.43;36,748;1020;1020
3085,1425_2020-06-26,1425,4,123.0,15;36;36;36,510;749;1110;1231
3086,1425_2020-06-27,1425,2,39.0,15;24,735;1114
3087,1425_2020-06-28,1425,3,108.0,24;42;42,480;795;1110
3088,1426_2020-01-11,1426,4,145.26,25.92;30;49.34;40,892;892;1133;1133
3089,1426_2020-01-12,1426,4,149.36,54.69;60;17.67;17,884;884;1270;1270
3090,1426_2020-01-13,1426,2,65.0,25;40,768;1030
3091,1426_2020-01-14,1426,2,60.0,20;40,840;1090
3092,1426_2020-01-15,1426,2,50.0,30;20,811;1398
3093,1426_2020-01-16,1426,2,45.14,19.14;26,865;865
3094,1426_2020-01-17,1426,4,100.35,24.75;30;10.6;35,796;796;1140;1140
3095,1426_2020-01-18,1426,4,87.96,32.48;30;8.48;17,817;817;1018;1018
3096,1426_2020-01-19,1426,4,80.54,26.85;30;8.69;15,733;733;936;936
3097,1426_2020-01-20,1426,1,30.0,30,820
3098,1426_2020-01-21,1426,1,30.0,30,965
3099,1426_2020-01-23,1426,2,56.86,26.86;30,672;672
3100,1426_2020-01-24,1426,4,165.51,21.25;30;54.26;60,721;721;1090;1090
3101,1426_2020-01-25,1426,2,100.0,40;60,956;1101
3102,1426_2020-01-26,1426,3,110.0,30;30;50,723;962;1156
3103,1426_2020-01-27,1426,2,60.0,30;30,765;948
3104,1426_2020-01-28,1426,2,80.0,30;50,660;1011
3105,1426_2020-01-29,1426,1,40.0,40,1141
3106,1426_2020-02-01,1426,2,100.0,30;70,616;990
3107,1426_2020-02-03,1426,2,70.0,20;50,602;990
3108,1426_2020-02-04,1426,2,80.0,20;60,746;987
3109,1426_2020-02-05,1426,2,80.0,60;20,265;566
3110,1426_2020-02-06,1426,4,112.11,15.63;20;26.48;50,855;855;1183;1183
3111,1426_2020-02-07,1426,2,35.64,15.64;20,752;752
3112,1427_2019-12-23,1427,8,138.34,27;21;12;16;22;8;17.34;15,383;521;616;771;921;1071;1224;1224
3113,1427_2019-12-24,1427,5,94.0,25;21;22;8;18,381;470;755;970;1262
3114,1427_2019-12-27,1427,6,150.0,27;21;20;24;8;50,368;478;765;783;892;1130
3115,1427_2019-12-28,1427,5,89.0,19;8;37;7;18,523;641;753;802;1215
3116,1427_2019-12-29,1427,4,101.0,21;22;40;18,490;624;809;1252
3117,1427_2020-01-01,1427,8,244.82000000000002,27.37;19;85.62;20;29.07;24;21.76;18,437;437;765;765;862;862;1269;1269
3118,1427_2020-01-03,1427,5,70.0,18;12;24;8;8,515;652;778;968;1199
3119,1427_2020-01-04,1427,4,87.0,19;27;33;8,500;557;743;1185
3120,1427_2020-01-05,1427,5,126.0,27;18;35;8;38,424;515;733;970;1120
3121,1427_2020-01-08,1427,4,75.0,21;8;38;8,465;625;772;1249
3122,1427_2020-01-09,1427,5,111.0,27;21;20;35;8,400;557;776;1095;1237
3123,1427_2020-01-10,1427,6,127.0,27;21;9;30;25;15,396;497;642;772;913;1199
3124,1427_2020-01-11,1427,3,49.0,21;8;20,451;602;741
3125,1427_2020-01-12,1427,4,101.0,21;32;8;40,564;762;932;1107
3126,1427_2020-01-14,1427,5,120.0,30;21;43;8;18,384;497;752;917;1270
3127,1427_2020-01-15,1427,5,114.0,21;8;23;27;35,485;538;737;850;1088
3128,1427_2020-01-16,1427,4,76.0,15;21;32;8,393;518;754;1070
3129,1427_2020-01-17,1427,6,147.0,15;21;8;30;8;65,434;480;650;760;940;1160
3130,1427_2020-01-18,1427,3,69.0,21;30;18,511;758;1315
3131,1427_2020-01-19,1427,6,90.0,21;8;30;15;8;8,525;633;724;1041;1117;1180
3132,143_2021-02-25,143,6,142.0,30;20;10;33;19;30,593;737;857;903;976;1259
3133,143_2021-02-26,143,5,132.0,30;30;2;45;25,464;629;642;905;1142
3134,143_2021-02-27,143,5,123.0,30;30;33;20;10,529;690;896;1055;1131
3135,143_2021-02-28,143,6,142.0,30;30;20;17;33;12,408;603;861;980;1155;1166
3136,143_2021-03-01,143,7,157.0,30;30;18;6;10;45;18,484;609;711;769;864;1228;1239
3137,143_2021-03-02,143,9,157.0,30;22;20;10;6;12;17;10;30,439;575;677;818;827;854;933;1133;1177
3138,143_2021-03-03,143,8,180.0,30;30;22;17;15;10;28;28,355;488;565;760;909;1107;1159;1165
3139,143_2021-03-04,143,9,269.0,30;30;27;12;8;15;27;40;80,270;428;593;810;817;831;933;1199;1200
3140,143_2021-03-05,143,6,151.0,30;16;30;20;30;25,535;549;742;764;1224;1234
3141,143_2021-03-06,143,6,162.0,30;16;55;5;30;26,557;564;948;1048;1182;1227
3142,143_2021-03-07,143,9,196.0,30;16;17;17;15;28;3;30;40,436;546;675;766;814;851;880;977;1189
3143,143_2021-03-08,143,8,154.0,30;16;28;30;15;3;30;2,441;523;612;774;876;921;1206;1231
3144,143_2021-03-09,143,6,195.0,30;28;16;46;15;60,427;561;648;770;830;1175
3145,143_2021-03-10,143,8,119.0,30;28;1;17;10;20;3;10,433;566;631;737;865;900;934;1101
3146,143_2021-03-11,143,9,241.0,30;30;28;18;20;45;3;17;50,272;420;545;712;761;822;901;945;1233
3147,143_2021-03-12,143,4,112.0,30;40;20;22,444;670;944;1217
3148,143_2021-03-13,143,4,60.0,30;20;5;5,590;986;1180;1197
3149,143_2021-03-14,143,8,181.0,30;62;17;12;3;30;5;22,398;524;690;791;882;1001;1177;1190
3150,143_2021-03-15,143,6,232.0,30;62;17;17;26;80,366;528;686;833;904;1211
3151,143_2021-03-16,143,7,121.0,30;22;20;15;3;5;26,409;569;821;848;900;1117;1136
3152,143_2021-03-17,143,9,153.0,30;11;17;12;10;34;8;5;26,440;460;693;777;847;869;913;1210;1216
3153,143_2021-03-18,143,4,77.0,30;17;10;20,413;673;789;1130
3154,143_2021-03-19,143,3,120.0,30;60;30,457;649;1095
3155,143_2021-03-20,143,4,105.0,30;20;5;50,573;783;1186;1199
3156,143_2021-03-21,143,6,144.0,30;22;22;30;10;30,391;412;609;709;855;1205
3157,143_2021-03-22,143,6,128.0,30;20;25;30;12;11,391;772;924;1048;1197;1209
3158,143_2021-03-23,143,6,114.0,60;5;10;25;3;11,425;738;817;844;926;1204
3159,143_2021-03-24,143,6,125.0,30;20;10;5;30;30,346;660;778;826;909;1139
3160,1433_2019-11-11,1433,9,155.0,25;35;7;25;18;9;18;12;6,415;615;620;771;915;995;1235;1255;1285
3161,1433_2019-11-14,1433,9,110.0,9;15;8;15;16;5;13;14;15,420;557;709;811;861;992;1188;1198;1354
3162,1433_2019-11-15,1433,7,125.0,2;15;8;12;60;12;16,560;612;747;924;930;1197;1313
3163,1433_2019-11-16,1433,9,124.0,15;6;25;12;12;6;13;11;24,525;626;736;859;867;982;1142;1154;1244
3164,1433_2019-11-20,1433,6,128.0,10;8;15;35;45;15,620;632;750;838;1150;1208
3165,1433_2019-11-23,1433,8,143.0,3;15;53;18;12;2;15;25,631;662;748;872;1066;1194;1238;1289
3166,1433_2019-11-24,1433,9,104.0,9;15;8;15;10;20;3;9;15,450;651;726;912;939;1265;1276;1289;1355
3167,1433_2019-11-25,1433,5,127.0,16;24;19;8;60,484;749;962;1112;1198
3168,1433_2019-11-26,1433,9,109.0,2;8;3;15;10;42;16;8;5,478;507;589;820;879;1013;1257;1270;1301
3169,1433_2019-11-27,1433,6,74.0,5;10;15;15;5;24,662;678;775;1267;1338;1358
3170,1433_2019-11-30,1433,8,121.0,13;9;5;21;45;16;6;6,567;602;618;853;946;1223;1319;1320
3171,1433_2019-12-03,1433,8,161.0,12;6;21;20;23;25;29;25,484;558;636;755;871;972;1135;1277
3172,1433_2019-12-04,1433,6,87.0,9;9;25;28;10;6,440;662;885;1050;1192;1251
3173,1433_2019-12-05,1433,8,113.0,21;15;5;2;15;20;10;25,479;655;734;800;940;992;1098;1230
3174,1433_2019-12-06,1433,6,129.0,35;30;29;15;4;16,695;741;957;1220;1316;1352
3175,1434_2019-03-03,1434,4,216.51,62.33;40;54.18;60,779;779;1241;1241
3176,1434_2019-03-05,1434,6,112.75,4.48;2;48.94;21;14.33;22,875;875;888;888;1359;1359
3177,1434_2019-03-07,1434,4,154.0,35;60;29;30,195;725;1038;1171
3178,1434_2019-03-08,1434,3,84.0,25;29;30,683;868;1243
3179,1434_2019-03-09,1434,2,108.0,48;60,923;1088
3180,1434_2019-03-10,1434,6,226.26,35.41;40;53.36;35;22.49;40,860;860;1187;1187;1439;1439
3181,1434_2019-03-11,1434,6,279.85,49.93;40;15.3;25;84.62;65,893;893;1058;1058;1232;1232
3182,1434_2019-03-12,1434,8,200.57,26.77;20;2.18;2;37.31;6.53;30.78;75,783;783;1010;1010;1301;1301;1301;1301
3183,1434_2019-03-14,1434,3,145.0,50;20;75,865;1090;1257
3184,1434_2019-03-16,1434,2,50.0,30;20,879;1023
3185,1434_2019-03-17,1434,6,332.26,31.05;25;113.11;6.5;106.6;50,879;879;1279;1279;1279;1279
3186,1434_2019-03-18,1434,6,256.58,2.18;2;86.76;50;60.64;55,107;107;1014;1014;1233;1233
3187,1434_2019-03-19,1434,3,80.0,30;20;30,74;859;1229
3188,1434_2019-03-20,1434,5,175.0,45;20;40;20;50,776;985;1157;1260;1397
3189,1434_2019-03-21,1434,2,80.0,40;40,945;1210
3190,1434_2019-03-22,1434,4,141.0,10;50;40;41,36;940;1125;1331
3191,1434_2019-03-23,1434,3,151.0,75;35;41,1110;1155;1345
3192,1434_2019-03-24,1434,3,59.0,2;40;17,935;1348;1395
3193,1434_2019-03-25,1434,3,77.0,15;17;45,915;1125;1294
3194,1434_2019-03-26,1434,3,95.0,15;15;65,942;1140;1249
3195,1434_2019-03-28,1434,5,223.33,103.28;10;31.05;29;50,961;961;1127;1127;1385
3196,1434_2019-03-29,1434,2,85.0,55;30,990;1260
3197,1434_2019-03-30,1434,3,125.0,60;50;15,960;1110;1425
3198,1435_2019-12-05,1435,7,291.84,36.3;20;40.72;25;0.58;79.24;90,411;411;850;850;1029;1184;1184
3199,1435_2019-12-08,1435,6,234.71,27.4;25;60.91;25;36.4;60,509;509;930;930;1220;1220
3200,1435_2019-12-09,1435,5,157.0,28;2;32;65;30,408;629;757;1265;1356
3201,1435_2019-12-10,1435,3,170.0,40;95;35,528;1004;1229
3202,1435_2019-12-11,1435,1,45.0,45,729
3203,1435_2019-12-12,1435,2,110.0,45;65,790;1220
3204,1435_2019-12-13,1435,6,176.67999999999998,27.52;35;28.65;26;19.51;40,564;564;874;874;1263;1263
3205,1435_2019-12-14,1435,6,63.95,12.55;5;13.6;10;20.8;2,677;677;1038;1038;1082;1082
3206,1435_2019-12-15,1435,8,69.65,2.34;2;18.11;3.62;14.49;12;9.09;8,505;505;741;741;741;741;1128;1128
3207,1435_2019-12-17,1435,2,35.0,10;25,639;1118
3208,1435_2019-12-18,1435,3,34.0,10;6;18,442;743;1229
3209,1435_2019-12-20,1435,8,149.02,13.06;12;27.75;8;5.28;10;44.93;28,590;590;879;879;1301;1301;1354;1354
3210,1435_2019-12-21,1435,6,80.13,8.54;10;34.65;8;14.94;4,702;702;1111;1111;1299;1299
3211,1435_2019-12-22,1435,4,30.0,4;2;18;6,523;623;807;1162
3212,1435_2019-12-23,1435,3,31.0,2;19;10,475;865;1251
3213,1435_2019-12-24,1435,4,37.0,2;8;25;2,456;840;1165;1394
3214,1435_2019-12-27,1435,9,76.52,23.4;7;3.55;2;7.72;2;17.85;1;12,380;380;614;614;851;851;1196;1196;1317
3215,1435_2019-12-31,1435,4,59.0,2;16;21;20,553;980;1237;1365
3216,1435_2020-01-01,1435,3,49.0,45;2;2,723;1267;1272
3217,1438_2020-10-20,1438,4,136.76999999999998,10.77;18;60;48,480;480;762;1204
3218,1438_2020-10-21,1438,4,119.0,15;34;20;50,478;699;1005;1152
3219,1438_2020-10-22,1438,2,93.0,43;50,720;1020
3220,1438_2020-10-23,1438,3,84.0,15;19;50,458;730;1080
3221,1438_2020-10-24,1438,3,88.0,15;36;37,392;745;1080
3222,1438_2020-10-25,1438,3,78.0,15;27;36,393;888;1174
3223,1438_2020-10-26,1438,4,157.0,15;40;60;42,404;741;1096;1248
3224,1438_2020-10-27,1438,6,217.51,9.02;15;66.75;12.61;54.13;60,399;399;1092;1092;1092;1092
3225,1438_2020-10-28,1438,6,288.65,8.52;30;87.56;27.2;60.37;75,648;648;1098;1098;1098;1098
3226,1438_2020-10-29,1438,2,75.0,15;60,392;1056
3227,1438_2020-10-30,1438,3,81.0,15;30;36,472;1159;1265
3228,1438_2020-10-31,1438,6,285.81,75.28;48;37.92;44;38.61;42,478;478;744;744;1223;1223
3229,1438_2020-11-01,1438,6,167.74,16.92;15;26.97;25;37.85;46,400;400;736;736;1103;1103
3230,1438_2020-11-02,1438,3,100.0,15;45;40,371;725;1084
3231,1438_2020-11-03,1438,6,290.86,9.02;15;101.42;39.81;61.61;64,390;390;1007;1007;1007;1007
3232,1438_2020-11-04,1438,8,249.75,57.35;45;9.02;15;29.19;20.43;8.76;65,429;429;587;587;1131;1131;1131;1131
3233,1438_2020-11-05,1438,3,115.0,15;40;60,397;694;1046
3234,1438_2020-11-06,1438,3,90.0,15;15;60,407;750;1085
3235,1438_2020-11-07,1438,4,140.0,20;20;54;46,476;727;1164;1250
3236,1438_2020-11-08,1438,2,80.0,15;65,451;1091
3237,1438_2020-11-09,1438,2,110.0,45;65,744;1032
3238,1438_2020-11-10,1438,6,202.62,9.02;15;56.8;19.5;37.3;65,386;386;1175;1175;1175;1175
3239,1438_2020-11-11,1438,3,120.0,20;40;60,463;869;1185
3240,1438_2020-11-12,1438,3,105.0,15;45;45,425;577;1061
3241,1438_2020-11-13,1438,3,109.0,15;30;64,404;727;1022
3242,1438_2020-11-14,1438,3,84.0,15;5;64,438;761;1042
3243,1438_2020-11-15,1438,4,156.0,15;38;60;43,373;893;1092;1207
3244,1438_2020-11-16,1438,3,100.0,15;20;65,436;727;1121
3245,1439_2019-12-22,1439,8,342.11,36.46;50;43.59;40;27.28;30;64.78;50,689;689;854;854;1110;1110;1277;1277
3246,1439_2019-12-24,1439,4,160.0,35;75;20;30,669;750;1150;1290
3247,1439_2019-12-25,1439,3,160.0,50;50;60,510;731;1050
3248,1439_2019-12-26,1439,1,30.0,30,1050
3249,1439_2019-12-27,1439,4,180.0,40;40;50;50,657;883;1332;1333
3250,1439_2019-12-28,1439,8,259.39,33.47;100;24.85;20;15.74;12;23.33;30,604;604;969;969;1018;1018;1184;1184
3251,1439_2019-12-29,1439,6,299.94,48.54;35;50.65;40;75.75;50,593;593;953;953;1067;1067
3252,1439_2019-12-30,1439,1,30.0,30,580
3253,144_2020-04-05,144,4,102.0,42;8;40;12,540;871;1198;1298
3254,144_2020-04-06,144,4,142.0,47;50;20;25,508;793;1009;1133
3255,144_2020-04-07,144,8,317.46000000000004,50.65;36;44.97;35;48.59;60;22.25;20,585;585;878;878;1136;1136;1393;1393
3256,144_2020-04-08,144,6,237.89000000000001,36.99;57;42.36;25;38.54;38,699;699;928;928;1244;1244
3257,144_2020-04-09,144,6,213.0,38;35;65;35;20;20,805;998;1057;1109;1343;1436
3258,144_2020-04-11,144,8,252.58999999999997,31.27;49;31.13;25;48.94;45;12.25;10,527;527;774;774;1074;1074;1210;1210
3259,144_2020-04-12,144,6,158.0,30;20;20;28;35;25,559;720;977;1020;1214;1266
3260,144_2020-04-13,144,6,224.0,48;30;19;65;42;20,518;765;1113;1236;1255;1435
3261,144_2020-04-14,144,8,237.88,33.06;30;43.45;44;4.7;8;41.67;33,632;632;785;785;979;979;1212;1212
3262,144_2020-04-16,144,3,109.0,32;17;60,737;1019;1179
3263,144_2020-04-17,144,4,128.0,30;18;60;20,458;755;895;1223
3264,144_2020-04-18,144,6,113.0,14;17;33;12;20;17,537;721;800;1085;1172;1361
3265,144_2020-04-19,144,4,142.0,30;32;20;60,575;955;1010;1199
3266,144_2020-04-20,144,4,73.0,15;18;25;15,565;804;1014;1160
3267,144_2020-04-24,144,3,78.0,30;30;18,491;930;1194
3268,144_2020-04-25,144,3,138.0,38;97;3,664;1195;1353
3269,144_2020-04-26,144,2,38.0,16;22,650;726
3270,144_2020-04-28,144,8,289.65,25.13;21;77.6;45;23.92;51;23;23,566;566;734;734;1261;1261;1331;1425
3271,144_2020-04-29,144,5,166.35,5;21;21;49.35;70,749;847;1120;1232;1232
3272,144_2020-04-30,144,3,113.0,42;68;3,692;962;1060
3273,1441_2020-05-20,1441,4,125.0,38;35;14;38,442;709;1048;1285
3274,1441_2020-05-21,1441,4,127.0,45;30;27;25,437;715;1096;1257
3275,1441_2020-05-22,1441,5,150.0,40;30;25;30;25,443;741;859;975;1151
3276,1441_2020-05-23,1441,8,293.16,27.84;25;48.89;35;73.53;26;21.9;35,531;531;856;856;1009;1009;1208;1208
3277,1441_2020-05-25,1441,7,212.0,25;8;45;55;35;28;16,440;595;716;920;1088;1103;1225
3278,1441_2020-05-26,1441,5,133.0,28;40;26;14;25,436;699;942;1183;1315
3279,1441_2020-05-27,1441,5,150.0,32;45;30;28;15,437;700;1104;1240;1287
3280,1441_2020-05-29,1441,8,224.42000000000002,14.57;25;20.46;35;7.3;10;72.09;40,445;445;732;732;916;916;1113;1113
3281,1441_2020-05-30,1441,6,153.0,43;30;18;20;35;7,516;862;909;988;1065;1307
3282,1441_2020-05-31,1441,6,166.0,56;15;20;20;35;20,481;694;911;1066;1142;1210
3283,1441_2020-06-02,1441,8,241.51999999999998,14.47;30;24.1;35;25.13;20;62.82;30,443;443;710;710;1061;1061;1123;1123
3284,1441_2020-06-03,1441,3,87.0,22;30;35,448;713;1050
3285,1441_2020-06-04,1441,6,140.32,25.71;22;21.37;45;11.24;15,444;444;710;710;1104;1104
3286,1441_2020-06-06,1441,4,130.0,30;45;25;30,538;813;898;1151
3287,1441_2020-06-07,1441,3,91.0,28;38;25,473;860;1192
3288,1441_2020-06-08,1441,6,156.0,25;19;25;30;27;30,440;591;705;781;1020;1126
3289,1441_2020-06-09,1441,6,144.0,22;30;27;15;20;30,443;737;783;1092;1203;1301
3290,1441_2020-06-10,1441,4,128.0,25;60;25;18,437;804;1007;1034
3291,1441_2020-06-13,1441,3,120.0,42;48;30,563;909;1139
3292,1441_2020-06-14,1441,2,105.0,55;50,599;908
3293,1441_2020-06-15,1441,4,122.0,40;35;27;20,441;702;1095;1251
3294,1441_2020-06-16,1441,4,105.0,25;38;27;15,444;709;931;1183
3295,1444_2019-11-22,1444,6,184.22,24.17;25;23.09;20;46.96;45,788;788;1218;1218;1425;1425
3296,1444_2019-11-23,1444,5,191.61,44;27.75;25;54.86;40,150;548;548;1178;1178
3297,1444_2019-11-24,1444,4,175.0,45;40;40;50,218;973;1226;1289
3298,1444_2019-11-28,1444,2,33.0,23;10,1077;1201
3299,1444_2019-11-29,1444,2,70.0,45;25,1150;1342
3300,1444_2019-11-30,1444,3,105.0,30;30;45,738;830;1151
3301,1444_2019-12-01,1444,6,211.66,30.86;25;39.01;40;46.79;30,714;714;1158;1158;1290;1290
3302,1444_2019-12-05,1444,4,131.0,25;70;16;20,31;748;927;1185
3303,1444_2019-12-06,1444,2,120.0,45;75,988;1149
3304,1444_2019-12-07,1444,6,181.0,25;45;22;40;25;24,626;641;1004;1199;1345;1379
3305,1444_2019-12-09,1444,8,268.19,24.37;22;27.05;35;30.86;25;58.91;45,716;716;740;740;908;908;1142;1142
3306,1444_2019-12-10,1444,2,90.0,25;65,725;1264
3307,1444_2019-12-11,1444,2,47.0,25;22,906;941
3308,1444_2019-12-12,1444,1,45.0,45,1147
3309,1444_2019-12-13,1444,2,80.0,70;10,715;1321
3310,1444_2019-12-14,1444,6,193.41,26.04;60;27.75;25;29.62;25,599;599;712;712;1417;1417
3311,1444_2019-12-15,1444,6,267.02,31.79;72;55.28;40;27.95;40,593;593;869;869;1173;1173
3312,1444_2019-12-16,1444,3,60.0,25;25;10,646;1027;1192
3313,1444_2019-12-17,1444,4,180.0,25;35;20;100,631;813;813;1283
3314,1444_2019-12-19,1444,5,200.0,25;40;50;60;25,710;1070;1147;1166;1318
3315,145_2020-05-02,145,6,198.54,30.86;24;44.9;36;37.78;25,543;543;875;875;1139;1139
3316,145_2020-05-03,145,8,205.78,33.93;23;17.03;18;52.32;34;12.5;15,646;646;811;811;1106;1106;1249;1249
3317,145_2020-05-05,145,4,248.13,73.99;30;99.14;45,786;786;1226;1226
3318,145_2020-05-06,145,2,105.0,65;40,684;1369
3319,145_2020-05-07,145,3,90.0,24;39;27,736;819;1174
3320,145_2020-05-08,145,5,97.0,34;15;12;16;20,818;902;1062;1278;1317
3321,145_2020-05-09,145,8,145.82999999999998,11.52;7;8.97;13;45.8;32;17.54;10,503;503;889;889;1035;1035;1287;1287
3322,145_2020-05-10,145,6,243.79000000000002,1.61;6;46.81;36;103.37;50,559;559;738;738;1092;1092
3323,145_2020-05-11,145,6,152.34,62.36;35;19.99;5.34;14.65;15,687;687;1186;1186;1186;1186
3324,145_2020-05-12,145,8,143.11,14.92;19;22.76;1.31;21.44;20;23.68;20,550;550;740;740;740;740;1219;1219
3325,145_2020-05-13,145,3,96.0,29;20;47,497;857;1233
3326,145_2020-05-16,145,3,65.0,15;30;20,619;921;1201
3327,145_2020-05-17,145,2,55.0,20;35,644;1019
3328,145_2020-05-21,145,6,351.03,79.33;7.93;71.39;40;107.38;45,589;589;589;589;1124;1124
3329,145_2020-05-22,145,8,282.14,60.99;45;36.23;40;29.96;1.36;28.6;40,482;482;868;868;1193;1193;1193;1193
3330,145_2020-05-24,145,3,74.0,10;14;50,634;784;1067
3331,145_2020-05-26,145,1,50.0,50,1155
3332,1451_2020-07-08,1451,3,193.0,110;35;48,556;737;1267
3333,1451_2020-07-09,1451,4,235.0,47;48;45;95,533;737;1069;1367
3334,1451_2020-07-11,1451,1,57.0,57,736
3335,1451_2020-07-12,1451,6,340.28000000000003,34.59;52;83.4;67;52.29;51,712;712;927;927;1229;1229
3336,1451_2020-07-14,1451,4,191.0,32;85;21;53,495;749;911;1220
3337,1451_2020-07-15,1451,5,252.01,12.01;20;85;77;58,21;21;545;726;1214
3338,1451_2020-07-16,1451,4,189.0,47;30;52;60,517;703;939;1216
3339,1451_2020-07-17,1451,4,195.0,45;50;50;50,600;690;1202;1204
3340,1451_2020-07-19,1451,5,255.0,60;45;75;60;15,453;792;1176;1254;1256
3341,1451_2020-07-20,1451,3,147.0,47;60;40,735;736;1201
3342,1451_2020-07-21,1451,4,275.0,114;77;20;64,548;795;1173;1395
3343,1451_2020-07-23,1451,2,150.0,72;78,554;1247
3344,1451_2020-07-24,1451,2,175.0,90;85,682;841
3345,1451_2020-07-26,1451,3,174.0,30;80;64,548;732;1230
3346,1451_2020-07-27,1451,4,206.0,54;40;50;62,521;744;977;1174
3347,1451_2020-07-28,1451,2,114.0,50;64,748;1224
3348,1451_2020-07-29,1451,1,62.0,62,1124
3349,1451_2020-07-30,1451,4,330.0,104;58;91;77,568;800;810;1290
3350,1451_2020-07-31,1451,1,35.0,35,1170
3351,1451_2020-08-01,1451,3,220.0,66;124;30,620;629;890
3352,1453_2020-10-26,1453,8,264.04999999999995,21.4;22;69.55;52;44.61;25;17.49;12,569;569;771;771;1136;1136;1189;1189
3353,1453_2020-10-27,1453,8,253.89999999999998,21.4;17;17.8;10;85.06;50;32.64;20,425;425;666;666;1092;1092;1181;1181
3354,1453_2020-10-28,1453,7,80.0,8;17;12;9;12;10;12,600;738;782;816;918;1103;1218
3355,1453_2020-10-29,1453,5,185.0,22;25;65;48;25,51;513;771;1167;1248
3356,1453_2020-10-30,1453,4,133.0,36;22;10;65,483;759;854;1160
3357,1453_2020-10-31,1453,6,151.0,20;23;50;30;18;10,366;533;739;1035;1050;1386
3358,1453_2020-11-01,1453,5,144.0,22;25;40;35;22,389;535;757;1071;1418
3359,1453_2020-11-02,1453,4,90.0,18;30;24;18,480;838;1222;1434
3360,1453_2020-11-03,1453,5,146.0,50;25;10;46;15,553;857;1021;1157;1434
3361,1453_2020-11-04,1453,8,312.03,52.67;50;36.3;40;48.18;35;24.88;25,539;539;975;975;1057;1057;1354;1354
3362,1453_2020-11-06,1453,4,121.0,18;70;15;18,621;746;832;1123
3363,1453_2020-11-09,1453,8,179.0,18;18;50;40;10;15;12;16,370;408;500;758;1135;1212;1378;1384
3364,1453_2020-11-11,1453,4,132.0,25;28;55;24,478;570;832;1312
3365,1453_2020-11-12,1453,6,138.0,30;5;30;30;33;10,548;786;951;1164;1230;1315
3366,1453_2020-11-13,1453,4,157.0,24;28;65;40,415;526;763;1155
3367,1453_2020-11-16,1453,6,109.0,16;18;5;38;20;12,425;625;763;1100;1263;1409
3368,1453_2020-11-17,1453,2,50.0,30;20,678;1110
3369,1453_2020-11-18,1453,4,95.0,7;30;8;50,765;1080;1146;1288
3370,1453_2020-11-19,1453,6,183.0,16;17;70;42;20;18,453;645;753;1106;1276;1351
3371,1453_2020-11-20,1453,5,142.0,30;5;26;45;36,675;776;818;1150;1335
3372,1456_2020-11-21,1456,5,76.0,15;28;15;15;3,675;745;929;1077;1242
3373,1456_2020-11-22,1456,5,56.0,2;9;2;18;25,493;691;806;869;1194
3374,1456_2020-11-27,1456,3,40.0,5;15;20,732;802;1096
3375,1456_2020-11-28,1456,4,44.0,9;15;10;10,640;703;790;1080
3376,1456_2020-11-30,1456,7,132.96999999999997,34.36;20;12.85;20;1.74;29.02;15,769;769;809;809;821;1055;1055
3377,1456_2020-12-01,1456,5,61.230000000000004,14.31;7.16;12;22.76;5,606;606;606;1074;1074
3378,1456_2020-12-02,1456,5,74.0,10;20;15;20;9,548;760;990;1087;1256
3379,1456_2020-12-03,1456,3,45.0,12;15;18,604;932;1123
3380,1456_2020-12-04,1456,2,35.0,15;20,923;1096
3381,1456_2020-12-05,1456,3,40.0,5;15;20,637;932;1084
3382,1456_2020-12-06,1456,4,80.0,15;15;20;30,709;811;914;1065
3383,1456_2020-12-07,1456,3,35.0,10;5;20,608;772;1141
3384,1456_2020-12-09,1456,6,93.25999999999999,6.03;10;12.08;10;35.15;20,593;593;849;849;1066;1066
3385,1456_2020-12-10,1456,4,63.0,10;25;10;18,600;841;936;1102
3386,1456_2020-12-11,1456,3,63.0,9;44;10,616;705;1035
3387,1456_2020-12-12,1456,3,34.0,9;15;10,675;852;1098
3388,1456_2020-12-13,1456,8,123.09,8.06;10;18.44;9;12.85;15;39.74;10,703;703;820;820;897;897;1067;1067
3389,1456_2020-12-15,1456,4,45.0,10;5;15;15,714;864;941;1147
3390,1456_2020-12-16,1456,4,55.0,10;10;15;20,590;720;792;1119
3391,1456_2020-12-17,1456,3,40.0,10;10;20,624;757;806
3392,1456_2020-12-18,1456,3,35.0,10;5;20,599;842;960
3393,1457_2020-06-29,1457,5,338.0,80;90;90;53;25,520;784;1031;1289;1331
3394,1459_2020-06-03,1459,4,55.0,15;10;10;20,798;843;905;1204
3395,1459_2020-06-04,1459,7,232.47,60.03;25;35.19;24;45.65;27.6;15,665;665;846;846;1069;1130;1130
3396,1459_2020-06-05,1459,4,65.0,20;5;25;15,538;897;1090;1307
3397,1459_2020-06-06,1459,3,73.0,20;28;25,500;740;1102
3398,1459_2020-06-08,1459,8,287.06,24.47;28;36.23;27;111.19;35;10.17;15,480;480;597;597;1081;1081;1277;1277
3399,1459_2020-06-09,1459,3,72.0,22;20;30,496;783;1095
3400,1459_2020-06-10,1459,2,65.0,20;45,599;855
3401,1459_2020-06-11,1459,2,40.0,15;25,555;809
3402,1459_2020-06-12,1459,8,199.93,26.95;15;36.23;28;27.05;28;18.7;20,523;523;568;568;688;688;1085;1085
3403,1459_2020-06-13,1459,8,245.7,97.52;25;26.95;15;25.18;15;27.05;14,496;496;660;660;1037;1037;1354;1354
3404,1459_2020-06-14,1459,2,30.0,15;15,577;717
3405,1459_2020-06-16,1459,4,77.08,26.95;10;25.13;15,850;850;1032;1032
3406,1459_2020-06-17,1459,2,50.0,20;30,693;1091
3407,1459_2020-06-18,1459,4,75.0,25;25;10;15,713;831;1021;1155
3408,1459_2020-06-19,1459,4,65.0,20;15;20;10,556;830;1067;1351
3409,1459_2020-06-20,1459,2,45.0,20;25,790;1120
3410,1459_2020-06-21,1459,6,121.15,41.95;20;21.22;15;17.98;5,532;532;833;833;1097;1097
3411,1459_2020-06-23,1459,4,113.0,28;15;45;25,585;916;1065;1316
3412,1459_2020-06-24,1459,2,50.0,25;25,620;1291
3413,1459_2020-06-25,1459,3,60.0,20;15;25,538;780;1185
3414,1459_2020-06-26,1459,2,35.0,20;15,545;1373
3415,1459_2020-06-27,1459,6,189.26999999999998,53.29;20;24.47;25;36.51;30,486;486;767;767;1041;1041
3416,1459_2020-06-29,1459,5,133.0,25;25;30;25;28,460;763;1040;1285;1329
3417,1459_2020-06-30,1459,2,45.0,30;15,705;1035
3418,1462_2020-06-05,1462,6,160.03,8.98;25;11.68;20;54.37;40,635;635;834;834;1295;1295
3419,1462_2020-06-06,1462,4,267.01,55.95;76;88.06;47,486;486;1331;1331
3420,1462_2020-06-07,1462,2,104.0,56;48,504;1290
3421,1462_2020-06-08,1462,3,75.0,25;25;25,568;840;1348
3422,1462_2020-06-09,1462,3,140.0,45;55;40,586;847;1329
3423,1462_2020-06-10,1462,6,321.98,49.95;34;74.06;55;70.97;38,578;578;842;842;1361;1361
3424,1462_2020-06-12,1462,3,139.0,28;36;75,630;873;1170
3425,1462_2020-06-13,1462,3,121.0,22;44;55,630;810;1330
3426,1462_2020-06-15,1462,4,144.96,18.12;10;82.84;34,570;570;1299;1299
3427,1462_2020-06-16,1462,4,123.0,36;35;24;28,390;595;780;1095
3428,1462_2020-06-17,1462,3,123.0,56;32;35,658;933;1289
3429,1462_2020-06-18,1462,2,86.0,38;48,427;848
3430,1462_2020-06-19,1462,3,135.0,45;18;72,710;844;1234
3431,1462_2020-06-21,1462,4,257.08000000000004,175.4;54;12.68;15,717;717;1258;1258
3432,1462_2020-06-22,1462,6,177.23000000000002,16.59;35;46.82;15.9;30.92;32,575;575;1337;1337;1337;1337
3433,1462_2020-06-23,1462,2,68.0,10;58,390;1314
3434,1462_2020-06-24,1462,3,114.0,40;22;52,585;860;1287
3435,1462_2020-06-25,1462,2,87.0,39;48,467;1320
3436,1462_2020-06-26,1462,2,111.0,56;55,531;1260
3437,1462_2020-06-27,1462,3,100.0,34;38;28,495;810;1330
3438,1462_2020-06-28,1462,3,110.0,22;26;62,510;810;1314
3439,1462_2020-06-30,1462,8,271.39,70.63;38;7.73;12;64.23;24;26.8;28,634;634;729;729;892;892;1264;1264
3440,1462_2020-07-01,1462,3,71.0,15;18;38,450;820;1275
3441,1462_2020-07-02,1462,3,118.0,32;38;48,435;850;1331
3442,1464_2021-01-14,1464,6,217.0,40;60;12;60;27;18,421;683;799;1027;1230;1238
3443,1464_2021-01-15,1464,6,267.0,50;75;10;70;27;35,464;697;732;992;1235;1245
3444,1464_2021-01-16,1464,7,277.0,30;35;55;10;85;35;27,443;666;710;810;1001;1087;1183
3445,1464_2021-01-17,1464,5,240.0,55;75;55;35;20,408;728;1058;1135;1222
3446,1464_2021-01-18,1464,3,215.0,50;90;75,379;734;1077
3447,1464_2021-01-19,1464,6,255.0,40;10;75;85;20;25,431;520;761;1030;1034;1203
3448,1464_2021-01-20,1464,4,132.0,50;7;25;50,399;744;760;1080
3449,1464_2021-01-25,1464,5,115.0,40;20;30;10;15,396;1088;1182;1196;1212
3450,1464_2021-01-26,1464,4,265.0,50;85;90;40,420;729;1073;1203
3451,1464_2021-01-27,1464,4,240.0,55;70;80;35,411;750;1072;1182
3452,1464_2021-01-28,1464,4,245.0,35;70;85;55,411;736;1097;1231
3453,1464_2021-01-31,1464,4,235.0,60;75;85;15,400;710;1091;1180
3454,1464_2021-02-01,1464,6,185.0,45;45;20;50;15;10,407;744;769;1085;1199;1204
3455,1464_2021-02-02,1464,4,265.0,75;85;45;60,450;715;1035;1215
3456,1464_2021-02-03,1464,4,220.0,35;70;70;45,400;720;1078;1189
3457,1464_2021-02-04,1464,3,150.0,35;40;75,420;727;1050
3458,1464_2021-02-07,1464,5,275.0,50;65;30;85;45,404;701;716;1066;1190
3459,1464_2021-02-08,1464,5,240.0,35;75;55;35;40,412;720;1061;1172;1187
3460,1464_2021-02-09,1464,5,208.0,40;40;85;30;13,437;750;1005;1215;1238
3461,1464_2021-02-10,1464,3,160.0,50;10;100,390;750;1203
3462,1476_2020-03-27,1476,8,290.88,2.12;10;52.39;68;13.04;18;55.33;72,380;380;578;578;811;811;1036;1036
3463,1476_2020-03-29,1476,5,238.0,10;68;70;65;25,361;439;857;1173;1200
3464,1476_2020-03-30,1476,4,166.0,10;60;28;68,354;740;1005;1161
3465,1476_2020-03-31,1476,4,170.0,10;45;85;30,446;759;860;1151
3466,1476_2020-04-05,1476,5,285.0,10;65;40;95;75,443;520;677;1044;1294
3467,1476_2020-04-08,1476,5,179.0,10;55;40;55;19,354;503;765;830;860
3468,1476_2020-04-09,1476,5,205.0,10;60;70;25;40,353;474;822;866;1180
3469,1476_2020-04-12,1476,5,235.0,40;35;50;60;50,561;769;1163;1204;1225
3470,1476_2020-04-13,1476,5,215.0,10;50;60;60;35,573;697;1012;1130;1213
3471,1476_2020-04-14,1476,3,142.0,10;72;60,376;727;1220
3472,1476_2020-04-15,1476,5,237.0,10;70;40;45;72,359;448;785;816;1154
3473,1476_2020-04-16,1476,4,157.0,10;15;60;72,378;620;760;1169
3474,1476_2020-04-17,1476,6,205.0,10;60;40;30;50;15,373;458;683;861;1171;1275
3475,1476_2020-04-20,1476,5,236.0,10;65;60;85;16,396;435;826;1160;1238
3476,1476_2020-04-21,1476,7,195.0,10;20;15;20;20;60;50,373;456;577;676;904;1029;1258
3477,1476_2020-04-22,1476,4,203.0,10;68;75;50,362;410;752;1213
3478,1476_2020-04-23,1476,4,205.0,10;60;70;65,400;488;840;1154
3479,1484_2020-01-30,1484,8,266.28000000000003,3.17;4;37.31;50;26.46;15;70.34;60,475;475;807;807;1095;1095;1154;1154
3480,1484_2020-02-02,1484,5,184.0,4;40;30;40;70,489;727;1104;1156;1320
3481,1484_2020-02-03,1484,5,160.0,25;65;20;30;20,545;765;1200;1377;1405
3482,1484_2020-02-04,1484,2,85.0,45;40,658;1163
3483,1484_2020-02-07,1484,5,80.0,10;20;18;12;20,475;756;1008;1148;1200
3484,1484_2020-02-10,1484,5,123.0,25;40;12;6;40,637;785;955;1063;1150
3485,1484_2020-02-11,1484,4,150.0,20;10;60;60,487;608;750;1140
3486,1484_2020-02-12,1484,5,77.0,6;6;15;25;25,718;988;1070;1141;1265
3487,1484_2020-02-13,1484,4,52.0,4;6;12;30,441;714;818;1095
3488,1484_2020-02-14,1484,3,44.0,4;10;30,698;761;1140
3489,1484_2020-02-15,1484,5,114.0,4;23;7;50;30,466;525;785;1145;1230
3490,1484_2020-02-16,1484,5,116.0,6;30;20;40;20,613;762;864;1065;1225
3491,1484_2020-02-17,1484,8,253.56,45.83;25;30.46;26;33.38;8;44.89;40,548;548;825;825;922;922;1188;1188
3492,1484_2020-02-18,1484,8,110.95,8.83;8;12.23;12;27.04;12;10.85;20,513;513;612;612;957;957;1162;1162
3493,1484_2020-02-19,1484,4,110.0,25;25;20;40,585;770;925;1140
3494,1484_2020-02-20,1484,4,95.0,5;25;15;50,573;730;898;1135
3495,1484_2020-02-21,1484,5,114.0,4;30;10;50;20,532;674;877;1114;1167
3496,1484_2020-02-24,1484,2,90.0,60;30,600;1170
3497,1484_2020-02-25,1484,5,145.0,30;5;50;40;20,428;708;750;1135;1230
3498,1490_2020-06-12,1490,4,186.0,38;80;18;50,420;726;1043;1097
3499,1490_2020-06-13,1490,3,140.0,35;50;55,398;745;1221
3500,1490_2020-06-14,1490,3,141.0,50;6;85,584;720;1240
3501,1490_2020-06-15,1490,3,135.0,30;40;65,509;860;1163
3502,1490_2020-06-16,1490,3,215.0,80;60;75,403;747;1177
3503,1490_2020-06-17,1490,3,140.0,40;60;40,406;734;1142
3504,1490_2020-06-18,1490,3,195.0,40;65;90,398;765;1168
3505,1490_2020-06-19,1490,4,188.0,60;50;60;18,395;730;1176;1203
3506,1490_2020-06-20,1490,3,230.0,55;75;100,404;727;1182
3507,1490_2020-06-21,1490,3,80.0,25;15;40,584;800;1222
3508,1490_2020-06-22,1490,3,80.0,40;20;20,574;920;1262
3509,1490_2020-06-23,1490,3,110.0,55;25;30,397;756;1222
3510,1490_2020-06-25,1490,8,308.68,73.63;60;33;65;33.33;20;13.72;10,415;415;734;734;1176;1176;1192;1192
3511,1490_2020-06-28,1490,4,156.0,25;50;51;30,568;852;1202;1235
3512,1490_2020-06-29,1490,3,145.0,30;65;50,552;784;1130
3513,1490_2020-06-30,1490,3,155.0,45;55;55,392;731;1124
3514,1490_2020-07-01,1490,3,170.0,60;50;60,348;736;1121
3515,1490_2020-07-02,1490,3,215.0,55;60;100,395;762;1121
3516,1490_2020-07-05,1490,3,115.0,20;50;45,442;720;1263
3517,1490_2020-07-06,1490,3,145.0,70;45;30,562;889;1279
3518,1490_2020-07-07,1490,3,185.0,40;65;80,412;747;1245
3519,1490_2020-07-08,1490,3,175.0,45;60;70,401;763;1222
3520,1490_2020-07-09,1490,3,180.0,70;55;55,411;724;1211
3521,1493_2021-02-05,1493,4,280.24,50.86;70;73.38;86,646;646;1231;1231
3522,1493_2021-02-06,1493,8,214.60999999999999,27.05;29;14.02;17;31.27;8.55;22.72;65,706;706;1234;1234;1303;1303;1303;1303
3523,1493_2021-02-07,1493,4,130.0,40;15;45;30,48;412;1024;1104
3524,1493_2021-02-08,1493,4,136.0,30;40;47;19,39;310;580;973
3525,1493_2021-02-09,1493,4,110.0,55;15;20;20,588;807;889;1136
3526,1493_2021-02-10,1493,4,248.82,58.57;88;62.25;40,738;738;976;976
3527,1493_2021-02-11,1493,6,270.27,46.11;19.02;27.09;25;73.05;80,724;724;724;724;1254;1254
3528,1493_2021-02-12,1493,3,200.0,60;60;80,565;1004;1269
3529,1493_2021-02-13,1493,2,140.0,40;100,690;1172
3530,1493_2021-02-14,1493,4,257.0,26;40;131;60,855;975;1095;1410
3531,1493_2021-02-15,1493,7,165.34,19.66;30;31.08;30;7;17.6;30,809;809;1002;1002;1122;1128;1128
3532,1493_2021-02-16,1493,3,115.0,25;50;40,576;978;1148
3533,1493_2021-02-17,1493,3,152.0,32;60;60,375;870;1174
3534,1493_2021-02-18,1493,8,305.77,7.85;15;81.11;70;28.78;27;41.03;35,559;559;757;757;901;901;1152;1152
3535,1493_2021-02-20,1493,3,110.0,30;20;60,563;928;1104
3536,1493_2021-02-21,1493,4,175.0,25;100;25;25,540;605;732;955
3537,1493_2021-02-22,1493,3,230.0,50;100;80,553;836;956
3538,1493_2021-02-23,1493,6,218.67000000000002,8.14;18;23.44;50;59.09;60,596;596;891;891;1198;1198
3539,1493_2021-02-25,1493,5,207.0,35;67;20;45;40,561;597;810;928;1305
3540,1493_2021-02-26,1493,4,262.0,65;35;50;112,737;931;1184;1268
3541,1493_2021-02-27,1493,2,100.0,50;50,719;769
3542,1493_2021-02-28,1493,3,265.0,100;45;120,815;1239;1305
3543,1493_2021-03-01,1493,3,118.0,33;35;50,701;890;1304
3544,1493_2021-03-02,1493,3,185.0,60;25;100,523;902;1287
3545,1493_2021-03-04,1493,6,189.27,28.38;20;42.74;35;33.15;30,654;654;1017;1017;1026;1026
3546,1494_2020-02-06,1494,8,175.81,14.05;18;11.43;22;16.15;70;12.18;12,849;849;1069;1069;1190;1190;1250;1250
3547,1494_2020-02-07,1494,8,198.11,14.32;11;18.76;18;23.68;62;24.35;26,885;885;1051;1051;1206;1206;1250;1250
3548,1494_2020-02-08,1494,6,131.69,12.94;14;14.6;63;15.15;12,844;844;1207;1207;1250;1250
3549,1494_2020-02-09,1494,6,171.77,24.84;16;31.78;68;15.15;16,848;848;1195;1195;1243;1243
3550,1494_2020-02-10,1494,3,92.0,18;56;18,840;1206;1244
3551,1494_2020-02-11,1494,3,87.0,3;14;70,726;906;1085
3552,1494_2020-02-12,1494,1,50.0,50,1146
3553,1494_2020-02-13,1494,6,160.72,13.49;18;14.74;16;38.49;60,844;844;1088;1088;1187;1187
3554,1494_2020-02-14,1494,8,211.08999999999997,12.44;16;10.36;17;52.05;64;21.24;18,810;810;1075;1075;1162;1162;1229;1229
3555,1494_2020-02-15,1494,4,57.76,6.23;20;13.53;18,830;830;1041;1041
3556,1494_2020-02-16,1494,3,88.0,8;62;18,1013;1191;1304
3557,1494_2020-02-17,1494,3,111.0,24;51;36,1021;1123;1232
3558,1494_2020-02-18,1494,3,91.0,16;16;59,836;1069;1200
3559,1494_2020-02-19,1494,3,99.0,23;59;17,843;1163;1219
3560,1494_2020-02-20,1494,8,194.2,15.55;22;15.64;17;21.24;17;18.77;67,812;812;1034;1034;1062;1062;1169;1169
3561,1494_2020-02-21,1494,8,188.82999999999998,17.53;24;15.63;18;12.63;66;17.04;18,881;881;1113;1113;1166;1166;1277;1277
3562,1494_2020-02-22,1494,4,145.0,23;18;68;36,843;1043;1205;1258
3563,1494_2020-02-23,1494,2,91.0,23;68,880;1183
3564,1494_2020-02-24,1494,2,66.0,3;63,1043;1209
3565,1494_2020-02-25,1494,2,87.0,17;70,938;1178
3566,1494_2020-02-26,1494,4,121.0,18;17;67;19,813;1055;1186;1242
3567,1494_2020-02-27,1494,8,210.91000000000003,33.3;17;15.63;18;15;71;21.98;19,856;856;1062;1062;1217;1217;1272;1272
3568,1494_2020-02-28,1494,6,140.64,14.65;17;15.64;17;13.35;63,906;906;1079;1079;1208;1208
3569,1494_2020-02-29,1494,5,129.0,17;18;7;68;19,869;1017;1040;1174;1225
3570,1494_2020-03-01,1494,4,117.0,17;15;68;17,823;1018;1197;1246
3571,1494_2020-03-02,1494,2,87.0,55;32,1109;1204
3572,1494_2020-03-03,1494,4,124.0,17;16;71;20,919;1087;1171;1249
3573,1494_2020-03-04,1494,4,127.0,17;16;71;23,847;1017;1201;1272
3574,1495_2020-02-20,1495,5,155.0,8;45;45;17;40,478;609;875;1028;1327
3575,1495_2020-02-21,1495,3,110.0,25;50;35,544;791;1097
3576,1495_2020-02-22,1495,3,130.0,20;60;50,539;841;1224
3577,1495_2020-02-23,1495,3,60.0,25;20;15,566;981;1126
3578,1495_2020-02-26,1495,4,118.0,45;20;18;35,639;798;841;1003
3579,1495_2020-02-27,1495,4,170.72,6.39;20;79.33;65,612;612;1047;1047
3580,1495_2020-02-28,1495,6,258.34000000000003,51.65;35;57.53;40;54.16;20,574;574;904;904;1019;1019
3581,1495_2020-02-29,1495,4,95.0,15;30;35;15,550;743;1040;1303
3582,1495_2020-03-03,1495,3,80.0,35;20;25,713;1046;1214
3583,1495_2020-03-04,1495,4,130.0,20;40;50;20,611;806;991;1255
3584,1495_2020-03-05,1495,4,131.0,30;21;30;50,491;680;796;1190
3585,1495_2020-03-06,1495,4,130.0,25;15;20;70,512;775;955;1137
3586,1495_2020-03-07,1495,5,140.0,35;25;25;30;25,36;588;785;1042;1392
3587,1495_2020-03-08,1495,8,205.16000000000003,11.99;15;18.44;18;24.58;5;67.15;45,592;592;598;598;772;772;1040;1040
3588,1495_2020-03-10,1495,3,70.0,15;40;15,593;868;1337
3589,1495_2020-03-11,1495,3,95.0,20;15;60,735;810;1017
3590,1495_2020-03-12,1495,6,226.86,18.44;18;27.95;35;82.47;45,622;622;739;739;1009;1009
3591,1495_2020-03-13,1495,6,138.55,18.44;18;13.91;15;33.2;40,242;242;814;814;1092;1092
3592,1495_2020-03-14,1495,4,180.0,70;10;60;40,580;837;1038;1114
3593,1495_2020-03-15,1495,6,140.0,15;20;15;15;30;45,515;652;723;793;811;1092
3594,1495_2020-03-16,1495,3,80.0,20;40;20,537;820;1147
3595,1495_2020-03-17,1495,4,80.0,20;15;15;30,524;673;1011;1081
3596,1495_2020-03-18,1495,3,50.0,15;15;20,523;737;1049
3597,1497_2020-07-23,1497,6,205.02999999999997,25.29;45;32.3;50;27.44;25,532;532;1078;1078;1204;1204
3598,1497_2020-07-24,1497,4,118.0,11;15;62;30,507;680;1080;1179
3599,1497_2020-07-25,1497,5,129.0,37;12;15;50;15,592;754;807;979;1199
3600,1497_2020-07-26,1497,4,218.0,48;20;80;70,511;832;1058;1150
3601,1497_2020-07-27,1497,8,281.98,23.89;18;10.86;12;45.85;42;53.38;76,531;531;776;776;1075;1075;1152;1152
3602,1497_2020-07-28,1497,8,329.02,38.26;40;24.95;25;106.37;52;27.44;15,510;510;730;730;1074;1074;1177;1177
3603,1497_2020-07-31,1497,2,100.0,40;60,753;1200
3604,1497_2020-08-01,1497,4,132.0,30;14;56;32,620;797;1081;1200
3605,1497_2020-08-02,1497,3,190.0,48;72;70,499;1080;1150
3606,1497_2020-08-03,1497,8,310.32,21.65;31;10.86;10;59.15;64;43.66;70,566;566;817;817;1078;1078;1148;1148
3607,1497_2020-08-04,1497,8,276.73,26.99;28;45.3;22;37.92;68;23.52;25,520;520;796;796;1079;1079;1149;1149
3608,1497_2020-08-05,1497,3,96.0,32;10;54,572;726;1087
3609,1497_2020-08-06,1497,4,128.0,28;15;67;18,530;890;1080;1215
3610,1497_2020-08-07,1497,5,109.0,24;15;10;30;30,519;622;728;1058;1170
3611,1497_2020-08-10,1497,4,130.0,24;26;10;70,514;615;785;1145
3612,1497_2020-08-11,1497,3,109.0,32;10;67,530;751;1080
3613,1497_2020-08-12,1497,8,266.25,27.68;33;10.86;12;100.61;50;17.1;15,555;555;748;748;1078;1078;1217;1217
3614,1497_2020-08-13,1497,8,232.53,17.04;22;30.11;11;54.94;50;27.44;20,497;497;773;773;1070;1070;1207;1207
3615,1497_2020-08-14,1497,4,120.0,18;10;60;32,600;825;1080;1155
3616,1497_2020-08-15,1497,3,54.0,30;10;14,510;815;1215
3617,1497_2020-08-16,1497,2,124.0,50;74,535;1150
3618,1497_2020-08-17,1497,2,109.0,35;74,1080;1155
3619,1497_2020-08-18,1497,4,127.0,60;15;12;40,650;972;1038;1160
3620,1500_2020-07-21,1500,5,197.0,22;55;45;55;20,441;744;783;1213;1248
3621,1500_2020-07-22,1500,5,137.0,32;35;20;30;20,432;731;747;1207;1245
3622,1500_2020-07-23,1500,4,143.0,20;55;45;23,449;759;1183;1209
3623,1500_2020-07-24,1500,4,140.0,22;45;45;28,444;756;1150;1182
3624,1500_2020-07-25,1500,4,185.0,25;70;70;20,426;726;1335;1342
3625,1500_2020-07-26,1500,2,97.0,22;75,571;1200
3626,1500_2020-07-27,1500,3,152.0,22;55;75,531;845;1239
3627,1500_2020-07-28,1500,3,173.0,18;85;70,469;858;1151
3628,1500_2020-07-29,1500,3,118.0,18;50;50,454;896;1169
3629,1500_2020-07-30,1500,4,180.0,30;60;55;35,434;725;1227;1252
3630,1500_2020-07-31,1500,3,133.0,28;50;55,420;733;1165
3631,1500_2020-08-01,1500,3,183.0,23;60;100,445;776;1226
3632,1500_2020-08-02,1500,2,125.0,25;100,471;1000
3633,1500_2020-08-03,1500,3,185.0,20;90;75,542;810;1202
3634,1500_2020-08-04,1500,4,193.0,20;85;70;18,468;741;1193;1225
3635,1500_2020-08-05,1500,4,153.0,20;60;55;18,429;730;1220;1250
3636,1500_2020-08-06,1500,3,165.0,25;90;50,447;786;1180
3637,1500_2020-08-07,1500,3,170.0,25;100;45,440;770;1190
3638,1500_2020-08-08,1500,3,135.0,25;50;60,450;762;1260
3639,1500_2020-08-09,1500,3,192.0,25;47;120,611;862;1244
3640,1500_2020-08-10,1500,3,190.0,90;25;75,455;600;1010
3641,1500_2020-08-11,1500,3,214.0,32;95;87,417;834;1186
3642,1500_2020-08-12,1500,4,185.0,25;90;45;25,440;753;1179;1210
3643,1500_2020-08-13,1500,3,172.0,22;65;85,445;810;1206
3644,1500_2020-08-14,1500,2,138.0,30;108,547;1133
3645,1500_2020-08-15,1500,3,195.0,40;60;95,524;903;1245
3646,1500_2020-08-16,1500,2,118.0,32;86,505;898
3647,1500_2020-08-17,1500,3,155.0,45;15;95,533;967;1436
3648,1501_2020-11-07,1501,3,116.0,36;35;45,562;701;1203
3649,1501_2020-11-08,1501,3,66.0,10;26;30,555;1019;1130
3650,1501_2020-11-09,1501,1,40.0,40,659
3651,1501_2020-11-10,1501,2,50.0,10;40,586;1093
3652,1501_2020-11-12,1501,1,35.0,35,877
3653,1501_2020-11-13,1501,2,60.0,30;30,780;1167
3654,1501_2020-11-14,1501,1,45.0,45,769
3655,1501_2020-11-15,1501,1,35.0,35,585
3656,1501_2020-11-17,1501,1,45.0,45,1136
3657,1501_2020-11-18,1501,1,30.0,30,756
3658,1501_2020-11-20,1501,2,55.0,15;40,892;1175
3659,1501_2020-11-21,1501,1,45.0,45,1145
3660,1501_2020-11-22,1501,1,50.0,50,1157
3661,1501_2020-11-28,1501,1,40.0,40,490
3662,1501_2020-12-03,1501,1,45.0,45,1292
3663,1503_2020-11-05,1503,6,154.0,10;27;32;5;20;60,579;643;786;896;1042;1148
3664,1503_2020-11-06,1503,6,154.0,10;5;37;26;20;56,415;636;723;850;994;1173
3665,1503_2020-11-07,1503,6,178.0,10;30;38;11;9;80,401;459;684;809;920;1159
3666,1503_2020-11-08,1503,6,168.0,10;27;5;64;30;32,442;463;600;745;892;1115
3667,1503_2020-11-11,1503,6,162.0,10;65;22;5;35;25,570;660;810;988;1151;1232
3668,1503_2020-11-14,1503,6,208.0,10;30;49;9;80;30,408;469;675;945;1178;1254
3669,1503_2020-11-15,1503,5,73.0,10;27;18;5;13,411;471;674;975;991
3670,1503_2020-11-18,1503,7,190.0,10;27;5;8;30;80;30,501;572;595;861;916;1113;1201
3671,1503_2020-11-21,1503,7,222.0,10;27;45;9;38;13;80,444;461;660;797;837;1000;1137
3672,1503_2020-11-22,1503,6,132.0,10;15;30;30;32;15,403;630;750;874;1085;1257
3673,1503_2020-11-23,1503,6,181.0,10;30;74;6;5;56,435;475;660;844;901;1145
3674,1503_2020-11-24,1503,8,219.0,10;27;2;37;19;5;64;55,405;465;572;675;813;940;1110;1284
3675,1503_2020-11-25,1503,5,205.0,10;71;45;67;12,550;566;748;1170;1252
3676,1503_2020-11-28,1503,9,203.0,10;27;6;37;11;5;80;15;12,404;452;573;676;720;901;1174;1198;1250
3677,1503_2020-11-29,1503,6,157.0,10;3;45;22;47;30,419;632;780;983;1169;1237
3678,1503_2020-11-30,1503,8,180.0,10;30;37;3;20;50;15;15,582;660;720;892;1027;1080;1210;1280
3679,1503_2020-12-01,1503,8,205.0,10;50;15;30;15;25;50;10,555;643;758;825;1002;1055;1157;1274
3680,1503_2020-12-02,1503,7,101.0,10;11;15;15;20;15;15,552;627;816;963;1151;1181;1281
3681,1507_2020-06-01,1507,8,209.32,4.47;5;26.36;10;61.76;56;20.73;25,406;406;761;761;1098;1098;1300;1300
3682,1507_2020-06-02,1507,4,130.0,3;60;17;50,431;747;1007;1165
3683,1507_2020-06-03,1507,5,153.0,3;15;60;60;15,412;451;740;1108;1273
3684,1507_2020-06-06,1507,7,139.0,3;3;39;30;30;30;4,438;537;718;895;1077;1210;1261
3685,1507_2020-06-07,1507,6,131.0,25;3;40;45;10;8,411;540;807;1109;1185;1252
3686,1507_2020-06-09,1507,6,189.55,19.98;25;4.26;8;72.31;60,425;425;646;646;1225;1225
3687,1507_2020-06-10,1507,4,95.0,25;15;40;15,405;867;1155;1273
3688,1507_2020-06-13,1507,6,112.0,6;16;30;35;15;10,365;452;854;1100;1238;1279
3689,1507_2020-06-14,1507,5,115.0,25;30;40;10;10,420;636;1026;1226;1261
3690,1507_2020-06-15,1507,5,98.0,3;20;5;60;10,424;685;913;1058;1291
3691,1507_2020-06-16,1507,4,96.0,6;20;60;10,475;839;1126;1261
3692,1507_2020-06-17,1507,6,165.0,17;28;40;30;30;20,388;413;837;1114;1128;1303
3693,1507_2020-06-20,1507,5,74.0,3;10;6;45;10,426;613;914;1069;1229
3694,1507_2020-06-21,1507,6,161.0,6;30;30;50;10;35,420;637;887;1120;1176;1234
3695,1507_2020-06-22,1507,4,94.0,3;6;65;20,431;899;1093;1271
3696,1507_2020-06-23,1507,4,106.0,6;30;40;30,410;720;1161;1238
3697,1507_2020-06-24,1507,5,111.0,6;24;1;70;10,419;438;718;1077;1185
3698,1507_2020-06-27,1507,7,121.0,6;35;3;12;45;10;10,435;631;736;892;1078;1206;1258
3699,1509_2021-05-18,1509,6,158.0,25;45;12;8;50;18,56;535;731;894;1198;1392
3700,1509_2021-05-21,1509,6,165.0,15;50;20;40;25;15,99;768;1037;1231;1232;1290
3701,1509_2021-05-22,1509,3,125.0,20;55;50,102;795;1094
3702,1509_2021-05-27,1509,6,184.0,18;45;18;28;50;25,55;529;741;889;1136;1315
3703,1509_2021-05-28,1509,6,166.0,30;45;21;8;50;12,92;577;774;850;1096;1352
3704,1509_2021-05-29,1509,5,131.0,20;45;8;8;50,95;737;882;1002;1145
3705,1509_2021-06-01,1509,6,195.0,20;45;35;20;50;25,80;532;813;955;1127;1302
3706,1509_2021-06-02,1509,5,146.0,16;45;20;20;45,84;534;757;934;1214
3707,1509_2021-06-03,1509,6,170.0,20;45;20;20;15;50,85;534;734;909;1005;1157
3708,1509_2021-06-04,1509,7,228.0,16;45;20;40;12;55;40,14;528;694;749;944;1123;1389
3709,1509_2021-06-05,1509,6,147.0,8;45;11;8;50;25,146;796;884;993;1143;1349
3710,1509_2021-06-07,1509,8,307.15,56.49;20;34.39;45;49.88;20;41.39;40,82;82;543;543;773;773;1199;1199
3711,1509_2021-06-08,1509,7,177.0,16;45;20;20;10;50;16,77;538;745;943;1015;1134;1403
3712,1509_2021-06-09,1509,5,136.0,20;30;50;20;16,73;791;1123;1320;1407
3713,1509_2021-06-10,1509,6,162.0,45;25;15;12;50;15,532;807;1030;1044;1207;1439
3714,1509_2021-06-11,1509,4,138.0,45;30;18;45,523;794;883;1158
3715,1509_2021-06-12,1509,6,154.0,30;20;50;12;12;30,199;1010;1192;1268;1370;1380
3716,1517_2020-08-21,1517,5,107.0,14;20;20;23;30,496;662;766;975;1163
3717,1517_2020-08-22,1517,6,79.13,19;5;25;0.13;10;20,467;507;744;940;940;1150
3718,1517_2020-08-23,1517,4,98.0,8;20;30;40,510;598;757;1200
3719,1517_2020-08-24,1517,3,54.0,19;15;20,710;889;1080
3720,1517_2020-08-25,1517,4,90.0,20;20;15;35,615;840;1020;1110
3721,1517_2020-08-28,1517,5,109.0,19;10;15;35;30,410;451;580;735;1168
3722,1517_2020-08-29,1517,7,223.32999999999998,66.38;20;26.78;20;38.17;27;25,402;402;631;631;790;790;1150
3723,1517_2020-08-31,1517,3,53.0,18;20;15,505;685;804
3724,1517_2020-09-01,1517,4,95.0,15;30;25;25,503;621;801;1102
3725,1517_2020-09-02,1517,2,50.0,25;25,406;668
3726,1517_2020-09-04,1517,8,134.93,12.81;20;27.62;15;11.4;20;18.1;10,463;463;681;681;754;754;1104;1104
3727,1517_2020-09-05,1517,2,50.0,20;30,504;800
3728,1517_2020-09-06,1517,3,40.0,5;15;20,430;498;1253
3729,1517_2020-09-07,1517,4,75.0,20;20;20;15,621;903;1037;1075
3730,1517_2020-09-08,1517,2,50.0,25;25,548;1251
3731,1517_2020-09-09,1517,4,81.29,21.98;25;14.31;20,413;413;789;789
3732,1517_2020-09-10,1517,4,118.4,28.55;28;31.85;30,399;399;741;741
3733,1517_2020-09-12,1517,3,55.0,15;20;20,591;840;1080
3734,1517_2020-09-16,1517,8,120.52,21.07;25;12.29;10;10.7;15;16.46;10,421;421;625;625;654;654;1190;1190
3735,152_2019-12-21,152,8,240.47,37.75;30;23.8;48;14.29;40;16.63;30,574;574;813;813;1091;1091;1314;1314
3736,152_2019-12-22,152,6,314.42,38.6;30;27.01;45;92.81;81,586;586;776;776;1121;1121
3737,152_2019-12-23,152,5,144.0,30;45;15;30;24,615;769;961;1096;1234
3738,152_2019-12-24,152,6,249.74,37.75;30;47.25;45;61.74;28,596;596;830;830;1142;1142
3739,152_2019-12-25,152,8,222.88,37.75;30;33.49;48;26.84;25;6.8;15,619;619;797;797;1119;1119;1323;1323
3740,152_2019-12-26,152,4,155.0,30;55;45;25,596;839;1122;1258
3741,152_2019-12-27,152,6,189.0,30;20;55;17;45;22,585;702;763;983;1120;1279
3742,152_2019-12-29,152,5,203.02,30;39.42;45;38.6;50,598;798;798;1111;1111
3743,152_2019-12-30,152,4,153.0,30;50;25;48,622;878;1060;1226
3744,152_2019-12-31,152,4,144.0,30;40;50;24,663;886;1093;1200
3745,152_2020-01-02,152,5,240.14999999999998,38.6;30;51.55;45;75,649;649;833;833;1098
3746,152_2020-01-03,152,4,171.0,30;55;36;50,580;776;1015;1226
3747,152_2020-01-04,152,5,183.0,30;50;8;55;40,633;757;1062;1138;1246
3748,152_2020-01-06,152,7,289.59000000000003,38.6;30;70;47.45;45;38.54;20,656;656;866;1147;1147;1273;1273
3749,152_2020-01-07,152,4,130.0,30;40;40;20,617;816;1133;1366
3750,152_2020-01-08,152,5,166.0,30;50;30;20;36,651;751;919;1056;1213
3751,152_2020-01-09,152,6,153.0,30;46;25;25;15;12,641;841;1022;1098;1146;1282
3752,152_2020-01-10,152,5,169.0,30;40;24;50;25,611;765;870;1191;1353
3753,152_2020-01-11,152,6,189.0,30;15;45;24;45;30,606;726;804;1021;1135;1380
3754,152_2020-01-12,152,7,282.39,30;41.78;58;19.61;28;60;45,594;797;797;985;985;1146;1343
3755,152_2020-01-13,152,5,260.0,34;36.14;55;74.86;60,573;786;786;1080;1080
3756,152_2020-01-14,152,3,159.0,34;60;65,574;762;1098
3757,152_2020-01-15,152,6,217.0,34;70;25;15;45;28,612;786;1140;1181;1220;1373
3758,152_2020-01-16,152,4,190.0,60;45;25;60,546;844;966;1204
3759,152_2020-01-17,152,4,190.0,34;70;56;30,584;798;1104;1352
3760,1520_2021-03-30,1520,3,105.0,40;45;20,481;963;1245
3761,1520_2021-03-31,1520,9,227.42000000000002,45;35;25;28;15;25.42;24;20;10,483;696;781;866;962;1100;1100;1245;1350
3762,1520_2021-04-01,1520,6,223.0,58;40;50;25;25;25,567;813;875;960;1020;1080
3763,1520_2021-04-04,1520,5,136.0,48;14;11;40;23,587;725;760;932;1270
3764,1520_2021-04-05,1520,5,200.0,30;30;25;25;90,514;805;810;885;1095
3765,1520_2021-04-06,1520,5,149.0,45;55;20;22;7,487;760;922;1230;1287
3766,1520_2021-04-07,1520,6,185.76,45;14;35;30;36.76;25,492;696;814;1065;1246;1246
3767,1520_2021-04-08,1520,5,114.0,25;14;25;30;20,441;616;666;1109;1323
3768,1520_2021-04-10,1520,8,237.79000000000002,40;56.15;35;21.64;10;35;10;30,512;645;645;724;724;838;1052;1229
3769,1520_2021-04-11,1520,5,160.0,40;40;10;45;25,437;634;689;1056;1283
3770,1520_2021-04-12,1520,4,155.0,45;60;25;25,600;780;950;1279
3771,1520_2021-04-13,1520,4,130.0,50;30;25;25,470;791;1009;1230
3772,1520_2021-04-14,1520,8,180.76,40;30;11;25;11;40;11.76;12,496;686;750;826;1040;1151;1230;1230
3773,1520_2021-04-15,1520,4,105.0,40;35;25;5,444;600;847;1035
3774,1520_2021-04-16,1520,3,93.0,30;55;8,491;852;990
3775,1520_2021-04-17,1520,5,167.0,50;40;30;22;25,497;650;803;1045;1265
3776,1520_2021-04-18,1520,6,165.0,40;14;11;25;40;35,496;770;860;1037;1066;1353
3777,1520_2021-04-19,1520,5,160.0,45;15;30;35;35,490;690;875;1140;1267
3778,1520_2021-04-20,1520,4,145.0,45;40;40;20,524;713;850;1172
3779,1520_2021-04-21,1520,6,184.01,30;49.01;25;30;30;20,448;551;551;654;811;1274
3780,1520_2021-04-22,1520,4,165.0,45;70;10;40,435;648;1099;1101
3781,1520_2021-04-23,1520,4,185.0,45;30;70;40,475;600;900;1156
3782,1520_2021-04-24,1520,5,168.0,45;20;28;45;30,459;630;667;843;1170
3783,1520_2021-04-25,1520,4,119.0,45;14;45;15,475;705;1055;1330
3784,1520_2021-04-26,1520,4,154.0,50;50;14;40,504;805;1074;1166
3785,1528_2020-02-24,1528,4,122.0,35;40;26;21,721;903;1324;1373
3786,1528_2020-02-25,1528,6,101.0,15;25;21;12;18;10,590;721;731;1175;1232;1413
3787,1528_2020-02-26,1528,6,167.0,31;8;70;25;15;18,600;650;880;1127;1202;1332
3788,1528_2020-02-29,1528,8,154.0,22;10;21;50;9;9;12;21,644;771;930;1087;1101;1126;1142;1322
3789,1528_2020-03-04,1528,5,134.0,15;33;12;20;54,666;683;992;1060;1192
3790,1528_2020-03-07,1528,9,243.0,12;15;25;12;75;40;9;30;25,770;778;787;983;1023;1042;1144;1247;1253
3791,1528_2020-03-08,1528,6,181.0,30;25;25;30;50;21,696;886;946;1060;1193;1376
3792,1528_2020-03-10,1528,8,152.92,26.3;20;1.39;6;31.79;30;17.44;20,802;802;875;875;1086;1086;1158;1158
3793,1528_2020-03-12,1528,9,244.0,21;15;20;20;50;17;21;30;50,703;910;911;918;1083;1114;1123;1388;1404
3794,1528_2020-03-13,1528,8,253.0,100;25;20;16;35;12;25;20,642;856;1017;1025;1105;1129;1324;1404
3795,1528_2020-03-14,1528,7,208.0,10;18;10;20;80;20;50,739;762;903;991;1061;1212;1398
3796,1528_2020-03-15,1528,6,158.0,15;21;30;40;40;12,696;919;1071;1125;1385;1434
3797,1528_2020-03-18,1528,8,190.0,15;15;5;30;40;35;25;25,684;799;860;951;1104;1283;1374;1380
3798,1528_2020-03-19,1528,8,175.0,30;5;25;10;15;10;45;35,586;594;865;915;1336;1344;1385;1418
3799,1528_2020-03-20,1528,6,260.0,80;15;35;35;35;60,597;1119;1130;1141;1176;1255
3800,1528_2020-03-21,1528,6,225.0,40;20;30;30;65;40,767;773;946;1017;1113;1289
3801,1528_2020-03-22,1528,3,69.0,40;14;15,652;951;1348
3802,1535_2020-03-20,1535,4,51.15,15;15;9.15;12,487;1239;1287;1287
3803,1535_2020-03-21,1535,3,46.0,15;19;12,664;840;1133
3804,1535_2020-03-22,1535,8,148.95,16.23;7.62;8.62;8;31.5;21;43.98;12,458;458;458;458;821;821;1080;1080
3805,1535_2020-03-23,1535,8,264.90999999999997,17.13;15;15.08;12;26.79;30;98.91;50,548;548;747;747;751;751;1139;1139
3806,1535_2020-03-24,1535,7,86.0,15;8;8;12;15;12;16,486;711;863;939;1036;1262;1289
3807,1535_2020-03-25,1535,5,124.0,35;30;20;14;25,453;744;875;1093;1290
3808,1535_2020-03-26,1535,2,50.0,20;30,827;1341
3809,1535_2020-03-27,1535,4,59.0,25;12;12;10,486;750;1245;1301
3810,1535_2020-04-01,1535,3,69.0,4;40;25,509;852;1344
3811,1535_2020-04-02,1535,3,47.0,15;20;12,824;1058;1334
3812,1535_2020-04-03,1535,3,56.0,12;9;35,797;1016;1097
3813,1535_2020-04-04,1535,4,74.0,18;19;12;25,522;770;842;1107
3814,1535_2020-04-06,1535,8,127.85,1.17;5;10.1;20;42.5;15;19.08;15,518;518;733;733;1033;1033;1263;1263
3815,1535_2020-04-07,1535,5,84.0,14;15;15;15;25,588;751;819;1295;1346
3816,1535_2020-04-08,1535,4,65.0,5;15;20;25,505;820;1191;1318
3817,1535_2020-04-09,1535,3,50.0,5;20;25,480;876;1112
3818,1535_2020-04-10,1535,4,110.0,25;25;35;25,602;871;1133;1247
3819,1535_2020-04-11,1535,5,81.0,8;20;13;25;15,668;980;989;1152;1270
3820,1535_2020-04-12,1535,5,118.0,25;20;12;45;16,609;721;987;1190;1272
3821,1535_2020-04-13,1535,3,77.0,30;35;12,478;832;1129
3822,1535_2020-04-14,1535,3,90.0,40;20;30,708;1160;1301
3823,1535_2020-04-15,1535,4,105.0,25;40;15;25,475;1049;1111;1280
3824,1535_2020-04-16,1535,8,116.43,2.28;5;8.99;20;8.99;20;26.17;25,527;527;815;815;1245;1245;1361;1361
3825,1536_2020-05-27,1536,5,161.0,20;50;21;45;25,457;742;906;1092;1104
3826,1536_2020-05-28,1536,7,183.0,45;23;10;24;30;35;16,587;839;924;1030;1060;1075;1289
3827,1536_2020-05-29,1536,4,176.0,21;45;60;50,481;717;1138;1219
3828,1536_2020-05-30,1536,5,252.0,25;70;25;32;100,486;679;975;1096;1261
3829,1536_2020-05-31,1536,4,122.0,14;8;80;20,577;595;983;1142
3830,1536_2020-06-01,1536,4,145.0,30;15;25;75,910;1025;1061;1129
3831,1536_2020-06-02,1536,7,233.0,21;15;25;27;35;40;70,538;837;1092;1187;1233;1249;1293
3832,1536_2020-06-03,1536,6,216.0,30;30;100;25;15;16,490;742;760;880;918;1067
3833,1536_2020-06-04,1536,4,149.0,30;44;45;30,856;898;1013;1178
3834,1536_2020-06-05,1536,3,58.0,10;23;25,878;897;1095
3835,1536_2020-06-08,1536,3,130.0,15;40;75,763;868;1160
3836,1536_2020-06-09,1536,6,260.0,50;29;22;58;26;75,631;804;910;942;1028;1221
3837,1536_2020-06-10,1536,6,335.0,25;65;60;100;60;25,516;628;929;957;1041;1228
3838,1536_2020-06-12,1536,4,215.0,100;35;25;55,740;1219;1261;1284
3839,1536_2020-06-15,1536,5,303.0,30;85;74;69;45,754;913;1061;1125;1210
3840,1536_2020-06-16,1536,3,183.0,45;28;110,644;1049;1205
3841,1536_2020-06-19,1536,2,151.0,71;80,852;1125
3842,1536_2020-06-20,1536,3,212.0,120;30;62,754;799;1300
3843,1536_2020-06-23,1536,3,201.0,120;45;36,566;728;1217
3844,1540_2020-04-30,1540,7,239.23000000000002,16.15;20;63.04;0.87;62.17;39;38,698;698;911;911;911;911;1265
3845,1540_2020-05-01,1540,4,128.0,17;50;35;26,618;888;1061;1403
3846,1540_2020-05-03,1540,6,240.07,31.46;32;84.3;37;21.31;34,694;694;947;947;1268;1268
3847,1540_2020-05-04,1540,4,132.0,32;38;20;42,707;1050;1212;1327
3848,1540_2020-05-05,1540,4,148.0,39;41;26;42,713;927;1239;1305
3849,1540_2020-05-06,1540,3,102.0,17;43;42,766;955;1294
3850,1540_2020-05-07,1540,3,76.0,20;32;24,485;686;1263
3851,1540_2020-05-08,1540,8,350.6,65.82;17;34.38;25;83.7;1.86;81.84;41,637;637;936;936;1255;1255;1255;1255
3852,1540_2020-05-10,1540,2,49.0,18;31,650;1381
3853,1540_2020-05-11,1540,3,121.0,39;38;44,713;941;1292
3854,1540_2020-05-12,1540,3,95.0,27;26;42,482;790;1249
3855,1540_2020-05-13,1540,2,70.0,28;42,666;961
3856,1540_2020-05-14,1540,2,67.0,32;35,705;1239
3857,1540_2020-05-15,1540,6,266.57,61.26;32;30.4;36;67.91;39,786;786;1077;1077;1342;1342
3858,1540_2020-05-17,1540,3,107.0,38;21;48,820;1010;1186
3859,1540_2020-05-18,1540,6,277.12,24;34;88.06;20.85;67.21;43,700;948;1307;1307;1307;1307
3860,1540_2020-05-20,1540,3,73.0,17;36;20,671;961;1349
3861,1540_2020-05-21,1540,3,107.0,36;38;33,700;975;1304
3862,1540_2020-05-22,1540,4,132.0,30;46;24;32,677;849;1172;1428
3863,1540_2020-05-23,1540,4,145.0,39;42;32;32,805;1113;1381;1394
3864,1540_2020-05-24,1540,3,83.0,40;12;31,724;987;1251
3865,1540_2020-05-25,1540,8,226.37,42.15;40;28.57;24;31.83;1.83;29.99;28,674;674;927;927;1318;1318;1318;1318
3866,1540_2020-05-26,1540,6,234.44,42.15;40;41.84;34;34.45;42,660;660;921;921;1331;1331
3867,1542_2020-07-07,1542,7,119.89,16.43;5;25;17.04;20;26.42;10,593;593;761;1129;1129;1175;1175
3868,1542_2020-07-08,1542,6,169.12,3.41;50.63;20;6.49;58.59;30,399;443;443;701;1148;1148
3869,1542_2020-07-09,1542,6,113.96,28.12;20;13.54;10;17.3;25,441;441;787;787;1196;1196
3870,1542_2020-07-10,1542,3,67.0,22;20;25,444;753;1171
3871,1542_2020-07-11,1542,2,50.0,10;40,713;1170
3872,1542_2020-07-12,1542,4,55.0,5;10;10;30,779;993;1088;1168
3873,1542_2020-07-13,1542,2,55.0,15;40,778;1171
3874,1542_2020-07-15,1542,8,158.1,43.07;25;3.45;5;14.91;20;31.67;15,440;440;717;717;1078;1078;1174;1174
3875,1542_2020-07-16,1542,3,90.0,20;15;55,510;777;1157
3876,1542_2020-07-17,1542,8,172.53,41.39;20;44.78;5;3.13;10;42.23;6,446;446;765;765;1159;1159;1174;1174
3877,1542_2020-07-18,1542,5,104.02,9.04;11.9;15;23.08;45,546;743;743;1218;1218
3878,1542_2020-07-19,1542,4,78.0,18;10;15;35,585;708;960;1177
3879,1542_2020-07-21,1542,2,40.0,25;15,420;940
3880,1542_2020-07-22,1542,3,70.0,20;20;30,512;776;1140
3881,1542_2020-07-23,1542,4,87.0,22;10;20;35,510;780;1095;1170
3882,1542_2020-07-24,1542,2,40.0,25;15,555;675
3883,1542_2020-07-28,1542,4,80.0,25;15;30;10,510;827;1140;1304
3884,1543_2020-03-13,1543,5,89.0,25;10;10;25;19,593;867;882;1160;1254
3885,1543_2020-03-16,1543,4,95.0,30;25;25;15,628;790;1192;1405
3886,1543_2020-03-17,1543,2,55.0,30;25,620;848
3887,1543_2020-03-19,1543,8,242.7,52.38;45;20.83;10;24.35;25;40.14;25,707;707;904;904;961;961;1260;1260
3888,1543_2020-03-20,1543,7,129.0,25;10;5;17;10;25;37,613;785;863;964;980;1199;1373
3889,1543_2020-03-23,1543,4,80.0,30;10;15;25,541;750;925;1194
3890,1543_2020-03-24,1543,6,95.0,8;25;15;12;25;10,611;842;956;1110;1230;1353
3891,1543_2020-03-25,1543,5,124.0,25;24;30;15;30,15;554;842;950;1209
3892,1543_2020-03-26,1543,5,135.0,20;25;35;15;40,581;630;729;920;1205
3893,1543_2020-03-29,1543,5,131.0,30;26;35;10;30,575;721;827;902;1230
3894,1543_2020-03-30,1543,6,90.0,10;25;15;10;20;10,587;724;910;958;1225;1420
3895,1543_2020-03-31,1543,5,80.0,25;5;25;10;15,518;588;800;809;900
3896,1543_2020-04-01,1543,6,150.0,15;35;45;20;25;10,555;742;830;1155;1272;1305
3897,1543_2020-04-02,1543,3,45.0,20;15;10,735;1077;1164
3898,1543_2020-04-03,1543,6,120.0,10;30;25;20;20;15,809;980;1187;1253;1395;1400
3899,1543_2020-04-05,1543,8,231.09,25.12;15;39.68;20;13.69;15;72.6;30,542;542;769;769;812;812;1133;1133
3900,1543_2020-04-06,1543,5,116.0,20;30;24;30;12,550;780;1090;1215;1335
3901,1543_2020-04-07,1543,6,118.0,15;15;25;10;38;15,590;690;765;930;944;1220
3902,1550_2020-07-01,1550,5,161.0,40;14;45;20;42,433;640;791;915;1055
3903,1550_2020-07-02,1550,4,112.0,32;25;15;40,447;783;957;1051
3904,1550_2020-07-03,1550,6,170.0,45;10;55;5;45;10,416;644;729;960;1038;1223
3905,1550_2020-07-04,1550,4,124.0,34;35;45;10,447;710;991;1230
3906,1550_2020-07-05,1550,7,202.0,41;17;8;34;14;60;28,460;600;758;808;867;1050;1230
3907,1550_2020-07-06,1550,5,173.0,40;40;24;45;24,458;662;778;1024;1287
3908,1550_2020-07-07,1550,5,160.0,36;16;45;45;18,410;615;719;1010;1287
3909,1550_2020-07-08,1550,5,153.0,40;30;30;50;3,453;661;827;1019;1253
3910,1550_2020-07-09,1550,6,195.0,30;27;44;24;50;20,459;548;690;894;1065;1234
3911,1550_2020-07-10,1550,5,166.0,34;12;50;50;20,457;581;762;1044;1171
3912,1550_2020-07-11,1550,4,100.0,35;50;5;10,481;859;1125;1252
3913,1550_2020-07-12,1550,5,166.0,60;15;36;25;30,498;769;783;921;1143
3914,1550_2020-07-13,1550,7,191.0,30;20;50;15;40;20;16,449;696;748;984;1002;1106;1234
3915,1550_2020-07-14,1550,6,207.0,50;40;17;20;50;30,448;686;864;982;1036;1225
3916,1550_2020-07-15,1550,5,159.0,30;20;45;52;12,408;674;807;1052;1232
3917,1550_2020-07-16,1550,6,210.0,50;15;30;15;60;40,407;600;772;871;1114;1188
3918,1550_2020-07-17,1550,5,175.0,30;20;50;20;55,494;540;705;858;1003
3919,1550_2020-07-18,1550,5,140.0,40;15;30;20;35,475;686;981;1099;1269
3920,1550_2020-07-19,1550,4,140.0,30;45;50;15,447;704;1034;1260
3921,1550_2020-07-20,1550,4,110.0,30;20;15;45,467;540;885;1017
3922,1550_2020-07-21,1550,7,184.0,25;19;40;30;15;50;5,453;622;677;820;1062;1106;1298
3923,1550_2020-07-22,1550,5,163.0,50;13;50;30;20,559;767;943;1072;1162
3924,1550_2020-07-23,1550,4,113.0,13;30;30;40,613;689;805;1093
3925,1550_2020-07-24,1550,4,130.0,45;20;50;15,412;707;1017;1260
3926,1550_2020-07-25,1550,5,180.0,45;45;20;50;20,475;717;959;1079;1233
3927,1550_2020-07-26,1550,4,130.0,30;15;40;45,462;653;765;1110
3928,1550_2020-07-27,1550,3,110.0,40;30;40,395;691;1080
3929,1550_2020-07-28,1550,4,108.0,20;40;40;8,478;735;1051;1224
3930,1552_2020-01-21,1552,8,150.79,17.33;11;19.27;12;36.1;25;15.09;15,596;596;741;741;1105;1105;1123;1123
3931,1552_2020-01-23,1552,3,57.0,2;5;50,610;849;1082
3932,1552_2020-01-25,1552,8,162.78,16.13;15;33.34;0.25;33.09;15;14.97;35,541;541;791;791;791;791;1115;1115
3933,1552_2020-01-26,1552,4,41.0,2;12;12;15,492;919;1142;1209
3934,1552_2020-01-27,1552,5,85.0,10;15;15;35;10,525;755;795;1164;1364
3935,1552_2020-01-29,1552,8,181.56,1.7;2;4;3;28.47;15;82.39;45,561;561;589;589;681;681;1133;1133
3936,1552_2020-01-30,1552,6,87.0,3;10;12;15;35;12,505;761;906;1056;1130;1306
3937,1552_2020-01-31,1552,3,55.0,5;15;35,455;466;1057
3938,1552_2020-02-01,1552,6,87.7,11.11;10;26.86;36;1.73;2,515;515;898;898;1221;1221
3939,1552_2020-02-02,1552,8,92.52000000000001,0.36;2;25.1;15;17.82;20;6.24;6,467;467;864;864;1167;1167;1333;1333
3940,1552_2020-02-03,1552,6,52.0,2;2;10;5;25;8,514;665;750;1048;1080;1334
3941,1552_2020-02-05,1552,8,166.21,1.28;2;50.5;35;15.07;20;12.36;30,525;525;778;778;1125;1125;1168;1168
3942,1552_2020-02-06,1552,4,33.0,5;10;15;3,623;898;1178;1313
3943,1552_2020-02-07,1552,3,39.0,23;10;6,574;923;1030
3944,1552_2020-02-08,1552,5,57.0,2;18;12;10;15,525;603;799;1119;1304
3945,1552_2020-02-09,1552,5,59.0,2;15;5;27;10,557;631;886;1120;1258
3946,1552_2020-02-10,1552,4,52.0,2;18;12;20,464;605;742;1230
3947,1552_2020-02-11,1552,4,57.0,2;15;15;25,516;564;743;1123
3948,1552_2020-02-12,1552,3,77.0,12;35;30,505;834;1101
3949,1552_2020-02-13,1552,5,52.0,10;2;6;30;4,273;437;677;854;1346
3950,1552_2020-02-14,1552,6,94.03999999999999,13.39;12;24.4;20;12.25;12,851;851;862;862;1240;1240
3951,1552_2020-02-15,1552,6,80.07000000000001,3.41;2;29.6;15;15.06;15,458;458;755;755;1249;1249
3952,1552_2020-02-16,1552,3,57.0,2;20;35,537;684;1115
3953,1552_2020-02-17,1552,4,68.0,2;6;20;40,494;809;1078;1214
3954,1554_2020-06-15,1554,5,231.11,65;34.11;22;40;70,453;593;593;718;1078
3955,1554_2020-06-16,1554,6,295.96000000000004,75;80;20.96;30;60;30,468;717;964;964;1103;1236
3956,1554_2020-06-17,1554,5,255.0,25;45;75;30;80,482;622;719;932;1083
3957,1554_2020-06-18,1554,5,245.0,75;60;10;25;75,473;687;848;1064;1197
3958,1554_2020-06-21,1554,5,198.0,45;8;45;45;55,478;617;719;913;1093
3959,1554_2020-06-22,1554,3,175.0,25;70;80,576;814;1095
3960,1554_2020-06-24,1554,4,195.0,30;45;40;80,481;715;907;1104
3961,1554_2020-06-25,1554,3,195.0,75;60;60,481;777;1132
3962,1554_2020-06-26,1554,4,290.0,80;75;75;60,473;703;1090;1100
3963,1554_2020-06-29,1554,4,205.0,60;45;40;60,502;710;870;1091
3964,1554_2020-07-02,1554,4,255.0,75;60;75;45,473;735;1166;1272
3965,1554_2020-07-03,1554,3,170.0,35;60;75,495;689;1089
3966,1554_2020-07-04,1554,3,171.0,11;60;100,445;701;1092
3967,1554_2020-07-05,1554,5,200.0,20;45;45;75;15,495;645;734;1097;1169
3968,1554_2020-07-06,1554,3,185.0,50;60;75,509;829;1093
3969,1554_2020-07-09,1554,3,170.0,50;45;75,469;720;1134
3970,1554_2020-07-10,1554,3,150.0,50;40;60,481;701;1091
3971,1554_2020-07-11,1554,4,190.0,50;45;20;75,447;692;919;1108
3972,1554_2020-07-12,1554,3,190.0,50;65;75,470;717;1131
3973,1558_2020-11-03,1558,3,95.0,40;40;15,507;739;1071
3974,1558_2020-11-04,1558,3,120.0,45;35;40,451;739;1033
3975,1558_2020-11-05,1558,6,187.08,40.12;30;42.08;15;19.88;40,532;532;711;711;1043;1043
3976,1558_2020-11-06,1558,6,132.74,30.83;15;31.97;25;9.94;20,547;547;770;770;1077;1077
3977,1558_2020-11-07,1558,3,80.0,40;35;5,507;766;1101
3978,1558_2020-11-08,1558,3,85.0,45;25;15,475;704;1067
3979,1558_2020-11-09,1558,3,90.0,40;25;25,487;706;1080
3980,1558_2020-11-11,1558,6,255.63,36.05;45;41.04;20;73.54;40,489;489;740;740;1074;1074
3981,1558_2020-11-12,1558,6,238.66,33.53;45;68.56;30;31.57;30,511;511;732;732;1065;1065
3982,1558_2020-11-13,1558,6,240.9,62.58;40;28.54;25;54.78;30,537;537;733;733;1004;1004
3983,1558_2020-11-14,1558,3,85.0,45;15;25,544;753;1088
3984,1558_2020-11-15,1558,3,115.0,45;25;45,487;719;1050
3985,1558_2020-11-16,1558,3,105.0,45;15;45,488;713;1065
3986,1558_2020-11-17,1558,6,229.19,45.74;45;48.94;20;29.51;40,495;495;735;735;1073;1073
3987,1558_2020-11-18,1558,6,233.14000000000001,36.58;45;43.29;20;48.27;40,474;474;684;684;1056;1056
3988,1558_2020-11-19,1558,3,90.0,30;20;40,504;735;1104
3989,1558_2020-11-20,1558,3,70.0,15;35;20,560;749;1066
3990,1558_2020-11-21,1558,3,85.0,30;35;20,578;753;1100
3991,1558_2020-11-22,1558,3,90.0,45;15;30,495;702;1069
3992,1558_2020-11-23,1558,2,90.0,45;45,500;1080
3993,1558_2020-11-24,1558,6,268.5,73.74;45;40.79;25;43.97;40,521;521;680;680;1049;1049
3994,1558_2020-11-25,1558,4,203.11,44.33;30;73.78;55,510;510;811;811
3995,1558_2020-11-26,1558,3,85.0,25;30;30,516;774;1070
3996,1558_2020-11-27,1558,3,130.0,45;40;45,511;703;1065
3997,1558_2020-11-28,1558,3,110.0,45;20;45,529;705;1066
3998,1558_2020-11-29,1558,3,105.0,45;15;45,489;723;1067
3999,1558_2020-11-30,1558,3,75.0,25;25;25,491;694;1078
4000,1559_2019-09-21,1559,9,152.79,11.03;20;1.29;20.89;20;14.95;20;19.63;25,502;502;637;864;864;908;908;1225;1225
4001,1559_2019-09-22,1559,3,85.0,20;25;40,433;870;1198
4002,1559_2019-09-23,1559,2,65.0,25;40,450;799
4003,1559_2019-09-25,1559,6,280.15,47.04;25;68.73;35;59.38;45,503;503;708;708;1198;1198
4004,1559_2019-09-28,1559,8,192.05,17.58;20;26.95;15;6.74;15;65.78;25,507;507;566;566;692;692;1221;1221
4005,1559_2019-09-29,1559,2,45.0,35;10,460;1124
4006,1559_2019-09-30,1559,2,64.0,20;44,825;1210
4007,1559_2019-10-01,1559,3,125.0,35;35;55,555;797;1155
4008,1559_2019-10-02,1559,3,130.0,35;50;45,460;780;1013
4009,1559_2019-10-03,1559,4,51.0,20;15;8;8,484;713;951;1209
4010,1559_2019-10-05,1559,8,234.82,22.89;18;19.86;15;86.1;60;0.97;12,475;475;836;836;1235;1235;1261;1261
4011,1559_2019-10-06,1559,6,130.0,20;15;25;20;30;20,496;570;640;859;1143;1246
4012,1559_2019-10-07,1559,5,101.0,18;20;8;35;20,584;726;980;1152;1293
4013,1559_2019-10-08,1559,4,155.0,25;40;20;70,529;739;989;1177
4014,1559_2019-10-10,1559,6,171.56,50.96;25;21.42;20;42.18;12,468;468;742;742;1021;1021
4015,1559_2019-10-11,1559,6,130.0,20;15;20;15;15;45,390;498;619;767;1142;1187
4016,1559_2019-10-12,1559,3,85.0,35;25;25,459;742;1091
4017,1559_2019-10-13,1559,3,100.0,15;10;75,486;745;1228
4018,1559_2019-10-14,1559,1,45.0,45,1213
4019,1559_2019-10-15,1559,1,45.0,45,1146
4020,1563_2020-08-21,1563,3,119.0,45;30;44,621;780;1035
4021,1563_2020-08-22,1563,4,236.0,45;25;66;100,520;743;873;1130
4022,1563_2020-08-23,1563,2,65.0,40;25,560;1135
4023,1563_2020-08-30,1563,1,55.0,55,613
4024,1563_2020-08-31,1563,1,66.0,66,575
4025,1563_2020-09-01,1563,3,173.0,50;90;33,562;844;1097
4026,1563_2020-09-03,1563,2,101.0,66;35,618;742
4027,1563_2020-09-05,1563,2,121.0,55;66,589;866
4028,1563_2020-09-06,1563,1,60.0,60,583
4029,1563_2020-09-07,1563,2,73.0,23;50,550;734
4030,1563_2020-09-08,1563,1,55.0,55,561
4031,1563_2020-09-09,1563,2,105.0,50;55,584;803
4032,1563_2020-09-13,1563,1,75.0,75,575
4033,1563_2020-09-14,1563,1,55.0,55,598
4034,1566_2020-05-03,1566,7,86.0,4;14;40;15;1;7;5,755;909;953;1143;1157;1213;1399
4035,1566_2020-05-04,1566,8,130.0,13;8;18;8;5;40;15;23,607;681;759;815;890;1080;1088;1395
4036,1566_2020-05-05,1566,2,35.0,15;20,743;1277
4037,1566_2020-05-06,1566,8,229.66,34.7;17;13.17;18;61.44;60;15.35;10,558;558;729;729;818;818;1212;1212
4038,1566_2020-05-07,1566,8,120.84,16.02;19;8.65;9;7.45;6;24.72;30,731;731;865;865;1150;1150;1226;1226
4039,1566_2020-05-10,1566,8,144.0,9;2;23;40;25;18;25;2,695;897;905;997;1201;1206;1343;1371
4040,1566_2020-05-11,1566,5,116.0,25;10;45;18;18,704;817;1176;1221;1409
4041,1566_2020-05-12,1566,5,88.0,45;9;9;4;21,716;739;1130;1244;1312
4042,1566_2020-05-15,1566,7,170.0,5;35;25;25;25;25;30,485;694;730;907;1072;1117;1256
4043,1566_2020-05-16,1566,7,89.0,5;19;10;18;6;25;6,626;747;886;924;1138;1202;1225
4044,1566_2020-05-17,1566,7,121.0,18;15;9;6;44;11;18,663;844;906;1044;1097;1202;1312
4045,1566_2020-05-18,1566,6,62.0,15;25;10;5;4;3,627;697;924;1133;1145;1385
4046,1566_2020-05-19,1566,6,102.0,9;30;9;9;15;30,577;719;995;1067;1125;1154
4047,1566_2020-05-21,1566,8,85.20000000000002,2.24;10;1.22;2;11.92;32;10.82;15,716;716;943;943;1215;1215;1229;1229
4048,1566_2020-05-22,1566,5,86.0,6;20;12;36;12,584;725;1064;1184;1212
4049,1566_2020-05-23,1566,6,66.0,6;20;20;2;10;8,702;789;947;1080;1187;1284
4050,1566_2020-05-24,1566,4,52.0,20;10;13;9,658;797;1228;1305
4051,1566_2020-05-25,1566,8,107.0,20;20;10;10;5;5;15;22,602;767;853;994;1074;1231;1269;1435
4052,1566_2020-05-26,1566,6,95.0,4;24;23;9;5;30,637;720;845;913;1069;1172
4053,1567_2020-01-28,1567,9,344.87,10.25;44;8.92;20;50.65;55;21.05;75;60,490;490;685;685;731;731;1060;1060;1423
4054,1567_2020-01-29,1567,8,247.84000000000003,0.41;10;58.39;45;5.27;5;63.77;60,530;530;722;722;730;730;1087;1087
4055,1567_2020-02-01,1567,5,265.0,55;30;60;30;90,455;619;729;802;1076
4056,1567_2020-02-02,1567,3,180.0,45;45;90,707;794;1051
4057,1567_2020-02-03,1567,3,185.0,45;75;65,510;691;1047
4058,1567_2020-02-04,1567,3,150.0,30;30;90,475;753;1068
4059,1567_2020-02-05,1567,7,309.02,6;60;60;43.42;60;19.6;60,479;479;747;1112;1112;1349;1349
4060,1567_2020-02-06,1567,6,226.45999999999998,16.15;30;32.61;45;27.7;75,474;474;731;731;1087;1087
4061,1567_2020-02-07,1567,4,272.97,75;17.97;90;90,498;726;726;1073
4062,1567_2020-02-08,1567,6,222.23000000000002,16.96;60;30.76;30;24.51;60,469;469;731;731;1141;1141
4063,1567_2020-02-12,1567,7,123.39,1.36;5;5;15;37.03;30;30,469;469;708;904;921;921;1026
4064,1567_2020-02-13,1567,2,180.0,90;90,515;1042
4065,1567_2020-02-14,1567,4,180.0,15;30;45;90,527;679;1135;1310
4066,1567_2020-02-15,1567,4,100.0,30;30;25;15,497;748;760;1093
4067,1567_2020-02-16,1567,3,180.0,30;30;120,499;776;1158
4068,1567_2020-02-18,1567,3,270.0,90;90;90,542;754;1072
4069,1567_2020-02-19,1567,3,150.0,30;30;90,477;726;1040
4070,1567_2020-02-20,1567,3,150.0,60;45;45,471;756;1065
4071,1567_2020-02-21,1567,6,238.95000000000002,27.4;60;2.43;10;64.12;75,508;508;706;706;1069;1069
4072,1567_2020-02-22,1567,7,266.37,17.7;60;15;30;75;23.67;45,509;509;626;712;1081;1305;1305
4073,1567_2020-02-23,1567,1,30.0,30,748
4074,1567_2020-02-24,1567,3,165.0,30;75;60,519;765;1088
4075,1568_2019-12-26,1568,3,110.0,10;75;25,753;1291;1420
4076,1568_2019-12-27,1568,3,95.0,35;20;40,819;1080;1371
4077,1568_2019-12-28,1568,4,174.0,100;20;24;30,690;960;987;1160
4078,1568_2019-12-31,1568,4,120.0,20;40;50;10,746;904;1159;1280
4079,1568_2020-01-03,1568,3,115.0,25;45;45,756;1141;1262
4080,1568_2020-01-04,1568,4,159.0,30;24;60;45,721;930;1143;1264
4081,1568_2020-01-05,1568,6,163.88,15.54;45;49.78;20;9.56;24,812;812;1061;1061;1105;1105
4082,1568_2020-01-10,1568,4,119.0,10;24;30;55,913;1069;1128;1250
4083,1568_2020-01-11,1568,4,154.0,50;24;25;55,746;927;1113;1231
4084,1568_2020-01-12,1568,4,152.0,50;35;7;60,812;964;1119;1180
4085,1568_2020-01-13,1568,4,64.0,8;11;30;15,31;891;1125;1247
4086,1568_2020-01-14,1568,4,135.0,10;11;24;90,764;868;1055;1163
4087,1568_2020-01-15,1568,5,72.0,2;5;11;15;39,758;771;926;1095;1163
4088,1568_2020-01-17,1568,3,99.0,30;24;45,748;980;1158
4089,1568_2020-01-18,1568,3,150.0,75;60;15,966;1186;1247
4090,1568_2020-01-19,1568,4,124.0,35;24;45;20,816;1076;1162;1271
4091,1568_2020-01-20,1568,4,81.0,15;11;10;45,765;900;1080;1230
4092,1580_2020-08-15,1580,4,67.08,18.16;5;28.92;15,711;711;1065;1065
4093,1580_2020-08-18,1580,6,47.25,7.32;4;7.46;1;24.47;3,692;692;844;844;1180;1180
4094,1580_2020-08-19,1580,4,47.099999999999994,18.63;1;24.47;3,1299;1299;1311;1311
4095,1580_2020-08-20,1580,6,124.54,91.95;8;1.29;5;15.3;3,691;691;933;933;1095;1095
4096,1580_2020-08-21,1580,6,50.61,16.5;4;5.9;3;13.21;8,540;540;902;902;1080;1080
4097,1580_2020-08-27,1580,3,48.0,9;5;34,633;894;1140
4098,1580_2020-08-28,1580,3,35.79,0.11;29.68;6,563;1005;1005
4099,1580_2020-09-03,1580,6,118.46000000000001,9.6;5;9.6;1;91.26;2,838;838;849;849;1102;1102
4100,1586_2020-04-17,1586,2,60.0,30;30,578;776
4101,1586_2020-04-18,1586,4,95.0,30;15;20;30,459;695;867;1072
4102,1586_2020-04-19,1586,3,90.0,30;15;45,525;836;1057
4103,1586_2020-04-20,1586,2,56.0,31;25,551;1115
4104,1586_2020-04-21,1586,2,60.0,30;30,528;852
4105,1586_2020-04-22,1586,2,90.0,30;60,652;991
4106,1586_2020-04-23,1586,5,125.0,15;60;15;15;20,600;697;972;1055;1133
4107,1586_2020-04-24,1586,3,90.0,50;15;25,727;941;1108
4108,1586_2020-04-25,1586,3,40.0,15;5;20,475;516;810
4109,1586_2020-04-26,1586,4,86.0,15;25;26;20,495;603;899;1080
4110,1586_2020-04-27,1586,3,73.0,20;25;28,513;732;1007
4111,1586_2020-04-28,1586,4,92.0,15;32;25;20,484;522;731;1094
4112,1586_2020-04-29,1586,2,35.0,30;5,542;1046
4113,1586_2020-04-30,1586,3,60.0,15;25;20,478;503;985
4114,1586_2020-05-01,1586,3,65.0,15;20;30,499;556;874
4115,1586_2020-05-02,1586,4,75.0,15;30;15;15,506;571;723;813
4116,1586_2020-05-03,1586,4,90.0,15;30;25;20,475;570;875;1109
4117,1586_2020-05-04,1586,1,50.0,50,996
4118,1586_2020-05-05,1586,2,53.0,25;28,510;1094
4119,1586_2020-05-06,1586,2,95.0,35;60,495;750
4120,1586_2020-05-07,1586,4,133.0,45;28;30;30,546;731;944;1220
4121,1586_2020-05-08,1586,4,85.0,15;30;10;30,572;622;737;933
4122,1586_2020-05-09,1586,3,115.0,45;35;35,540;645;970
4123,1586_2020-05-10,1586,2,80.0,45;35,480;825
4124,1586_2020-05-13,1586,2,75.0,35;40,450;750
4125,1586_2020-05-14,1586,3,75.0,15;25;35,554;660;860
4126,159_2019-10-29,159,4,135.0,10;25;35;65,613;1150;1151;1238
4127,159_2019-10-30,159,3,115.0,25;55;35,513;755;1188
4128,159_2019-10-31,159,2,69.0,24;45,592;861
4129,159_2019-11-03,159,8,261.26,31.07;1.93;29.14;35;48.92;48;12.2;55,589;589;589;589;874;874;1137;1137
4130,159_2019-11-05,159,3,103.0,11;42;50,544;827;1188
4131,159_2019-11-06,159,4,157.0,24;38;35;60,541;852;973;1204
4132,159_2019-11-07,159,3,162.0,35;65;62,498;774;1193
4133,159_2019-11-08,159,6,160.36,15.3;45;10.11;18;26.95;45,519;519;778;778;984;984
4134,159_2019-11-12,159,4,187.0,45;35;45;62,544;783;1031;1150
4135,159_2019-11-13,159,2,69.0,24;45,531;1047
4136,159_2019-11-14,159,4,157.0,35;40;30;52,476;777;1078;1197
4137,159_2019-11-15,159,4,190.0,30;65;35;60,540;778;1078;1259
4138,159_2019-11-16,159,3,165.0,55;65;45,504;802;1262
4139,159_2019-11-17,159,8,246.15000000000003,36.77;0.42;36.35;25;45.31;45;12.3;45,570;570;570;570;867;867;1187;1187
4140,159_2019-11-18,159,8,237.41,33.86;40;17;6.23;10.76;30;59.56;40,526;526;762;762;762;762;1168;1168
4141,159_2019-11-19,159,4,179.0,34;55;45;45,500;777;1018;1140
4142,159_2019-11-20,159,3,155.0,55;35;65,726;966;1147
4143,159_2019-11-21,159,4,150.0,5;45;30;70,488;729;969;1150
4144,159_2019-11-22,159,4,199.0,24;55;60;60,554;804;984;1242
4145,159_2019-11-23,159,2,101.0,65;36,533;774
4146,1596_2021-03-14,1596,8,259.25,33.94;56;26.97;60;25.65;22;13.69;21,455;455;712;712;1116;1116;1306;1306
4147,1596_2021-03-15,1596,2,90.0,30;60,447;739
4148,1596_2021-03-16,1596,4,181.0,56;45;30;50,443;724;729;1200
4149,1596_2021-03-17,1596,2,47.0,2;45,540;1124
4150,1596_2021-03-18,1596,7,336.07,24.33;20;64;122.12;65;15.62;25,560;560;751;1247;1247;1249;1249
4151,1596_2021-03-19,1596,3,120.0,30;30;60,454;620;741
4152,1596_2021-03-20,1596,3,157.0,48;53;56,460;678;823
4153,1596_2021-03-21,1596,2,75.0,30;45,446;533
4154,1596_2021-03-22,1596,2,135.0,91;44,468;718
4155,1596_2021-03-23,1596,3,203.0,36;125;42,457;711;1326
4156,1596_2021-03-24,1596,2,108.0,48;60,1020;1021
4157,1596_2021-03-26,1596,2,120.0,60;60,465;730
4158,1596_2021-03-27,1596,1,36.0,36,472
4159,1596_2021-03-28,1596,2,61.0,36;25,460;725
4160,1596_2021-03-29,1596,1,30.0,30,720
4161,1596_2021-03-30,1596,4,116.0,30;30;11;45,449;739;796;1170
4162,1596_2021-03-31,1596,4,137.0,30;45;35;27,480;810;1260;1362
4163,1596_2021-04-01,1596,2,111.0,35;76,570;1342
4164,1596_2021-04-02,1596,1,66.0,66,456
4165,1596_2021-04-03,1596,1,36.0,36,463
4166,1596_2021-04-04,1596,3,161.0,36;60;65,459;725;1310
4167,1596_2021-04-05,1596,3,160.0,30;70;60,459;708;1080
4168,1596_2021-04-06,1596,3,172.0,36;80;56,466;736;1170
4169,1596_2021-04-07,1596,3,145.0,30;45;70,510;720;1080
4170,1596_2021-04-08,1596,2,70.0,45;25,750;1065
4171,1596_2021-04-09,1596,2,136.0,56;80,720;1170
4172,1602_2021-01-17,1602,4,115.0,30;30;20;35,467;747;1113;1205
4173,1602_2021-01-18,1602,4,130.0,25;25;55;25,475;743;1074;1316
4174,1602_2021-01-19,1602,3,100.0,30;30;40,469;609;740
4175,1602_2021-01-20,1602,3,95.0,35;30;30,426;657;741
4176,1602_2021-01-21,1602,2,40.0,15;25,594;1183
4177,1602_2021-01-22,1602,2,75.0,20;55,673;1237
4178,1602_2021-01-23,1602,4,70.0,20;25;10;15,567;720;848;1112
4179,1602_2021-01-24,1602,3,70.0,35;10;25,465;914;1126
4180,1602_2021-01-25,1602,2,60.0,30;30,479;738
4181,1602_2021-01-26,1602,1,30.0,30,714
4182,1602_2021-01-27,1602,2,70.0,45;25,486;720
4183,1602_2021-01-29,1602,1,30.0,30,597
4184,1602_2021-01-30,1602,3,90.0,40;40;10,473;661;764
4185,1602_2021-01-31,1602,2,50.0,40;10,479;734
4186,1602_2021-02-01,1602,3,75.0,40;10;25,482;747;876
4187,1602_2021-02-02,1602,2,45.0,35;10,478;726
4188,1602_2021-02-03,1602,2,85.0,25;60,570;1078
4189,1602_2021-02-04,1602,1,30.0,30,910
4190,1602_2021-02-05,1602,2,34.0,14;20,639;1148
4191,1602_2021-02-06,1602,3,85.0,25;30;30,476;738;1114
4192,1602_2021-02-07,1602,2,75.0,45;30,487;727
4193,1602_2021-02-08,1602,2,60.0,35;25,477;750
4194,1602_2021-02-09,1602,2,80.0,30;50,477;737
4195,1602_2021-02-10,1602,2,65.0,35;30,485;735
4196,1602_2021-02-11,1602,1,30.0,30,540
4197,1602_2021-02-12,1602,1,35.0,35,616
4198,1602_2021-02-13,1602,1,45.0,45,743
4199,1603_2020-04-02,1603,8,322.81,32.49;36;70.67;50;42.35;52;23.3;16,444;444;764;764;1107;1107;1241;1241
4200,1603_2020-04-03,1603,4,162.0,40;45;12;65,407;718;888;1099
4201,1603_2020-04-04,1603,4,158.0,48;12;48;50,415;641;682;1020
4202,1603_2020-04-05,1603,4,165.0,45;50;50;20,461;735;1045;1188
4203,1603_2020-04-06,1603,8,307.33,31.25;48;25.77;12;44.63;40;60.68;45,409;409;672;672;721;721;1132;1132
4204,1603_2020-04-08,1603,8,351.22,34.35;42;35.57;40;41.95;20;79.35;58,432;432;716;716;887;887;1101;1101
4205,1603_2020-04-10,1603,7,249.0,50;20;60;12;62;25;20,379;565;754;876;1140;1235;1275
4206,1603_2020-04-11,1603,3,155.0,55;55;45,441;525;859
4207,1603_2020-04-12,1603,5,198.0,55;33;40;12;58,321;495;635;787;1120
4208,1603_2020-04-13,1603,6,354.53,28.09;50;63.19;48;103.25;62,415;415;707;707;1166;1166
4209,1603_2020-04-15,1603,4,144.0,45;35;24;40,366;719;940;1060
4210,1603_2020-04-16,1603,4,178.0,38;24;68;48,373;573;696;1191
4211,1603_2020-04-17,1603,4,171.0,48;48;45;30,392;764;1165;1198
4212,1603_2020-04-18,1603,5,172.0,45;32;35;35;25,363;615;747;1203;1217
4213,1603_2020-04-19,1603,5,195.0,45;45;10;55;40,364;714;995;1067;1210
4214,1603_2020-04-20,1603,6,268.93999999999994,49.85;50;33.11;35;35.98;65,453;453;738;738;1096;1096
4215,1603_2020-04-22,1603,4,167.0,50;45;12;60,490;726;973;1090
4216,1603_2020-04-23,1603,5,175.0,55;5;30;55;30,371;593;702;1084;1177
4217,1603_2020-04-24,1603,5,160.0,40;14;40;52;14,414;675;779;1073;1250
4218,1603_2020-04-25,1603,5,188.0,48;35;32;18;55,360;620;713;955;1178
4219,1603_2020-04-26,1603,5,194.0,50;45;12;65;22,364;727;915;1068;1153
4220,1604_2020-08-11,1604,5,94.0,30;26;12;17;9,580;746;1127;1192;1335
4221,1604_2020-08-12,1604,7,165.0,28;15;41;20;14;30;17,453;581;737;922;1143;1189;1264
4222,1604_2020-08-13,1604,6,134.0,35;30;15;14;20;20,446;800;827;959;1129;1245
4223,1604_2020-08-16,1604,5,126.0,30;6;45;20;25,505;675;809;1115;1238
4224,1604_2020-08-17,1604,4,100.0,30;30;10;30,579;818;1138;1190
4225,1604_2020-08-19,1604,9,278.21000000000004,18.37;25;25.13;50.15;38;35.34;30;39.22;17,447;447;558;852;852;1131;1131;1216;1216
4226,1604_2020-08-20,1604,4,110.0,30;30;25;25,515;852;1161;1209
4227,1604_2020-08-21,1604,8,347.34000000000003,18.97;28;130.16;45;39.59;25;43.62;17,484;484;790;790;1209;1209;1331;1331
4228,1604_2020-08-22,1604,8,271.26,39.98;27;19.49;17;48.05;40;54.74;25,761;761;813;813;1108;1108;1179;1179
4229,1604_2020-08-23,1604,5,137.0,35;35;17;25;25,595;771;1005;1113;1156
4230,1604_2020-08-24,1604,5,122.0,30;30;17;20;25,492;762;862;1091;1182
4231,1604_2020-08-26,1604,8,250.1,25.22;27;17.72;16;48.81;47;38.35;30,452;452;694;694;813;813;1146;1146
4232,1604_2020-08-27,1604,4,107.0,35;30;25;17,458;780;1083;1221
4233,1604_2020-08-28,1604,4,110.0,30;30;25;25,525;744;1080;1260
4234,1604_2020-08-29,1604,5,150.0,30;30;30;35;25,607;854;955;1152;1186
4235,1604_2020-08-30,1604,5,132.0,30;15;27;35;25,499;739;760;1132;1162
4236,1604_2020-08-31,1604,5,130.0,25;40;15;20;30,555;804;815;1104;1302
4237,1604_2020-09-01,1604,4,124.0,45;40;14;25,533;841;1154;1223
4238,1604_2020-09-02,1604,5,125.0,30;35;25;20;15,454;810;916;1220;1273
4239,1604_2020-09-03,1604,3,110.0,45;20;45,615;844;1092
4240,1604_2020-09-04,1604,8,240.89999999999998,19.12;30;22.76;30;50.98;35;28.04;25,589;589;784;784;1099;1099;1141;1141
4241,1604_2020-09-06,1604,5,115.0,30;30;15;30;10,501;812;1114;1165;1436
4242,1604_2020-09-07,1604,5,145.0,30;40;20;30;25,541;761;942;1146;1190
4243,1606_2020-12-18,1606,1,30.0,30,1111
4244,1606_2020-12-19,1606,3,102.0,26;10;66,645;735;1180
4245,1606_2020-12-20,1606,3,54.0,10;26;18,480;634;934
4246,1606_2020-12-23,1606,3,102.0,40;25;37,453;1103;1182
4247,1606_2020-12-24,1606,4,101.0,15;18;20;48,485;776;850;1094
4248,1606_2020-12-25,1606,4,120.0,45;22;28;25,546;665;801;1091
4249,1606_2020-12-26,1606,2,67.0,22;45,478;1130
4250,1606_2020-12-27,1606,3,135.0,35;55;45,482;739;1100
4251,1606_2020-12-28,1606,3,50.0,15;8;27,490;731;1204
4252,1606_2020-12-29,1606,2,85.0,25;60,600;1083
4253,1606_2020-12-30,1606,3,120.0,35;30;55,510;1087;1165
4254,1606_2020-12-31,1606,4,102.0,40;4;18;40,521;640;777;1127
4255,1606_2021-01-02,1606,4,77.0,26;18;8;25,320;748;945;1080
4256,1606_2021-01-04,1606,2,58.0,18;40,556;738
4257,1606_2021-01-06,1606,1,35.0,35,746
4258,1606_2021-01-07,1606,2,40.0,10;30,510;737
4259,1606_2021-01-10,1606,2,70.0,45;25,1149;1391
4260,1611_2019-07-28,1611,8,342.43999999999994,30.47;30;79.89;60;27.72;20;54.36;40,530;530;747;747;1025;1025;1133;1133
4261,1611_2019-07-30,1611,3,115.0,30;40;45,634;795;1128
4262,1611_2019-07-31,1611,4,145.0,30;40;45;30,559;749;973;1140
4263,1611_2019-08-01,1611,4,150.0,30;35;65;20,506;731;987;1331
4264,1611_2019-08-02,1611,5,185.0,30;60;20;20;55,495;719;920;1038;1094
4265,1611_2019-08-03,1611,4,146.0,30;45;55;16,446;694;1069;1309
4266,1611_2019-08-04,1611,8,347.79,30.73;30;86.5;40;27.72;25;67.84;40,496;496;731;731;984;984;1093;1093
4267,1611_2019-08-06,1611,3,140.0,30;55;55,489;726;997
4268,1611_2019-08-08,1611,8,290.98,28.3;30;64.75;50;55.59;55;2.34;5,496;496;753;753;1108;1108;1287;1287
4269,1611_2019-08-09,1611,4,167.0,30;65;60;12,494;726;979;1307
4270,1611_2019-08-10,1611,4,163.0,30;55;60;18,450;726;1018;1300
4271,1611_2019-08-12,1611,6,329.9,31.59;30;83.79;50;79.52;55,500;500;741;741;1014;1014
4272,1611_2019-08-13,1611,3,145.0,30;65;50,535;774;1027
4273,1611_2019-08-14,1611,3,135.0,50;45;40,543;745;1061
4274,1611_2019-08-15,1611,3,135.0,45;35;55,491;748;1026
4275,1611_2019-08-16,1611,4,158.0,40;45;55;18,472;747;1038;1318
4276,1611_2019-08-17,1611,3,165.0,50;70;45,528;759;1142
4277,1611_2019-08-19,1611,8,322.69,22.69;20;63.64;52;23.18;20;66.18;55,468;468;739;739;920;920;1019;1019
4278,1611_2019-08-20,1611,3,112.0,22;50;40,520;753;1057
4279,1611_2019-08-21,1611,3,127.0,22;45;60,570;763;1059
4280,1611_2019-08-22,1611,3,142.0,22;55;65,511;769;1111
4281,1611_2019-08-23,1611,3,127.0,22;40;65,495;778;1092
4282,1611_2019-08-24,1611,3,127.0,22;45;60,464;742;1065
4283,1615_2019-08-05,1615,3,95.0,25;60;10,477;720;1119
4284,1615_2019-08-06,1615,3,165.0,50;45;70,530;792;1147
4285,1615_2019-08-08,1615,1,60.0,60,575
4286,1616_2019-11-12,1616,3,171.0,61;50;60,486;665;1148
4287,1616_2019-11-13,1616,5,150.0,25;40;50;15;20,454;493;885;1140;1169
4288,1616_2019-11-14,1616,5,185.0,65;10;10;60;40,514;1065;1080;1150;1162
4289,1616_2019-11-15,1616,6,356.03999999999996,67.75;40;132.78;65;40.51;10,422;422;1125;1125;1172;1172
4290,1616_2019-11-17,1616,3,160.0,55;30;75,564;914;1146
4291,1616_2019-11-18,1616,2,65.0,15;50,739;1096
4292,1616_2019-11-19,1616,5,180.0,55;20;30;20;55,540;675;900;968;1136
4293,1616_2019-11-20,1616,6,310.45,52.7;55;50.43;50;37.32;65,485;485;639;639;891;891
4294,1616_2019-11-24,1616,5,137.0,42;10;15;40;30,597;1024;1089;1122;1136
4295,1616_2019-11-25,1616,4,165.0,60;10;55;40,668;910;1098;1251
4296,1616_2019-11-26,1616,6,235.0,15;70;55;40;40;15,786;855;1012;1089;1190;1260
4297,1616_2019-11-27,1616,5,209.0,60;30;10;34;75,682;875;895;902;1160
4298,1616_2019-11-29,1616,6,200.62999999999997,59.73;55;25.11;20;20.79;20,1113;1113;1124;1124;1164;1164
4299,1616_2019-11-30,1616,3,145.0,60;55;30,535;715;1194
4300,1616_2019-12-01,1616,6,335.0,50;50;30;75;50;80,411;789;929;1067;1088;1210
4301,1616_2019-12-02,1616,4,164.0,60;12;42;50,451;492;678;1079
4302,1616_2019-12-05,1616,3,151.0,60;16;75,462;878;1159
4303,1616_2019-12-06,1616,7,223.0,30;45;13;50;30;20;35,460;762;788;1095;1106;1118;1127
4304,1616_2019-12-07,1616,5,255.0,40;50;60;20;85,538;714;858;1051;1063
4305,1616_2019-12-08,1616,3,157.0,87;20;50,516;740;1152
4306,1617_2020-10-01,1617,5,127.0,2;24;21;25;55,415;467;664;894;1110
4307,1617_2020-10-02,1617,5,116.0,2;23;22;19;50,401;469;740;902;1098
4308,1617_2020-10-03,1617,5,113.0,17;22;13;21;40,475;622;697;844;1094
4309,1617_2020-10-04,1617,4,136.0,17;25;67;27,402;780;990;1290
4310,1617_2020-10-05,1617,5,87.0,2;23;17;25;20,325;515;716;923;1080
4311,1617_2020-10-06,1617,4,92.0,14;15;25;38,498;678;838;1229
4312,1617_2020-10-07,1617,4,150.0,30;15;25;80,512;717;940;1084
4313,1617_2020-10-08,1617,7,289.0,2;21;15;25;150;26;50,331;498;719;911;1109;1230;1243
4314,1617_2020-10-09,1617,3,338.0,23;15;300,495;649;1122
4315,1617_2020-10-10,1617,4,120.0,25;13;55;27,551;781;1154;1313
4316,1617_2020-10-11,1617,4,273.0,25;21;27;200,503;741;961;1198
4317,1617_2020-10-12,1617,4,145.0,24;21;25;75,369;743;897;1120
4318,1617_2020-10-13,1617,5,203.0,25;75;21;52;30,472;621;859;1002;1176
4319,1617_2020-10-14,1617,3,200.0,25;75;100,541;786;1086
4320,1617_2020-10-15,1617,4,269.0,26;118;25;100,508;597;720;870
4321,1617_2020-10-16,1617,5,326.0,125;25;26;75;75,604;811;1020;1112;1290
4322,1617_2020-10-17,1617,4,154.0,60;4;30;60,554;679;780;1143
4323,1617_2020-10-18,1617,5,240.0,70;25;35;75;35,485;934;993;1116;1298
4324,1617_2020-10-19,1617,4,287.0,40;25;22;200,474;687;959;1129
4325,1617_2020-10-20,1617,5,226.0,40;25;60;26;75,471;626;842;946;1205
4326,1617_2020-10-21,1617,4,141.0,40;25;26;50,495;836;902;1098
4327,1617_2020-10-22,1617,4,187.0,40;25;22;100,510;630;850;1176
4328,1617_2020-10-23,1617,4,112.0,15;17;30;50,499;621;870;1145
4329,1617_2020-10-24,1617,3,67.0,20;17;30,502;870;1141
4330,1617_2020-10-25,1617,3,90.0,30;30;30,555;913;1080
4331,1617_2020-10-26,1617,5,180.0,20;17;23;20;100,512;672;768;932;1114
4332,1617_2020-10-27,1617,4,87.0,20;17;30;20,487;655;855;1188
4333,1617_2020-10-28,1617,2,100.0,20;80,510;1105
4334,1621_2020-06-12,1621,8,341.85,36.8;40;12.5;15;67.99;50;59.56;60,413;413;557;557;753;753;1103;1103
4335,1621_2020-06-13,1621,5,193.0,50;15;55;8;65,548;633;777;951;1125
4336,1621_2020-06-14,1621,8,344.79,46.22;50;54.7;60;10.47;12;81.4;30,497;497;755;755;927;927;1145;1145
4337,1621_2020-06-16,1621,4,112.0,40;12;50;10,402;578;1143;1349
4338,1621_2020-06-17,1621,3,112.0,12;55;45,544;738;1107
4339,1621_2020-06-20,1621,4,133.0,50;15;23;45,478;642;927;1152
4340,1621_2020-06-22,1621,6,297.57,32.79;40;111.63;50;23.15;40,402;402;767;767;1137;1137
4341,1621_2020-06-23,1621,4,142.0,40;12;50;40,414;579;735;1129
4342,1621_2020-06-24,1621,3,92.0,40;12;40,399;590;1150
4343,1621_2020-06-25,1621,5,175.0,45;15;50;40;25,405;596;735;1134;1300
4344,1621_2020-06-26,1621,5,174.0,45;15;50;19;45,410;583;730;987;1154
4345,1621_2020-06-29,1621,4,158.0,40;18;50;50,406;578;760;1110
4346,1621_2020-06-30,1621,5,163.0,40;18;50;40;15,413;599;740;1136;1330
4347,1621_2020-07-01,1621,4,158.0,40;18;50;50,409;610;735;1142
4348,1621_2020-07-02,1621,5,173.0,40;18;50;20;45,405;590;730;975;1141
4349,1621_2020-07-03,1621,5,174.0,45;19;40;50;20,415;580;765;1159;1295
4350,1621_2020-07-06,1621,5,175.0,40;20;50;50;15,405;590;740;1125;1325
4351,1621_2020-07-07,1621,3,125.0,60;15;50,40;603;1149
4352,1621_2020-07-08,1621,6,185.0,45;18;50;19;18;35,400;600;736;945;1090;1205
4353,1622_2020-04-16,1622,3,106.0,52;22;32,555;855;1136
4354,1622_2020-04-17,1622,3,145.0,52;41;52,510;780;1157
4355,1622_2020-04-18,1622,6,336.79,38.1;52;49.33;70;47.36;80,528;528;812;812;1078;1078
4356,1622_2020-04-19,1622,6,253.8,33.19;52;38.92;64;24.69;41,487;487;727;727;1198;1198
4357,1622_2020-04-20,1622,3,134.0,52;41;41,690;948;1215
4358,1622_2020-04-21,1622,5,211.0,30;33;60;45;43,688;802;823;1040;1197
4359,1622_2020-04-22,1622,3,170.0,52;98;20,521;1158;1226
4360,1622_2020-04-23,1622,8,307.40999999999997,32.16;41;52.41;66;29.35;39;23.49;24,466;466;686;686;1182;1182;1351;1351
4361,1622_2020-04-24,1622,8,301.05,37.07;41;52.05;68;45.79;32;2.14;23,483;483;713;713;1143;1143;1303;1303
4362,1622_2020-04-25,1622,4,128.17,37.07;41;20.1;30,532;532;1164;1164
4363,1622_2020-04-26,1622,8,285.94,32.16;41;42.99;61;41.65;41;2.14;24,495;495;797;797;1109;1109;1259;1259
4364,1622_2020-04-27,1622,4,228.0,64;61;41;62,700;894;1165;1271
4365,1622_2020-04-28,1622,4,99.0,21;24;15;39,801;901;1156;1239
4366,1622_2020-04-29,1622,4,181.0,40;16;61;64,516;671;775;1108
4367,1622_2020-04-30,1622,6,266.3,61.49;40;41.36;56;26.45;41,502;502;837;837;1104;1104
4368,1622_2020-05-02,1622,3,174.0,40;64;70,473;810;1121
4369,1622_2020-05-03,1622,4,162.0,21;34;75;32,596;695;791;1383
4370,1622_2020-05-04,1622,4,217.0,48;64;25;80,704;859;913;1022
4371,1622_2020-05-05,1622,3,179.0,80;55;44,776;1100;1435
4372,1622_2020-05-06,1622,3,165.0,46;45;74,521;956;1098
4373,1622_2020-05-07,1622,6,216.76,30.72;46;41.65;41;39.39;18,556;556;1164;1164;1316;1316
4374,1622_2020-05-08,1622,7,250.42000000000002,17.35;46;3.08;26.23;32;55.76;70,504;504;693;1061;1061;1180;1180
4375,1622_2020-05-09,1622,3,134.0,46;47;41,493;661;1163
4376,1622_2020-05-10,1622,3,168.0,46;47;75,503;803;1102
4377,1622_2020-05-12,1622,4,282.0,52;78;75;77,661;693;1079;1216
4378,1622_2020-05-13,1622,4,159.0,30;60;45;24,515;779;1077;1364
4379,1625_2020-11-01,1625,5,105.0,10;30;50;9;6,74;684;992;1282;1403
4380,1625_2020-11-02,1625,3,120.0,30;45;45,708;1010;1390
4381,1625_2020-11-03,1625,2,75.0,30;45,728;1076
4382,1625_2020-11-04,1625,3,95.0,10;30;55,29;674;1137
4383,1625_2020-11-05,1625,4,110.0,30;10;20;50,728;1031;1133;1211
4384,1625_2020-11-06,1625,3,95.0,30;10;55,765;1033;1229
4385,1625_2020-11-07,1625,3,120.0,30;50;40,721;991;1342
4386,1625_2020-11-08,1625,5,145.0,10;30;50;45;10,126;718;1034;1287;1333
4387,1625_2020-11-09,1625,3,90.0,30;15;45,721;1014;1192
4388,1625_2020-11-10,1625,3,95.0,30;20;45,729;894;1117
4389,1625_2020-11-11,1625,5,107.0,30;10;50;10;7,728;937;1158;1189;1436
4390,1625_2020-11-12,1625,4,95.0,30;10;50;5,776;946;1111;1335
4391,1625_2020-11-13,1625,4,100.0,10;30;10;50,92;677;811;1181
4392,1625_2020-11-14,1625,4,95.0,30;10;45;10,762;932;1097;1417
4393,1625_2020-11-15,1625,4,140.0,30;50;50;10,775;1060;1335;1368
4394,1625_2020-11-16,1625,4,135.0,30;10;50;45,681;753;991;1293
4395,1625_2020-11-17,1625,5,105.0,30;10;50;10;5,712;903;1210;1252;1324
4396,1625_2020-11-18,1625,4,100.0,30;10;50;10,724;896;1064;1267
4397,1625_2020-11-19,1625,5,105.0,10;30;10;5;50,5;763;905;1134;1193
4398,1625_2020-11-20,1625,6,140.0,5;30;45;5;10;45,566;648;921;947;1244;1327
4399,1625_2020-11-21,1625,6,110.0,10;30;10;45;10;5,35;779;1030;1249;1420;1433
4400,1625_2020-11-22,1625,4,95.0,30;10;45;10,782;1041;1168;1217
4401,1625_2020-11-23,1625,6,145.0,10;30;5;45;10;45,39;741;958;976;1094;1303
4402,1625_2020-11-24,1625,3,95.0,30;10;55,748;931;1072
4403,1625_2020-11-25,1625,5,170.0,35;5;10;55;65,774;800;970;1081;1363
4404,1625_2020-11-26,1625,4,85.0,30;5;45;5,740;763;1081;1102
4405,1625_2020-11-27,1625,6,110.0,10;30;5;10;45;10,71;677;741;969;1110;1183
4406,1625_2020-11-28,1625,3,125.0,30;45;50,733;1025;1248
4407,163_2020-07-18,163,7,166.0,25;50;6;12;21;17;35,625;731;843;870;935;948;1133
4408,163_2020-07-19,163,6,120.0,18;45;10;12;20;15,727;812;1040;1133;1211;1214
4409,163_2020-07-20,163,6,271.76,30.97;25;65.55;28;77.24;45,638;638;765;765;1140;1140
4410,163_2020-07-22,163,5,167.0,20;30;17;40;60,600;760;900;1012;1144
4411,163_2020-07-23,163,7,200.0,20;35;20;75;20;12;18,717;796;834;1086;1136;1227;1254
4412,163_2020-07-24,163,8,230.0,40;50;15;30;10;25;20;40,490;688;807;934;954;962;1194;1231
4413,163_2020-07-27,163,8,346.1,22.5;25;38.87;30;50.62;20;79.11;80,654;654;762;762;938;938;1102;1102
4414,163_2020-07-28,163,8,242.23000000000002,48.78;20;50.62;25;23.3;15;34.53;25,693;693;763;763;1151;1151;1277;1277
4415,163_2020-07-29,163,8,249.0,30;12;50;30;20;65;30;12,591;651;675;812;872;1156;1251;1337
4416,163_2020-07-30,163,6,202.0,40;32;10;10;30;80,440;732;864;920;945;1092
4417,163_2020-07-31,163,5,192.0,100;30;2;30;30,665;906;1162;1187;1279
4418,163_2020-08-02,163,8,213.6,38.58;30;13.47;12;34.97;50;22.58;12,474;474;607;607;754;754;1117;1117
4419,163_2020-08-03,163,7,157.0,30;30;12;20;40;15;10,667;731;839;954;983;1034;1264
4420,163_2020-08-04,163,8,262.0,50;12;20;40;50;40;30;20,628;657;819;828;922;1052;1064;1330
4421,163_2020-08-05,163,5,180.0,45;20;20;35;60,702;879;882;1178;1231
4422,163_2020-08-06,163,8,170.0,15;20;15;40;8;30;12;30,664;750;919;925;983;1075;1177;1247
4423,163_2020-08-07,163,7,233.0,40;25;18;30;50;30;40,500;745;787;854;1036;1170;1178
4424,163_2020-08-10,163,6,177.0,28;45;6;8;30;60,595;824;995;1047;1144;1231
4425,163_2020-08-11,163,5,152.0,30;40;50;12;20,465;677;1172;1228;1317
4426,163_2020-08-12,163,6,165.0,15;50;20;20;40;20,626;780;955;1140;1143;1274
4427,1632_2021-01-17,1632,4,126.0,26;50;25;25,603;710;1094;1116
4428,1632_2021-01-18,1632,4,117.0,15;60;20;22,480;715;1094;1173
4429,1632_2021-01-19,1632,3,95.0,25;45;25,506;745;1107
4430,1632_2021-01-21,1632,6,209.4,29.48;15;33.18;25;53.74;53,485;485;763;763;1108;1108
4431,1632_2021-01-22,1632,4,92.0,10;30;22;30,575;742;901;1119
4432,1632_2021-01-23,1632,4,120.0,55;20;25;20,629;673;1064;1202
4433,1632_2021-01-24,1632,6,317.75,41.26;55;87.76;50;68.73;15,616;616;783;783;1092;1092
4434,1632_2021-01-26,1632,3,70.0,20;30;20,478;730;1125
4435,1632_2021-01-28,1632,6,233.77,15.28;10;49.56;50;58.93;50,474;474;758;758;1035;1035
4436,1632_2021-01-29,1632,5,126.0,15;21;5;60;25,471;748;928;1061;1231
4437,1632_2021-01-30,1632,4,168.0,50;30;43;45,598;801;975;1181
4438,1632_2021-01-31,1632,3,105.0,30;45;30,591;819;1050
4439,1632_2021-02-01,1632,6,235.57,6.56;5;54.4;55;54.61;60,500;500;743;743;1105;1105
4440,1632_2021-02-02,1632,8,214.98000000000002,35.88;25;38.24;25;9.78;5;26.08;50,486;486;721;721;926;926;1074;1074
4441,1632_2021-02-03,1632,4,100.0,15;35;30;20,473;678;1091;1115
4442,1632_2021-02-04,1632,6,170.0,20;40;20;10;50;30,482;759;920;928;1219;1240
4443,1632_2021-02-05,1632,3,122.0,22;55;45,486;853;1154
4444,1632_2021-02-06,1632,3,155.0,50;50;55,572;769;1063
4445,1632_2021-02-07,1632,5,217.14,46.69;50;2.18;78.27;40,584;584;700;864;864
4446,1632_2021-02-09,1632,3,125.0,40;40;45,476;678;1069
4447,1632_2021-02-10,1632,3,125.0,25;45;55,481;731;1092
4448,1632_2021-02-11,1632,5,185.0,45;45;15;50;30,475;719;941;1086;1129
4449,1632_2021-02-12,1632,3,116.0,36;50;30,543;727;1101
4450,1632_2021-02-13,1632,3,141.0,36;45;60,459;734;1093
4451,1634_2020-11-16,1634,3,119.0,35;49;35,447;833;1115
4452,1634_2020-11-17,1634,4,150.0,4;26;60;60,392;562;723;1090
4453,1634_2020-11-18,1634,3,140.0,40;70;30,552;776;1202
4454,1634_2020-11-19,1634,3,95.0,30;20;45,607;767;1157
4455,1634_2020-11-20,1634,8,218.70999999999998,24.65;28;15.62;26;5.58;20;38.86;60,376;376;622;622;764;764;1113;1113
4456,1634_2020-11-21,1634,8,192.26,3.41;8;30.65;30;17.6;35;27.6;40,430;430;648;648;706;706;1154;1154
4457,1634_2020-11-22,1634,4,118.0,20;30;48;20,487;804;1160;1298
4458,1634_2020-11-23,1634,2,67.39,27.39;40,1127;1127
4459,1634_2020-11-24,1634,8,181.17000000000002,6.83;8;40.4;40;6.45;12;17.49;50,493;493;757;757;906;906;1128;1128
4460,1634_2020-11-25,1634,3,115.0,45;35;35,500;797;1144
4461,1634_2020-11-26,1634,2,95.0,50;45,804;1192
4462,1634_2020-11-28,1634,8,210.46,12.67;15;25.32;21;4.71;5;81.76;45,474;474;689;689;826;826;1161;1161
4463,1634_2020-11-29,1634,2,66.0,6;60,495;1112
4464,1634_2020-11-30,1634,6,97.1,6.53;6;2.33;2;55.24;25,466;466;824;824;1122;1122
4465,1634_2020-12-03,1634,3,71.0,21;15;35,517;754;1160
4466,1634_2020-12-04,1634,2,60.0,25;35,518;689
4467,1634_2020-12-05,1634,2,105.0,60;45,487;1140
4468,1634_2020-12-06,1634,2,47.0,4;43,1208;1208
4469,1634_2020-12-07,1634,3,88.0,18;45;25,483;758;1043
4470,1634_2020-12-08,1634,2,85.0,45;40,613;1120
4471,1634_2020-12-09,1634,1,45.0,45,528
4472,1634_2020-12-10,1634,3,108.0,20;48;40,512;813;1102
4473,1634_2020-12-11,1634,4,180.0,45;30;60;45,430;825;901;1082
4474,1634_2020-12-12,1634,2,90.0,15;75,420;1157
4475,1634_2020-12-13,1634,2,52.0,3;49,505;1148
4476,1635_2019-12-07,1635,4,314.31,142.87;72;43.44;56,737;737;1165;1165
4477,1635_2019-12-08,1635,4,223.0,78;15;75;55,739;1023;1245;1395
4478,1635_2019-12-09,1635,4,123.0,8;60;15;40,500;761;1065;1335
4479,1635_2019-12-10,1635,4,226.09,90.8;99;21.29;15,1077;1077;1080;1080
4480,1635_2019-12-12,1635,3,249.0,49;165;35,716;916;1119
4481,1635_2019-12-13,1635,3,97.0,20;55;22,585;725;1026
4482,1635_2019-12-15,1635,1,60.0,60,628
4483,1635_2019-12-16,1635,4,94.03,18.62;20;30.41;25,672;672;1072;1072
4484,1635_2019-12-17,1635,2,316.96000000000004,136.96;180,785;785
4485,1635_2019-12-19,1635,1,70.0,70,1182
4486,1635_2019-12-20,1635,2,110.0,65;45,759;1120
4487,1635_2019-12-21,1635,1,60.0,60,1272
4488,1635_2019-12-22,1635,1,80.0,80,1239
4489,1635_2019-12-25,1635,2,210.0,120;90,1245;1379
4490,1635_2019-12-27,1635,2,85.0,65;20,660;1133
4491,1635_2019-12-28,1635,1,90.0,90,800
4492,1635_2019-12-29,1635,1,95.0,95,929
4493,1635_2019-12-30,1635,1,70.0,70,859
4494,1635_2020-01-02,1635,2,137.0,67;70,990;1287
4495,1636_2020-05-31,1636,5,38.0,5;15;5;3;10,594;855;888;1061;1121
4496,1636_2020-06-01,1636,5,39.0,3;10;6;16;4,615;760;863;1035;1072
4497,1636_2020-06-02,1636,5,42.0,1;6;15;12;8,572;649;769;938;1100
4498,1636_2020-06-03,1636,4,52.0,5;12;15;20,618;688;873;1154
4499,1636_2020-06-04,1636,5,46.0,1;15;7;8;15,608;677;733;885;1015
4500,1636_2020-06-05,1636,4,39.0,6;7;11;15,648;746;916;1209
4501,1636_2020-06-06,1636,4,66.0,6;20;20;20,574;720;826;1091
4502,1636_2020-06-07,1636,3,50.0,10;20;20,769;957;1083
4503,1636_2020-06-08,1636,7,56.0,1;5;3;8;6;15;18,597;670;784;847;1050;1105;1263
4504,1636_2020-06-09,1636,5,46.0,6;4;10;16;10,587;672;806;1156;1219
4505,1636_2020-06-10,1636,5,46.0,8;7;14;2;15,637;776;882;1040;1095
4506,1636_2020-06-11,1636,7,69.0,10;7;6;10;6;25;5,635;745;816;925;1053;1076;1098
4507,1636_2020-06-12,1636,7,77.0,13;8;5;15;15;10;11,700;732;843;855;997;1090;1154
4508,1636_2020-06-13,1636,7,66.0,6;3;7;20;10;12;8,644;754;793;863;906;1093;1143
4509,1636_2020-06-14,1636,5,64.0,18;6;20;10;10,659;750;895;935;1073
4510,1636_2020-06-15,1636,5,55.0,12;20;12;8;3,555;782;931;1035;1327
4511,1636_2020-06-17,1636,6,40.0,14;5;6;7;3;5,657;753;885;904;1037;1137
4512,1636_2020-06-18,1636,7,42.0,5;8;5;5;4;11;4,619;741;871;1052;1103;1115;1379
4513,1636_2020-06-20,1636,5,44.0,6;4;12;15;7,675;774;849;1049;1172
4514,1636_2020-06-21,1636,5,30.0,8;2;5;10;5,616;730;913;952;1258
4515,1636_2020-06-22,1636,6,43.0,5;4;6;8;15;5,597;685;774;849;1043;1120
4516,1636_2020-06-23,1636,5,48.0,5;3;5;15;20,617;713;802;954;1106
4517,1636_2020-06-25,1636,6,51.0,2;7;10;12;10;10,641;685;819;881;1060;1085
4518,1636_2020-06-27,1636,4,34.0,8;12;4;10,699;830;973;1134
4519,1638_2021-04-03,1638,4,88.0,1;22;33;32,417;489;764;1103
4520,1638_2021-04-04,1638,5,165.0,2;24;76;20;43,408;509;770;1129;1273
4521,1638_2021-04-05,1638,4,187.0,2;20;90;75,457;585;795;1061
4522,1638_2021-04-06,1638,4,115.0,20;5;45;45,525;778;780;1093
4523,1638_2021-04-07,1638,6,186.0,37;19;40;30;40;20,442;583;675;896;1044;1325
4524,1638_2021-04-08,1638,4,165.0,21;44;50;50,466;726;1100;1274
4525,1638_2021-04-09,1638,3,85.0,20;40;25,461;751;1036
4526,1638_2021-04-10,1638,5,185.0,21;49;30;20;65,482;743;845;1089;1356
4527,1638_2021-04-11,1638,4,147.0,22;70;15;40,536;816;1121;1146
4528,1638_2021-04-12,1638,3,130.0,75;30;25,621;960;1136
4529,1638_2021-04-13,1638,5,130.0,25;25;10;30;40,527;724;768;870;1114
4530,1638_2021-04-14,1638,4,216.0,20;25;71;100,467;762;990;1103
4531,1638_2021-04-15,1638,3,112.0,27;45;40,508;691;1134
4532,1638_2021-04-16,1638,4,153.0,25;65;8;55,509;755;883;1087
4533,1638_2021-04-17,1638,4,137.0,28;49;25;35,486;721;993;1071
4534,1638_2021-04-18,1638,4,142.0,32;39;50;21,502;740;1026;1055
4535,1638_2021-04-19,1638,4,170.0,20;30;90;30,388;720;960;1080
4536,1638_2021-04-20,1638,5,227.0,40;70;60;32;25,522;711;881;1080;1292
4537,1638_2021-04-21,1638,4,131.0,32;19;20;60,526;823;853;1069
4538,1638_2021-04-22,1638,4,133.0,30;43;10;50,536;753;965;1003
4539,1638_2021-04-23,1638,5,198.0,30;18;45;55;50,441;635;725;915;1101
4540,1638_2021-04-24,1638,3,170.0,30;120;20,539;870;1271
4541,1638_2021-04-25,1638,5,196.0,60;37;40;40;19,512;719;1074;1124;1158
4542,1638_2021-04-26,1638,3,102.0,20;32;50,462;821;1119
4543,1638_2021-04-27,1638,4,128.0,20;20;48;40,400;600;960;1208
4544,1638_2021-04-28,1638,4,123.0,8;29;46;40,471;534;697;1056
4545,1638_2021-04-29,1638,4,155.0,20;60;50;25,481;729;951;1067
4546,1638_2021-04-30,1638,3,137.0,20;39;78,511;745;1043
4547,1644_2020-09-07,1644,3,105.0,5;50;50,454;788;1215
4548,1644_2020-09-08,1644,3,175.0,62;48;65,442;762;1206
4549,1644_2020-09-09,1644,3,187.0,32;90;65,329;766;1233
4550,1644_2020-09-10,1644,3,110.0,5;30;75,433;766;1222
4551,1644_2020-09-11,1644,1,75.0,75,1095
4552,1644_2020-09-12,1644,1,50.0,50,660
4553,1644_2020-09-13,1644,3,155.0,50;35;70,562;768;1230
4554,1644_2020-09-14,1644,2,115.0,65;50,784;1304
4555,1644_2020-09-15,1644,2,125.0,50;75,782;1165
4556,1644_2020-09-16,1644,2,140.0,60;80,718;1314
4557,1644_2020-09-17,1644,2,140.0,65;75,848;1256
4558,1644_2020-09-19,1644,2,120.0,50;70,728;1206
4559,1644_2020-09-20,1644,3,130.0,25;35;70,629;764;1171
4560,1644_2020-09-21,1644,1,60.0,60,1154
4561,1644_2020-09-22,1644,2,100.0,20;80,407;1215
4562,1644_2020-09-23,1644,3,155.0,20;65;70,421;830;1239
4563,1644_2020-09-25,1644,2,155.0,80;75,910;1199
4564,1644_2020-09-27,1644,3,105.0,20;35;50,552;749;1291
4565,1644_2020-09-28,1644,1,65.0,65,1282
4566,1644_2020-09-29,1644,1,60.0,60,743
4567,1644_2020-09-30,1644,1,32.0,32,760
4568,1644_2020-10-01,1644,2,100.0,30;70,729;1245
4569,1644_2020-10-03,1644,1,65.0,65,1201
4570,1644_2020-10-04,1644,1,76.0,76,1191
4571,1647_2021-04-10,1647,8,276.88,58.36;1;5.42;10;37.34;144;12.76;8,780;780;874;874;1404;1404;1436;1436
4572,1647_2021-04-12,1647,3,75.0,5;10;60,705;802;1356
4573,1647_2021-04-15,1647,3,180.0,10;160;10,840;1020;1380
4574,1647_2021-04-16,1647,4,215.0,70;50;80;15,49;645;900;1413
4575,1647_2021-04-17,1647,6,232.0,30;40;2;90;30;40,920;938;943;1197;1414;1439
4576,1647_2021-04-18,1647,3,207.0,20;37;150,18;1044;1213
4577,1647_2021-04-19,1647,4,278.0,100;60;68;50,892;995;1004;1397
4578,1647_2021-04-20,1647,2,42.54,22.54;20,0;0
4579,1647_2021-04-22,1647,2,96.0,21;75,1236;1397
4580,1647_2021-04-23,1647,8,214.55,60;3;15;42.25;45;18.3;19;12,922;943;976;1058;1058;1120;1120;1237
4581,1647_2021-04-25,1647,3,220.0,50;90;80,978;1050;1080
4582,1647_2021-04-26,1647,3,215.0,25;80;110,180;1230;1260
4583,1647_2021-04-27,1647,3,103.0,5;5;93,720;1245;1350
4584,1647_2021-04-28,1647,3,280.0,160;20;100,900;1080;1260
4585,1647_2021-04-29,1647,2,135.0,55;80,930;1120
4586,1647_2021-05-02,1647,3,156.0,16;100;40,30;1110;1380
4587,1647_2021-05-05,1647,2,155.0,115;40,975;1425
4588,1647_2021-05-06,1647,5,351.0,60;100;40;91;60,180;1005;1230;1290;1430
4589,1647_2021-05-07,1647,6,345.87,81.76;19;21.34;30;103.77;90,90;90;810;810;1260;1260
4590,1649_2020-09-25,1649,4,180.0,54;60;6;60,607;759;1013;1080
4591,1649_2020-09-26,1649,4,306.0,54;90;96;66,543;789;1090;1263
4592,1649_2020-09-27,1649,4,200.0,54;72;6;68,618;743;998;1089
4593,1649_2020-09-28,1649,4,207.0,54;6;105;42,561;667;828;1129
4594,1649_2020-09-29,1649,3,105.0,54;6;45,703;780;1059
4595,1649_2020-09-30,1649,2,88.0,16;72,704;1007
4596,1649_2020-10-01,1649,3,184.0,54;50;80,564;780;1140
4597,1649_2020-10-02,1649,4,218.78,70.41;54;36.37;58,480;480;1186;1186
4598,1649_2020-10-03,1649,6,276.16999999999996,25.13;12;37.26;52;75.78;74,428;428;724;724;1057;1057
4599,1649_2020-10-05,1649,6,251.6,45.28;36;57.85;48;28.47;36,545;545;863;863;1096;1096
4600,1649_2020-10-06,1649,3,176.0,64;60;52,705;871;1090
4601,1649_2020-10-07,1649,4,246.0,54;86;72;34,671;882;1074;1256
4602,1649_2020-10-08,1649,2,126.0,54;72,586;799
4603,1649_2020-10-10,1649,8,300.3,50.65;54;52.46;50;4.35;8;35.84;45,588;588;805;805;1014;1014;1096;1096
4604,1649_2020-10-11,1649,4,272.0,48;112;40;72,583;885;1066;1228
4605,1649_2020-10-12,1649,3,149.0,24;45;80,551;799;1136
4606,1649_2020-10-13,1649,4,189.0,24;60;65;40,658;793;1073;1314
4607,1649_2020-10-14,1649,2,123.0,48;75,564;1175
4608,1649_2020-10-15,1649,3,161.0,24;77;60,552;732;1087
4609,1649_2020-10-17,1649,6,355.46,111.52;54;44.83;36;59.11;50,667;667;925;925;1072;1072
4610,1649_2020-10-18,1649,4,192.0,24;84;36;48,608;745;865;1149
4611,1649_2020-10-19,1649,2,142.0,70;72,758;1149
4612,1649_2020-10-20,1649,1,60.0,60,791
4613,1649_2020-10-21,1649,3,178.0,52;51;75,674;915;1080
4614,1649_2020-10-22,1649,3,146.0,36;75;35,437;737;1074
4615,1650_2019-11-10,1650,5,104.0,30;9;15;20;30,539;717;794;922;1202
4616,1650_2019-11-11,1650,4,123.0,37;30;16;40,518;789;1018;1210
4617,1650_2019-11-12,1650,5,136.0,45;37;15;30;9,530;760;882;1175;1357
4618,1650_2019-11-13,1650,4,119.0,45;25;9;40,527;811;1069;1114
4619,1650_2019-11-14,1650,6,118.0,20;20;13;3;40;22,531;827;908;1126;1187;1388
4620,1650_2019-11-15,1650,4,85.0,25;15;15;30,532;852;1095;1232
4621,1650_2019-11-16,1650,4,95.0,30;35;15;15,545;803;1170;1335
4622,1650_2019-11-17,1650,3,95.0,30;35;30,548;794;1242
4623,1650_2019-11-18,1650,3,95.0,20;25;50,570;817;1165
4624,1650_2019-11-19,1650,3,101.0,35;16;50,568;1013;1184
4625,1650_2019-11-20,1650,3,60.0,20;20;20,581;806;1213
4626,1650_2019-11-21,1650,4,138.0,18;20;50;50,444;510;725;1117
4627,1650_2019-11-22,1650,4,108.0,23;50;15;20,535;770;1074;1199
4628,1650_2019-11-23,1650,4,94.0,25;9;40;20,525;724;779;1161
4629,1650_2019-11-24,1650,3,55.0,25;10;20,750;1205;1320
4630,1650_2019-11-25,1650,4,122.0,35;30;50;7,531;755;1253;1386
4631,1650_2019-11-26,1650,4,105.0,15;45;30;15,584;868;1226;1290
4632,1650_2019-11-27,1650,4,110.0,25;30;10;45,547;781;840;1170
4633,1650_2019-11-28,1650,6,134.0,45;10;45;2;12;20,428;671;772;959;1030;1170
4634,1650_2019-11-29,1650,3,105.0,35;30;40,526;766;1165
4635,1650_2019-11-30,1650,3,105.0,35;30;40,530;806;1102
4636,1650_2019-12-01,1650,4,130.0,40;20;50;20,638;905;1142;1245
4637,1650_2019-12-02,1650,5,120.0,30;20;15;30;25,569;851;1006;1230;1314
4638,1650_2019-12-03,1650,4,100.0,40;20;25;15,513;873;1211;1318
4639,1650_2019-12-04,1650,5,135.0,30;30;15;20;40,516;719;792;930;1151
4640,1650_2019-12-05,1650,3,75.0,25;20;30,559;890;1191
4641,1650_2019-12-06,1650,4,94.0,30;9;25;30,548;712;833;1208
4642,1650_2019-12-07,1650,3,85.0,20;50;15,475;783;1206
4643,1658_2021-01-24,1658,5,72.0,35;2;5;15;15,589;768;854;1290;1336
4644,1658_2021-01-25,1658,6,71.0,10;15;10;3;18;15,556;700;798;851;1262;1339
4645,1658_2021-01-26,1658,5,79.0,30;4;10;20;15,658;694;750;1270;1344
4646,1658_2021-01-27,1658,4,55.0,15;7;15;18,678;809;1251;1302
4647,1658_2021-01-28,1658,4,54.0,4;20;15;15,651;922;1285;1361
4648,1658_2021-01-29,1658,4,52.0,20;2;20;10,670;860;1267;1337
4649,1658_2021-01-30,1658,5,73.0,25;8;5;25;10,782;817;892;1237;1304
4650,1658_2021-01-31,1658,4,56.0,3;20;25;8,676;922;1291;1354
4651,1658_2021-02-01,1658,5,70.0,20;13;5;20;12,633;757;870;1226;1273
4652,1658_2021-02-02,1658,4,62.0,12;15;25;10,566;873;1254;1310
4653,1658_2021-02-03,1658,5,66.0,20;10;8;20;8,659;801;813;1220;1267
4654,1658_2021-02-04,1658,4,46.0,15;3;20;8,637;911;1217;1340
4655,1658_2021-02-05,1658,6,32.0,12;5;5;3;4;3,607;890;1221;1334;1390;1431
4656,1658_2021-02-06,1658,6,56.0,15;3;3;15;10;10,650;690;1049;1193;1264;1326
4657,1658_2021-02-07,1658,7,71.0,25;3;4;7;5;15;12,639;690;740;840;990;1268;1311
4658,1658_2021-02-08,1658,4,42.0,15;2;15;10,567;802;1261;1355
4659,1658_2021-02-09,1658,7,64.0,3;18;3;5;10;20;5,599;778;813;886;981;1224;1300
4660,1658_2021-02-10,1658,4,53.0,20;10;15;8,572;851;1232;1348
4661,1658_2021-02-11,1658,5,68.0,3;25;15;15;10,530;665;890;1223;1405
4662,1658_2021-02-12,1658,3,44.0,12;20;12,690;1240;1374
4663,1658_2021-02-13,1658,4,65.0,25;2;18;20,679;898;1245;1325
4664,1658_2021-02-14,1658,6,59.0,25;3;3;3;10;15,603;646;702;965;1282;1348
4665,1658_2021-02-15,1658,5,70.0,20;12;20;10;8,759;790;1218;1245;1278
4666,1658_2021-02-16,1658,7,64.0,22;3;5;3;15;8;8,542;622;812;870;1190;1345;1369
4667,1658_2021-02-17,1658,5,46.0,12;3;3;15;13,723;857;1065;1232;1312
4668,1658_2021-02-18,1658,6,43.0,12;5;2;2;10;12,620;715;805;985;1265;1380
4669,1658_2021-02-19,1658,5,62.0,15;3;4;30;10,570;720;931;1290;1326
4670,1658_2021-02-20,1658,6,50.0,2;10;5;3;15;15,548;672;750;990;1260;1298
4671,166_2020-06-27,166,8,343.70000000000005,77.06;50;42.35;40;28.23;18;43.06;45,474;474;724;724;889;889;1138;1138
4672,166_2020-06-28,166,5,185.0,45;24;45;16;55,476;607;729;877;1162
4673,166_2020-06-29,166,5,138.0,9;50;30;25;24,311;426;728;1168;1224
4674,166_2020-06-30,166,6,185.0,9;50;45;24;40;17,344;479;726;824;1129;1200
4675,166_2020-07-04,166,8,287.71000000000004,46.61;40;35.93;45;36.28;35;32.89;16,523;523;723;723;1129;1129;1216;1216
4676,166_2020-07-05,166,4,140.0,50;40;15;35,460;742;1074;1217
4677,166_2020-07-06,166,5,145.0,50;40;8;30;17,400;716;1020;1159;1205
4678,166_2020-07-07,166,4,137.0,9;50;30;48,333;472;751;1186
4679,166_2020-07-08,166,4,135.0,50;30;30;25,445;551;761;1124
4680,166_2020-07-09,166,3,95.0,40;45;10,605;785;1190
4681,166_2020-07-10,166,8,301.08,66.64;44;59.07;35;25.17;20;26.2;25,578;578;794;794;1073;1073;1158;1158
4682,166_2020-07-11,166,6,248.61,63.56;55;48.11;30;21.94;30,496;496;731;731;1128;1128
4683,166_2020-07-12,166,4,129.0,45;52;17;15,494;780;829;1169
4684,166_2020-07-13,166,5,160.0,50;40;30;10;30,509;735;883;1022;1165
4685,166_2020-07-14,166,4,142.0,40;40;16;46,431;759;975;1125
4686,166_2020-07-15,166,4,94.0,9;10;45;30,313;520;734;1112
4687,166_2020-07-16,166,4,136.0,16;40;40;40,445;540;844;1198
4688,166_2020-07-18,166,6,329.17,64.21;60;43.03;38;63.93;60,501;501;762;762;1051;1051
4689,166_2020-07-19,166,6,196.0,16;60;18;40;17;45,338;469;643;769;932;1163
4690,166_2020-07-20,166,4,119.0,30;30;24;35,490;736;959;1147
4691,166_2020-07-21,166,5,139.0,9;41;24;30;35,343;537;591;701;1102
4692,1660_2020-08-12,1660,6,227.0,30;36;35;56;35;35,550;590;715;815;1110;1183
4693,1660_2020-08-13,1660,5,207.88,11.88;12;62;56;66,472;472;565;780;1071
4694,1660_2020-08-14,1660,5,203.0,12;58;56;35;42,480;573;735;838;1075
4695,1660_2020-08-15,1660,4,197.0,56;35;76;30,496;626;735;1095
4696,1660_2020-08-16,1660,4,184.0,58;56;35;35,560;778;1080;1146
4697,1660_2020-08-21,1660,6,224.0,25;23;35;71;35;35,522;585;754;759;880;1095
4698,1660_2020-08-22,1660,5,215.0,36;28;71;35;45,486;585;754;866;1080
4699,1660_2020-08-23,1660,6,197.0,12;34;56;20;40;35,522;580;752;911;1062;1180
4700,1660_2020-08-25,1660,8,300.78000000000003,11.88;12;26.95;32;63.96;81;32.99;40,465;465;568;568;815;815;1085;1085
4701,1660_2020-08-26,1660,6,218.0,34;23;56;35;35;35,460;537;783;931;1055;1187
4702,1660_2020-08-28,1660,8,269.21,11.88;12;26.29;23;46.22;56;51.82;42,466;466;565;565;825;825;1081;1081
4703,1660_2020-08-29,1660,3,204.0,56;73;75,575;711;1020
4704,1660_2020-08-30,1660,7,239.0,28;26;35;56;38;39;17,490;540;676;780;911;1065;1182
4705,1660_2020-08-31,1660,8,286.0,12;58;35;56;20;35;40;30,496;585;694;825;965;1032;1080;1210
4706,1660_2020-09-01,1660,6,202.0,12;36;40;56;35;23,476;573;664;720;1050;1188
4707,1660_2020-09-02,1660,5,230.0,64;35;56;40;35,552;681;786;889;1080
4708,1660_2020-09-03,1660,5,181.0,30;56;40;30;25,567;767;1015;1081;1199
4709,1660_2020-09-04,1660,6,218.0,13;62;35;56;32;20,549;561;743;787;923;1067
4710,1660_2020-09-05,1660,6,254.0,25;59;56;29;45;40,555;612;796;948;1082;1265
4711,1660_2020-09-06,1660,7,275.0,12;60;35;73;35;25;35,463;554;690;770;902;1090;1220
4712,1666_2021-04-23,1666,8,243.64,15.28;25;3.93;10;7.54;20;3.89;158,495;495;750;750;1086;1086;1148;1148
4713,1666_2021-04-24,1666,4,122.0,25;17;10;70,574;729;820;1110
4714,1666_2021-04-25,1666,5,155.0,25;50;10;40;30,575;1036;1083;1204;1224
4715,1666_2021-04-26,1666,2,50.0,25;25,555;1080
4716,1666_2021-04-28,1666,8,220.72,36.91;30;1.25;10;50.32;40;24.24;28,529;529;896;896;1144;1144;1232;1232
4717,1666_2021-05-01,1666,6,200.0,25;5;20;30;60;60,540;776;863;1016;1314;1334
4718,1666_2021-05-02,1666,5,150.0,25;25;40;30;30,541;865;960;1104;1175
4719,1666_2021-05-03,1666,6,90.0,25;7;8;30;10;10,535;848;1042;1138;1172;1252
4720,1666_2021-05-08,1666,7,149.0,25;20;10;15;19;40;20,552;720;821;960;1016;1131;1185
4721,1666_2021-05-09,1666,7,177.0,45;15;17;15;40;30;15,569;814;876;1018;1030;1097;1281
4722,1666_2021-05-10,1666,6,144.0,25;20;10;40;10;39,444;860;1014;1126;1154;1162
4723,1666_2021-05-11,1666,7,139.0,25;10;30;25;8;19;22,507;860;1103;1182;1259;1284;1322
4724,1666_2021-05-12,1666,5,113.0,25;25;24;29;10,477;808;819;1153;1278
4725,1666_2021-05-15,1666,2,175.0,25;150,525;850
4726,1666_2021-05-16,1666,6,264.0,25;39;50;20;30;100,495;911;1020;1127;1187;1257
4727,1666_2021-05-17,1666,5,153.0,25;5;25;70;28,521;860;989;1145;1189
4728,1666_2021-05-18,1666,6,162.0,25;5;15;17;80;20,437;808;844;1010;1104;1244
4729,1666_2021-05-19,1666,4,335.0,25;60;10;240,460;717;860;1157
4730,1668_2020-02-22,1668,5,119.0,11;30;40;28;10,38;604;899;1209;1396
4731,1668_2020-02-23,1668,6,139.0,30;30;19;30;20;10,600;816;852;1020;1302;1401
4732,1668_2020-02-24,1668,4,100.0,30;20;30;20,644;820;1030;1221
4733,1668_2020-02-27,1668,6,145.0,30;25;20;10;25;35,543;765;999;1014;1186;1370
4734,1668_2020-02-28,1668,5,133.0,30;28;40;15;20,624;843;1013;1180;1354
4735,1668_2020-03-02,1668,5,130.0,15;20;40;20;35,14;720;905;1190;1190
4736,1668_2020-03-05,1668,4,118.0,30;30;28;30,596;816;962;1291
4737,1668_2020-03-06,1668,4,88.0,20;8;30;30,783;811;1026;1252
4738,1668_2020-03-07,1668,5,100.0,30;20;20;10;20,621;936;1005;1023;1280
4739,1668_2020-03-08,1668,4,98.0,30;15;28;25,626;835;990;1333
4740,1668_2020-03-09,1668,5,143.0,35;25;38;25;20,554;807;1034;1184;1327
4741,1668_2020-03-10,1668,4,131.0,28;30;38;35,620;792;1030;1210
4742,1668_2020-03-11,1668,5,108.0,28;10;15;35;20,561;575;763;932;1289
4743,1668_2020-03-12,1668,8,348.43,142.09;30;14.46;15;7.79;20;89.09;30,665;665;937;937;995;995;1245;1245
4744,1668_2020-03-13,1668,8,311.01,64.5;30;14.88;20;59.02;30;62.61;30,631;631;835;835;962;962;1193;1193
4745,1668_2020-03-14,1668,4,88.0,28;10;30;20,698;851;1011;1280
4746,1668_2020-03-15,1668,4,95.0,30;15;30;20,617;799;932;1203
4747,1668_2020-03-16,1668,6,170.0,25;15;25;25;45;35,548;811;874;1135;1220;1337
4748,1669_2019-12-13,1669,6,197.43,28.1;31;39.18;35;29.15;35,232;232;771;771;1077;1077
4749,1669_2019-12-14,1669,4,222.43,39.65;44;43.78;95,230;230;1080;1080
4750,1669_2019-12-15,1669,2,130.0,50;80,408;763
4751,1669_2019-12-16,1669,6,276.59000000000003,42.36;47;58.95;50;26.28;52,379;379;736;736;1069;1069
4752,1669_2019-12-17,1669,6,314.37,42.62;50;47.93;55;53.82;65,239;239;682;682;1059;1059
4753,1669_2019-12-18,1669,3,159.0,45;74;40,229;749;1050
4754,1669_2019-12-19,1669,2,96.0,31;65,246;1044
4755,1669_2019-12-20,1669,2,145.0,50;95,246;1086
4756,1669_2019-12-21,1669,2,137.0,55;82,273;695
4757,1669_2019-12-22,1669,3,235.0,60;85;90,263;741;1081
4758,1669_2019-12-23,1669,3,215.0,60;80;75,412;721;1083
4759,1669_2019-12-24,1669,2,167.82999999999998,117.83;50,1044;1044
4760,1669_2019-12-25,1669,6,270.71,28.17;31;66.6;65;39.94;40,239;239;692;692;1020;1020
4761,1669_2019-12-27,1669,6,276.46,27.73;31;42.91;45;54.82;75,241;241;780;780;1036;1036
4762,1669_2019-12-28,1669,2,120.0,45;75,240;1082
4763,1669_2019-12-29,1669,3,182.0,45;52;85,270;688;1050
4764,1669_2019-12-30,1669,2,110.0,55;55,811;1035
4765,1669_2019-12-31,1669,3,176.0,31;60;85,232;706;1082
4766,1669_2020-01-01,1669,6,356.16,42.62;45;54.43;60;99.11;55,232;232;681;681;1036;1036
4767,1669_2020-01-02,1669,4,210.39999999999998,38.8;50;76.6;45,225;225;1076;1076
4768,1669_2020-01-03,1669,2,130.0,50;80,236;1041
4769,1669_2020-01-04,1669,1,85.0,85,1032
4770,1669_2020-01-05,1669,3,219.0,59;80;80,333;702;1099
4771,1669_2020-01-06,1669,6,338.8,31.33;60;32.63;74;45.84;95,368;368;694;694;1071;1071
4772,1669_2020-01-08,1669,2,86.0,31;55,224;1037
4773,1669_2020-01-09,1669,3,175.0,45;55;75,233;723;1080
4774,167_2020-07-28,167,3,73.0,18;20;35,518;715;1100
4775,167_2020-07-29,167,3,63.0,18;15;30,490;738;1115
4776,167_2020-07-30,167,6,151.13,34.09;20;54.79;15;17.25;10,492;492;745;745;1095;1095
4777,167_2020-07-31,167,6,173.0,30.52;18;56.32;15;13.16;40,483;483;727;727;1074;1074
4778,167_2020-08-01,167,3,38.0,5;15;18,669;720;1066
4779,167_2020-08-02,167,2,34.0,16;18,653;1101
4780,167_2020-08-03,167,3,49.0,18;16;15,542;706;1083
4781,167_2020-08-04,167,3,99.0,18;16;65,481;701;1079
4782,167_2020-08-05,167,8,226.17000000000002,34.09;18;56.39;16;46.66;25;20.03;10,513;513;690;690;1078;1078;1094;1094
4783,167_2020-08-06,167,6,160.38,30.52;18;46.7;22;26.16;17,484;484;709;709;1182;1182
4784,167_2020-08-07,167,3,64.0,18;16;30,470;710;1100
4785,167_2020-08-08,167,3,70.0,15;45;10,540;780;1100
4786,167_2020-08-09,167,2,30.0,10;20,633;1121
4787,167_2020-08-10,167,3,51.0,18;23;10,546;733;1156
4788,167_2020-08-11,167,3,50.0,20;25;5,576;720;1140
4789,167_2020-08-12,167,6,202.78,34.09;20;49.66;22;59.03;18,548;548;777;777;1111;1111
4790,167_2020-08-13,167,6,177.60000000000002,34.09;20;19.93;12;66.58;25,462;462;739;739;1149;1149
4791,167_2020-08-14,167,3,77.0,20;27;30,488;736;1112
4792,167_2020-08-15,167,4,82.0,15;30;25;12,558;765;1098;1213
4793,167_2020-08-16,167,3,50.0,10;10;30,637;865;1102
4794,167_2020-08-17,167,3,75.0,20;25;30,518;701;1114
4795,167_2020-08-18,167,3,85.0,20;30;35,538;724;1106
4796,167_2020-08-19,167,6,204.2,30.52;20;36.98;20;66.7;30,515;515;705;705;1082;1082
4797,167_2020-08-20,167,6,148.89000000000001,34.09;20;49.2;20;10.6;15,474;474;694;694;1064;1064
4798,167_2020-08-21,167,3,87.0,20;22;45,432;690;1110
4799,167_2020-08-22,167,3,78.0,18;40;20,570;797;1133
4800,167_2020-08-23,167,3,50.0,15;15;20,615;887;1077
4801,167_2020-08-24,167,3,70.0,20;15;35,495;687;1140
4802,1673_2020-03-27,1673,4,163.0,65;3;60;35,387;590;723;1163
4803,1673_2020-03-28,1673,5,225.0,60;10;55;60;40,392;560;760;1069;1314
4804,1673_2020-03-29,1673,8,358.15999999999997,34.11;60;35.09;15;40.39;60;53.57;60,355;355;595;595;813;813;1072;1072
4805,1673_2020-03-31,1673,3,200.0,40;80;80,545;778;1136
4806,1673_2020-04-01,1673,4,148.0,50;3;20;75,801;982;1016;1063
4807,1673_2020-04-02,1673,4,143.0,55;25;3;60,552;836;960;1095
4808,1673_2020-04-07,1673,4,190.0,75;20;20;75,702;900;1020;1158
4809,1673_2020-04-08,1673,3,150.0,60;50;40,716;1116;1244
4810,1673_2020-04-09,1673,4,153.0,75;3;45;30,735;855;1070;1374
4811,1673_2020-04-10,1673,4,188.0,75;3;50;60,390;615;720;1050
4812,1673_2020-04-13,1673,5,258.0,75;3;75;75;30,397;666;767;1097;1280
4813,1673_2020-04-14,1673,4,230.0,60;60;65;45,654;780;1056;1315
4814,1673_2020-04-15,1673,4,215.0,60;75;30;50,727;895;935;1121
4815,1673_2020-04-16,1673,7,228.0,50;30;3;50;60;20;15,396;611;666;735;1120;1245;1361
4816,1673_2020-04-17,1673,4,175.0,50;50;15;60,660;806;1127;1127
4817,1673_2020-04-18,1673,4,173.0,60;3;60;50,384;559;753;1062
4818,1673_2020-04-19,1673,8,345.06999999999994,35.8;55;54.85;20;62.26;6;61.16;50,385;385;630;630;756;756;1071;1071
4819,1673_2020-04-21,1673,5,229.0,75;75;20;45;14,371;748;1050;1140;1282
4820,1673_2020-04-22,1673,3,195.0,75;55;65,380;756;1110
4821,1673_2020-04-23,1673,3,225.0,100;75;50,645;1116;1245
4822,1683_2019-12-08,1683,4,46.0,9;12;10;15,621;881;1075;1294
4823,1683_2019-12-09,1683,5,68.0,15;10;20;8;15,510;1036;1117;1219;1224
4824,1683_2019-12-10,1683,5,93.0,15;13;15;25;25,629;827;981;1131;1311
4825,1683_2019-12-11,1683,5,120.0,15;50;15;20;20,607;785;960;1114;1259
4826,1683_2019-12-12,1683,4,65.0,15;15;20;15,489;797;1174;1322
4827,1683_2019-12-13,1683,5,100.0,10;15;20;35;20,501;742;764;1134;1148
4828,1683_2019-12-14,1683,5,75.0,15;15;15;15;15,583;774;855;1132;1218
4829,1683_2019-12-15,1683,4,65.0,15;10;25;15,595;786;1126;1319
4830,1683_2019-12-16,1683,6,195.0,20;10;80;20;45;20,627;829;1061;1158;1172;1265
4831,1683_2019-12-17,1683,4,97.0,12;10;45;30,547;650;819;1131
4832,1683_2019-12-18,1683,4,175.0,15;90;30;40,576;720;1110;1377
4833,1683_2019-12-19,1683,4,77.0,12;15;25;25,569;763;1194;1332
4834,1683_2019-12-20,1683,4,82.0,12;15;25;30,640;799;878;1114
4835,1683_2019-12-21,1683,4,159.0,12;17;60;70,467;940;1133;1256
4836,1683_2019-12-22,1683,5,170.0,20;50;35;20;45,615;700;906;1018;1140
4837,1683_2019-12-23,1683,4,205.0,30;35;40;100,789;1071;1102;1130
4838,1683_2019-12-24,1683,3,215.0,35;100;80,725;776;1085
4839,1683_2019-12-25,1683,6,350.0,50;45;100;40;85;30,555;647;784;1040;1041;1240
4840,1683_2019-12-26,1683,5,130.0,15;25;25;40;25,484;765;1119;1143;1300
4841,1683_2019-12-28,1683,5,122.0,12;35;25;15;35,628;687;725;945;1158
4842,1683_2019-12-31,1683,4,300.0,90;80;80;50,597;791;923;1125
4843,1683_2020-01-01,1683,6,319.0,100;40;9;50;50;70,575;651;912;924;1070;1214
4844,1683_2020-01-02,1683,5,165.0,15;35;35;50;30,552;631;1067;1080;1237
4845,1683_2020-01-03,1683,6,260.0,15;45;50;45;35;70,654;828;914;1181;1263;1304
4846,1683_2020-01-04,1683,6,185.0,15;35;15;60;40;20,622;721;889;1075;1123;1291
4847,1689_2020-09-16,1689,5,83.0,15;15;15;35;3,442;627;703;980;1095
4848,1689_2020-09-17,1689,7,98.0,15;10;15;15;15;25;3,459;572;598;698;760;1010;1100
4849,1689_2020-09-18,1689,5,95.0,15;25;15;25;15,442;728;944;988;1286
4850,1689_2020-09-19,1689,3,50.0,15;10;25,502;713;1098
4851,1689_2020-09-20,1689,3,40.0,15;20;5,547;1063;1267
4852,1689_2020-09-21,1689,4,65.0,15;20;15;15,518;831;1142;1237
4853,1689_2020-09-22,1689,4,85.0,15;30;25;15,445;661;978;1161
4854,1689_2020-09-23,1689,3,50.0,15;20;15,497;729;1051
4855,1689_2020-09-24,1689,3,50.0,15;20;15,454;775;1152
4856,1689_2020-09-25,1689,3,50.0,15;25;10,501;733;1053
4857,1689_2020-09-26,1689,3,40.0,15;10;15,471;763;976
4858,1689_2020-09-27,1689,4,45.0,15;10;10;10,539;785;979;1122
4859,1689_2020-09-28,1689,3,40.0,15;10;15,527;718;1000
4860,1689_2020-09-29,1689,3,45.0,15;5;25,476;728;1000
4861,1689_2020-09-30,1689,4,60.0,15;10;5;30,455;755;1006;1096
4862,1689_2020-10-01,1689,3,50.0,15;25;10,475;834;1105
4863,1689_2020-10-03,1689,4,55.0,15;15;5;20,475;821;1088;1238
4864,1689_2020-10-04,1689,2,35.0,15;20,512;967
4865,1689_2020-10-05,1689,4,55.0,15;5;20;15,516;773;1002;1213
4866,1689_2020-10-06,1689,4,85.0,15;15;30;25,528;781;986;1183
4867,1689_2020-10-07,1689,3,50.0,15;10;25,460;736;969
4868,1689_2020-10-08,1689,3,50.0,15;15;20,507;858;1023
4869,1689_2020-10-09,1689,2,50.0,15;35,472;895
4870,1689_2020-10-10,1689,2,40.0,15;25,585;1051
4871,1689_2020-10-11,1689,4,83.0,15;15;35;18,534;802;1022;1228
4872,1689_2020-10-12,1689,2,40.0,15;25,833;1130
4873,1689_2020-10-13,1689,2,30.0,15;15,500;991
4874,1695_2020-02-11,1695,4,152.0,40;45;7;60,564;716;906;1132
4875,1695_2020-02-12,1695,5,144.0,40;35;27;7;35,526;653;739;1008;1269
4876,1695_2020-02-13,1695,6,189.0,40;50;7;45;40;7,550;808;964;1110;1208;1367
4877,1695_2020-02-14,1695,6,164.0,40;35;30;7;45;7,471;729;763;938;1046;1292
4878,1695_2020-02-15,1695,5,197.0,40;60;7;60;30,447;747;953;1120;1352
4879,1695_2020-02-20,1695,6,200.0,40;30;20;40;35;35,428;585;704;784;922;1061
4880,1695_2020-02-23,1695,7,159.0,9;40;40;10;30;10;20,14;526;732;751;885;1030;1323
4881,1695_2020-02-24,1695,6,200.0,40;45;50;20;20;25,537;713;761;1064;1243;1255
4882,1695_2020-02-25,1695,6,167.0,40;25;35;7;20;40,501;670;774;952;1016;1172
4883,1695_2020-02-26,1695,6,157.0,40;25;25;10;50;7,524;635;803;1000;1091;1328
4884,1695_2020-02-27,1695,6,197.0,50;40;10;7;60;30,490;734;758;1101;1128;1237
4885,1695_2020-03-01,1695,7,180.0,40;30;10;20;40;20;20,542;742;861;964;1121;1197;1284
4886,1695_2020-03-02,1695,6,207.0,40;25;50;7;25;60,498;602;744;974;1131;1164
4887,1695_2020-03-03,1695,9,239.0,40;7;55;20;40;18;45;7;7,533;615;743;763;877;1090;1119;1153;1318
4888,1695_2020-03-04,1695,5,165.0,40;45;10;20;50,539;756;994;1111;1137
4889,1695_2020-03-05,1695,7,162.0,40;25;7;15;30;35;10,442;739;962;993;1040;1094;1266
4890,1696_2020-09-27,1696,8,240.62,11.62;22;25;20;55;26;55;26,25;25;467;598;759;943;1139;1384
4891,1696_2020-09-28,1696,5,177.0,45;60;7;45;20,521;754;929;1192;1421
4892,1696_2020-09-29,1696,6,176.0,25;20;45;25;35;26,502;652;743;975;1186;1331
4893,1696_2020-09-30,1696,7,175.0,20;25;20;60;20;10;20,5;469;614;733;936;1140;1430
4894,1696_2020-10-01,1696,7,170.0,20;25;20;20;40;10;35,12;482;576;712;825;1185;1305
4895,1696_2020-10-02,1696,6,187.0,20;35;55;22;30;25,60;730;900;1014;1240;1431
4896,1696_2020-10-03,1696,5,160.0,45;25;50;20;20,699;1010;1095;1281;1431
4897,1696_2020-10-04,1696,6,181.0,25;20;50;26;35;25,468;675;782;962;1140;1388
4898,1696_2020-10-05,1696,6,181.0,25;20;45;26;45;20,474;617;819;975;1189;1412
4899,1696_2020-10-06,1696,7,204.0,20;25;43;26;50;20;20,18;609;752;938;1172;1404;1439
4900,1696_2020-10-07,1696,6,182.0,25;20;52;25;40;20,485;603;705;917;1162;1399
4901,1696_2020-10-08,1696,5,155.0,25;20;45;20;45,488;609;794;907;1150
4902,1696_2020-10-09,1696,5,195.0,30;45;45;50;25,34;690;885;1200;1426
4903,1696_2020-10-10,1696,5,150.0,25;40;35;20;30,450;630;930;1035;1120
4904,1696_2020-10-11,1696,8,253.66,40.66;40;20;20;48;10;55;20,15;15;475;626;767;952;1172;1398
4905,1696_2020-10-12,1696,7,181.0,25;20;50;26;30;10;20,480;601;710;906;1115;1166;1408
4906,1696_2020-10-13,1696,7,165.0,25;25;20;25;15;45;10,75;495;630;780;1005;1185;1208
4907,1696_2020-10-14,1696,5,180.0,25;20;40;55;40,508;685;885;1155;1320
4908,1696_2020-10-15,1696,5,127.0,12;25;25;20;45,620;810;850;930;1185
4909,1696_2020-10-16,1696,7,160.0,20;25;25;45;10;25;10,28;465;615;705;1050;1245;1335
4910,1696_2020-10-17,1696,4,120.0,15;45;15;45,555;735;930;1170
4911,1696_2020-10-20,1696,6,145.0,20;25;20;25;20;35,6;495;633;750;990;1150
4912,1696_2020-10-22,1696,4,159.0,25;20;59;55,495;630;825;1135
4913,1696_2020-10-23,1696,5,155.0,20;45;15;45;30,50;810;1005;1170;1410
4914,1696_2020-10-24,1696,3,125.0,50;35;40,660;885;1245
4915,1698_2020-01-30,1698,8,292.6,58.91;65;32.19;42;33.33;21;15.17;25,560;560;812;812;1011;1011;1228;1228
4916,1698_2020-01-31,1698,5,227.0,65;62;60;20;20,620;845;992;1178;1365
4917,1698_2020-02-02,1698,6,228.20999999999998,27.09;30;52.23;20;28.89;70,620;620;839;839;1123;1123
4918,1698_2020-02-03,1698,4,145.0,25;20;50;50,660;737;870;1165
4919,1698_2020-02-04,1698,4,185.0,65;45;35;40,605;966;1255;1299
4920,1698_2020-02-08,1698,5,250.0,65;45;30;70;40,555;885;1075;1210;1360
4921,1698_2020-02-09,1698,4,205.0,30;65;40;70,565;865;975;1185
4922,1698_2020-02-10,1698,4,185.0,45;25;70;45,669;913;960;1178
4923,1698_2020-02-11,1698,6,175.0,65;10;35;25;25;15,555;688;807;1040;1205;1304
4924,1698_2020-02-12,1698,6,308.0,65;40;60;70;40;33,585;734;765;960;1210;1285
4925,1698_2020-02-15,1698,6,206.0,15;65;15;12;75;24,120;545;738;1185;1230;1383
4926,1698_2020-02-16,1698,4,154.0,50;14;40;50,625;818;1096;1140
4927,1698_2020-02-17,1698,3,160.0,50;40;70,600;795;1170
4928,1698_2020-02-18,1698,3,160.0,65;45;50,555;825;1240
4929,1698_2020-02-20,1698,8,357.85,67.78;65;6.42;10;42.25;45;56.4;65,564;564;766;766;873;873;1164;1164
4930,1698_2020-02-21,1698,6,238.0,65;15;45;21;12;80,553;705;810;895;1000;1155
4931,1698_2020-02-22,1698,3,135.0,40;45;50,510;724;910
4932,1698_2020-02-23,1698,5,225.0,50;60;25;40;50,570;840;860;1057;1190
4933,1698_2020-02-24,1698,4,147.0,60;21;50;16,630;726;980;1186
4934,1698_2020-02-25,1698,6,218.0,65;15;45;21;12;60,571;710;855;900;1050;1290
4935,1704_2019-12-21,1704,3,85.0,20;15;50,686;899;1160
4936,1704_2019-12-22,1704,4,115.0,20;30;45;20,621;767;1168;1204
4937,1704_2019-12-23,1704,5,115.0,35;20;20;10;30,751;816;910;996;1116
4938,1704_2019-12-26,1704,7,165.0,30;30;15;10;10;50;20,543;760;767;812;856;1173;1289
4939,1704_2019-12-27,1704,7,155.0,25;40;10;30;20;15;15,567;778;832;1065;1178;1233;1304
4940,1704_2019-12-30,1704,8,175.0,25;25;25;20;25;20;20;15,542;748;896;908;1169;1189;1291;1331
4941,1704_2020-01-02,1704,5,115.0,20;20;35;20;20,561;643;850;1160;1192
4942,1704_2020-01-03,1704,7,123.0,20;15;20;15;30;15;8,574;768;781;830;1069;1191;1309
4943,1704_2020-01-04,1704,3,85.0,20;35;30,568;904;1170
4944,1704_2020-01-05,1704,7,137.0,25;12;25;10;20;20;25,678;868;1011;1175;1184;1196;1267
4945,1704_2020-01-08,1704,8,160.0,30;10;10;10;20;40;20;20,567;685;789;806;969;1096;1186;1316
4946,1704_2020-01-09,1704,8,155.0,15;20;20;15;35;10;25;15,535;631;897;940;1161;1181;1230;1264
4947,1704_2020-01-10,1704,6,167.0,35;50;30;20;20;12,576;761;1097;1123;1182;1325
4948,1704_2020-01-11,1704,5,105.0,20;10;30;30;15,645;786;969;1154;1319
4949,1704_2020-01-12,1704,8,152.0,20;30;10;7;25;25;15;20,709;720;950;1149;1174;1214;1250;1303
4950,1704_2020-01-13,1704,5,100.0,20;35;15;20;10,769;1045;1140;1171;1274
4951,1704_2020-01-14,1704,8,170.0,20;10;25;35;30;10;20;20,596;775;857;1046;1148;1161;1279;1371
4952,1704_2020-01-15,1704,3,105.0,20;60;25,603;1062;1075
4953,1704_2020-01-16,1704,9,210.0,25;10;20;30;50;20;30;15;10,632;645;697;1020;1051;1074;1136;1208;1244
4954,1704_2020-01-17,1704,5,128.0,30;8;30;30;30,755;800;873;1014;1231
4955,1711_2020-10-16,1711,5,190.0,25;45;15;60;45,795;894;990;1113;1241
4956,1711_2020-10-17,1711,2,115.0,50;65,753;1134
4957,1711_2020-10-18,1711,1,35.0,35,751
4958,1711_2020-10-20,1711,3,100.0,40;15;45,763;923;1072
4959,1711_2020-10-21,1711,2,95.0,50;45,724;1097
4960,1711_2020-10-24,1711,3,103.0,55;18;30,806;955;1097
4961,1711_2020-10-25,1711,4,160.0,40;45;45;30,659;828;1140;1206
4962,1711_2020-10-26,1711,4,170.0,60;20;50;40,697;1016;1155;1255
4963,1711_2020-10-27,1711,4,150.0,35;35;15;65,755;890;978;1115
4964,1711_2020-10-28,1711,2,110.0,60;50,905;1050
4965,1711_2020-10-29,1711,4,138.0,50;18;50;20,780;1021;1140;1262
4966,1711_2020-10-31,1711,3,88.0,15;18;55,729;941;1173
4967,1711_2020-11-01,1711,2,48.0,30;18,745;998
4968,1711_2020-11-02,1711,1,40.0,40,730
4969,1711_2020-11-03,1711,2,85.0,55;30,640;933
4970,1711_2020-11-04,1711,1,50.0,50,842
4971,1711_2020-11-06,1711,2,80.0,30;50,736;1147
4972,1711_2020-11-09,1711,1,50.0,50,729
4973,1711_2020-11-10,1711,3,105.0,30;35;40,624;811;1145
4974,1711_2020-11-11,1711,3,85.0,10;30;45,922;1040;1327
4975,1711_2020-11-12,1711,4,128.0,10;60;18;40,656;826;1010;1108
4976,1712_2020-08-01,1712,5,64.0,3;10;20;1;30,468;500;858;1319;1340
4977,1712_2020-08-02,1712,4,41.0,7;23;1;10,518;856;1092;1225
4978,1712_2020-08-03,1712,2,48.0,18;30,486;714
4979,1712_2020-08-04,1712,2,40.0,20;20,485;867
4980,1712_2020-08-05,1712,2,70.0,30;40,561;794
4981,1712_2020-08-06,1712,6,186.0,10;60;35;30;21;30,542;588;680;808;828;931
4982,1712_2020-08-08,1712,4,120.0,10;30;35;45,535;778;1014;1328
4983,1712_2020-08-10,1712,2,45.0,10;35,430;872
4984,1712_2020-08-11,1712,4,86.0,15;20;26;25,479;845;1202;1351
4985,1712_2020-08-12,1712,3,85.0,20;25;40,480;789;1216
4986,1712_2020-08-13,1712,1,40.0,40,1018
4987,1712_2020-08-14,1712,2,101.0,55;46,750;1212
4988,1712_2020-08-16,1712,3,85.0,45;10;30,469;748;1331
4989,1714_2020-05-31,1714,6,148.0,35;7;42;24;15;25,436;590;740;869;1025;1156
4990,1714_2020-06-01,1714,6,171.0,25;7;40;25;15;59,441;585;711;931;1032;1120
4991,1714_2020-06-03,1714,8,287.13,26.11;29;61.99;45;27.39;20;42.64;35,452;452;701;701;1003;1003;1167;1167
4992,1714_2020-06-04,1714,5,130.0,25;10;45;15;35,442;586;748;1028;1058
4993,1714_2020-06-05,1714,5,183.0,36;55;10;44;38,447;757;1034;1055;1147
4994,1714_2020-06-06,1714,5,155.0,60;50;11;17;17,465;720;858;1095;1161
4995,1714_2020-06-07,1714,7,177.0,36;45;17;17;34;17;11,452;718;855;948;1032;1091;1147
4996,1714_2020-06-10,1714,7,191.0,34;7;45;17;11;60;17,444;649;697;968;1001;1115;1154
4997,1714_2020-06-13,1714,7,203.0,36;18;45;25;48;20;11,457;607;745;915;1121;1236;1279
4998,1714_2020-06-14,1714,7,227.0,40;18;45;17;48;35;24,451;639;716;918;1057;1105;1247
4999,1714_2020-06-17,1714,6,196.0,31;18;40;20;47;40,477;604;734;834;1091;1183
5000,1714_2020-06-18,1714,5,206.0,31;30;45;75;25,442;557;765;1098;1232
5001,1714_2020-06-19,1714,4,171.0,41;20;35;75,435;629;753;1025
5002,1714_2020-06-20,1714,6,190.0,41;17;45;17;50;20,451;625;764;951;1061;1230
5003,1714_2020-06-22,1714,5,143.0,29;7;45;17;45,446;568;664;894;1079
5004,1714_2020-06-23,1714,6,133.0,30;14;35;17;7;30,501;629;721;964;1096;1142
5005,1714_2020-06-24,1714,7,198.0,35;7;45;14;17;60;20,464;632;727;905;942;998;1108
5006,1714_2020-06-25,1714,6,159.0,26;17;45;20;20;31,448;629;733;969;1137;1188
5007,1714_2020-06-26,1714,6,206.0,41;21;35;31;48;30,492;646;735;913;1027;1074
5008,1714_2020-06-27,1714,5,168.0,41;17;27;38;45,510;654;945;1071;1114
5009,1717_2020-10-16,1717,6,182.0,65;7;45;5;55;5,463;620;792;928;1076;1224
5010,1717_2020-10-17,1717,5,147.0,65;7;45;25;5,455;525;710;1098;1202
5011,1717_2020-10-18,1717,5,140.0,65;7;30;8;30,436;572;703;861;1072
5012,1717_2020-10-19,1717,6,181.0,65;7;30;11;60;8,448;530;705;735;1086;1319
5013,1717_2020-10-20,1717,6,151.0,65;7;30;7;2;40,483;632;690;839;981;1088
5014,1717_2020-10-21,1717,6,144.0,40;7;35;2;50;10,493;597;780;928;1085;1365
5015,1717_2020-10-22,1717,4,157.0,65;7;35;50,480;629;706;1072
5016,1717_2020-10-23,1717,7,170.0,65;7;35;7;6;45;5,467;538;700;820;904;1078;1249
5017,1717_2020-10-24,1717,4,152.0,65;7;35;45,462;565;687;1077
5018,1717_2020-10-25,1717,3,145.0,65;35;45,456;686;1082
5019,1717_2020-10-26,1717,6,172.0,65;7;35;4;50;11,471;603;720;936;1080;1210
5020,1717_2020-10-27,1717,9,193.0,65;7;45;4;2;4;50;11;5,451;548;713;762;909;945;1083;1174;1327
5021,1717_2020-10-28,1717,5,161.0,40;45;13;55;8,451;629;885;1073;1204
5022,1717_2020-10-29,1717,6,192.0,65;7;45;12;55;8,447;604;749;795;1077;1210
5023,1717_2020-10-30,1717,8,200.0,65;12;7;45;6;45;8;12,472;560;628;733;904;1077;1178;1227
5024,1717_2020-10-31,1717,6,174.0,65;45;7;2;50;5,443;654;761;968;1080;1271
5025,1717_2020-11-01,1717,5,173.0,65;7;45;6;50,445;555;770;820;1084
5026,1717_2020-11-02,1717,5,172.0,65;12;5;40;50,484;555;643;772;1068
5027,1717_2020-11-03,1717,6,176.0,65;7;45;6;45;8,465;565;681;924;1074;1204
5028,1717_2020-11-04,1717,5,159.0,60;7;45;2;45,481;576;729;935;1087
5029,1717_2020-11-05,1717,5,160.0,65;8;45;2;40,462;608;750;978;1082
5030,1717_2020-11-06,1717,5,157.0,65;7;45;35;5,477;542;717;1079;1242
5031,1717_2020-11-07,1717,5,159.0,65;7;45;2;40,452;564;696;1026;1112
5032,1717_2020-11-08,1717,4,147.0,65;7;30;45,480;586;700;1075
5033,1717_2020-11-09,1717,6,174.0,65;7;45;5;45;7,451;550;706;901;1080;1255
5034,1717_2020-11-10,1717,5,171.0,65;7;45;4;50,440;539;755;941;1100
5035,1717_2020-11-11,1717,5,161.0,50;45;6;50;10,489;630;911;1115;1259
5036,1717_2020-11-12,1717,5,171.0,65;7;45;4;50,452;521;682;936;1087
5037,1718_2019-07-11,1718,6,179.63,18.75;20;95.68;20;10.2;15,413;413;673;673;1037;1037
5038,1718_2019-07-12,1718,6,149.57000000000002,29.91;15;58.7;30;13.96;2,420;420;660;660;1044;1044
5039,1718_2019-07-14,1718,3,35.0,15;10;10,427;660;990
5040,1718_2019-07-15,1718,2,35.0,15;20,417;1020
5041,1718_2019-07-16,1718,3,42.0,20;2;20,630;720;1020
5042,1718_2019-07-17,1718,6,199.35000000000002,19.06;15;11.61;15;113.68;25,594;594;834;834;1087;1087
5043,1718_2019-07-18,1718,6,67.33,8.58;10;19.04;10;9.71;10,459;459;667;667;990;990
5044,1718_2019-07-19,1718,8,246.51999999999998,84.31;20;6.76;15;21.45;15;64;20,413;413;675;675;1004;1004;1199;1199
5045,1718_2019-07-20,1718,6,137.01,17;20;14.64;10;55.37;20,405;405;675;675;967;967
5046,1718_2019-07-21,1718,2,40.0,20;20,414;1138
5047,1718_2019-07-22,1718,3,41.0,20;20;1,418;678;1154
5048,1718_2019-07-23,1718,3,45.0,15;15;15,480;617;1141
5049,1718_2019-07-24,1718,7,166.39,9.17;15;22.38;25;0.14;74.7;20,530;530;706;706;913;966;966
5050,1718_2019-07-25,1718,6,113.28999999999999,30.07;15;30.06;10;13.16;15,416;416;664;664;1082;1082
5051,1718_2019-07-26,1718,3,55.0,15;25;15,400;690;1064
5052,1718_2019-07-27,1718,2,50.0,20;30,435;651
5053,1718_2019-07-28,1718,2,35.0,20;15,391;1161
5054,1718_2019-07-29,1718,3,50.0,20;15;15,438;694;1015
5055,1718_2019-07-30,1718,2,35.0,20;15,574;666
5056,1718_2019-07-31,1718,6,119.19,32.66;15;17.61;15;23.92;15,492;492;660;660;1010;1010
5057,1718_2019-08-01,1718,8,183.53,39.05;15;36.6;15;34.85;15;8.03;20,420;420;650;650;897;897;1084;1084
5058,1718_2019-08-02,1718,3,45.0,15;15;15,404;689;987
5059,1718_2019-08-05,1718,3,60.0,15;15;30,420;730;1038
5060,1718_2019-08-06,1718,2,60.0,30;30,751;1111
5061,1719_2020-09-29,1719,4,102.0,30;10;32;30,444;664;732;1113
5062,1719_2020-09-30,1719,4,95.0,32;32;1;30,467;718;935;1137
5063,1719_2020-10-01,1719,3,98.0,32;35;31,473;774;1105
5064,1719_2020-10-02,1719,3,95.0,32;33;30,457;777;1112
5065,1719_2020-10-04,1719,6,220.69,50.65;38;50.31;17;37.73;27,452;452;693;693;1078;1078
5066,1719_2020-10-05,1719,3,73.0,28;25;20,468;725;1110
5067,1719_2020-10-06,1719,8,204.7,34.13;33;27.82;20;12.46;13;36.29;28,422;422;726;726;946;946;1107;1107
5068,1719_2020-10-08,1719,4,104.0,28;15;38;23,487;585;739;1103
5069,1719_2020-10-09,1719,3,83.0,32;21;30,479;703;1096
5070,1719_2020-10-10,1719,6,243.63,29.48;34;51.92;45;56.23;27,430;430;703;703;1100;1100
5071,1719_2020-10-12,1719,3,88.0,32;28;28,447;703;1083
5072,1719_2020-10-13,1719,8,239.19,22.57;32;48.27;34;16.33;15;36.02;35,434;434;683;683;968;968;1072;1072
5073,1719_2020-10-14,1719,8,281.32000000000005,36.01;35;44.02;24;37.99;40;34.3;30,409;409;594;594;735;735;1128;1128
5074,1719_2020-10-15,1719,3,99.0,30;35;34,465;777;1108
5075,1719_2020-10-16,1719,3,98.0,40;33;25,509;733;1139
5076,1719_2020-10-17,1719,3,105.0,32;38;35,441;705;1106
5077,1719_2020-10-18,1719,3,82.0,33;19;30,474;694;1118
5078,1719_2020-10-19,1719,3,99.0,30;31;38,472;728;1107
5079,1719_2020-10-20,1719,8,229.66,35.38;30;51.19;33;11.69;8;26.4;34,455;455;661;661;1024;1024;1095;1095
5080,1719_2020-10-21,1719,6,202.35,18.72;28;38.31;30;51.32;36,472;472;709;709;1053;1053
5081,1719_2020-10-22,1719,4,101.0,30;13;30;28,448;642;769;1058
5082,1719_2020-10-23,1719,3,92.0,32;30;30,453;706;1126
5083,1719_2020-10-24,1719,3,96.0,34;30;32,458;672;1097
5084,1722_2020-09-27,1722,4,69.0,10;16;13;30,604;788;882;1085
5085,1722_2020-09-28,1722,4,85.0,3;40;12;30,406;691;956;1105
5086,1722_2020-09-29,1722,5,145.0,3;55;40;12;35,410;510;720;873;1107
5087,1722_2020-09-30,1722,4,83.0,3;12;38;30,440;624;920;1140
5088,1722_2020-10-03,1722,6,145.0,15;25;30;10;40;25,736;865;892;1066;1146;1202
5089,1722_2020-10-05,1722,8,273.27,1.63;3;20.52;55;19.95;11;112.17;50,399;399;806;806;959;959;1133;1133
5090,1722_2020-10-07,1722,8,218.92,42.88;5;2.97;3;17.64;55;55.43;37,363;363;408;408;855;855;1154;1154
5091,1722_2020-10-08,1722,5,104.0,10;10;33;11;40,421;649;768;903;1235
5092,1722_2020-10-09,1722,5,135.0,10;15;50;20;40,470;660;838;1292;1292
5093,1722_2020-10-10,1722,3,150.0,40;40;70,470;717;1122
5094,1722_2020-10-13,1722,7,180.0,10;10;15;60;30;30;25,425;488;601;709;1073;1140;1263
5095,1722_2020-10-14,1722,7,163.0,3;10;20;60;15;10;45,435;435;715;739;865;885;1123
5096,1722_2020-10-15,1722,5,135.0,13;10;60;12;40,420;702;739;990;1154
5097,1722_2020-10-16,1722,5,101.0,3;20;18;10;50,579;706;960;999;1237
5098,1722_2020-10-17,1722,3,125.0,50;45;30,600;827;1088
5099,1722_2020-10-20,1722,5,126.0,3;12;40;11;60,477;582;699;850;1088
5100,1722_2020-10-21,1722,2,50.0,30;20,761;1113
5101,1722_2020-10-22,1722,4,99.0,13;11;15;60,398;508;714;1217
5102,1722_2020-10-23,1722,6,175.0,15;15;50;30;15;50,478;634;808;940;983;1109
5103,1722_2020-10-24,1722,3,92.0,15;60;17,530;704;876
5104,1726_2020-11-04,1726,3,87.0,26;45;16,662;1105;1143
5105,1726_2020-11-05,1726,4,114.0,24;16;30;44,520;810;1005;1155
5106,1726_2020-11-06,1726,3,93.0,33;15;45,481;735;1191
5107,1726_2020-11-07,1726,3,83.0,13;40;30,475;839;1160
5108,1726_2020-11-08,1726,3,102.0,25;30;47,505;816;1185
5109,1726_2020-11-09,1726,3,92.0,27;15;50,520;735;870
5110,1726_2020-11-10,1726,4,91.0,30;16;20;25,652;728;869;1074
5111,1726_2020-11-11,1726,3,138.0,33;40;65,605;785;1138
5112,1726_2020-11-12,1726,3,89.0,17;50;22,496;816;1215
5113,1726_2020-11-13,1726,3,115.0,60;30;25,565;805;1193
5114,1726_2020-11-14,1726,6,119.0,32;32;20;15;10;10,545;745;910;1115;1207;1212
5115,1726_2020-11-15,1726,5,125.0,45;15;25;5;35,490;684;745;1119;1160
5116,1726_2020-11-16,1726,6,145.0,15;15;30;20;45;20,665;835;855;890;1145;1180
5117,1726_2020-11-17,1726,3,113.0,15;68;30,619;845;1208
5118,1726_2020-11-18,1726,4,158.0,55;48;39;16,465;819;1038;1103
5119,1726_2020-11-19,1726,5,141.0,15;10;45;55;16,452;646;815;1136;1210
5120,1726_2020-11-20,1726,4,145.0,55;30;16;44,431;792;814;1145
5121,1726_2020-11-21,1726,2,88.0,53;35,373;750
5122,1726_2020-11-22,1726,1,65.0,65,1172
5123,1726_2020-11-23,1726,3,92.0,17;35;40,627;865;1110
5124,1726_2020-11-24,1726,4,131.0,25;50;20;36,523;820;887;1160
5125,1726_2020-11-25,1726,5,126.0,20;20;27;44;15,385;710;848;1216;1234
5126,1726_2020-11-26,1726,5,156.0,20;35;60;16;25,415;785;1116;1185;1275
5127,1726_2020-11-27,1726,4,105.0,35;40;15;15,415;750;1130;1220
5128,1726_2020-11-28,1726,4,160.0,60;40;15;45,405;730;1003;1107
5129,1726_2020-11-29,1726,3,123.0,40;38;45,566;855;1265
5130,1726_2020-11-30,1726,4,88.0,18;15;25;30,490;715;870;920
5131,1726_2020-12-01,1726,1,50.0,50,640
5132,173_2021-01-02,173,5,190.0,40;25;55;40;30,475;492;754;1123;1305
5133,173_2021-01-03,173,4,120.0,25;30;50;15,542;867;1157;1314
5134,173_2021-01-04,173,3,90.0,20;50;20,625;905;1151
5135,173_2021-01-05,173,3,195.0,40;50;105,510;825;1110
5136,173_2021-01-06,173,5,140.0,25;40;30;20;25,567;842;856;1119;1390
5137,173_2021-01-07,173,4,135.0,40;50;25;20,538;860;1158;1320
5138,173_2021-01-08,173,4,135.0,35;45;35;20,535;887;1152;1300
5139,173_2021-01-09,173,5,130.0,40;40;10;20;20,525;785;933;1145;1380
5140,173_2021-01-10,173,4,125.0,40;45;20;20,435;810;1150;1238
5141,173_2021-01-11,173,3,130.0,40;40;50,503;838;1131
5142,173_2021-01-12,173,4,135.0,40;20;50;25,479;897;1106;1167
5143,173_2021-01-13,173,3,130.0,45;45;40,455;785;1140
5144,173_2021-01-14,173,3,148.0,40;48;60,522;835;1155
5145,173_2021-01-15,173,4,135.0,40;25;50;20,586;851;1147;1390
5146,173_2021-01-16,173,3,135.0,35;40;60,461;825;1135
5147,173_2021-01-17,173,3,85.0,20;25;40,415;790;1138
5148,173_2021-01-18,173,4,148.0,10;40;80;18,531;830;1150;1320
5149,173_2021-01-19,173,3,130.0,35;25;70,615;930;1146
5150,173_2021-01-20,173,5,125.0,40;35;10;35;5,493;889;971;1148;1266
5151,173_2021-01-21,173,4,150.0,40;55;40;15,402;766;1144;1311
5152,173_2021-01-22,173,4,135.0,40;40;30;25,520;795;1145;1416
5153,173_2021-01-23,173,3,75.0,20;25;30,459;790;1150
5154,173_2021-01-24,173,4,120.0,40;15;30;35,528;715;883;1012
5155,173_2021-01-25,173,3,125.0,40;45;40,560;840;1150
5156,173_2021-01-26,173,4,160.0,40;40;60;20,435;780;964;1150
5157,173_2021-01-27,173,3,95.0,35;25;35,561;930;1150
5158,173_2021-01-28,173,4,123.0,40;30;35;18,469;917;1200;1310
5159,173_2021-01-29,173,3,115.0,40;40;35,489;757;1173
5160,174_2020-05-12,174,4,215.0,60;70;20;65,406;725;988;1204
5161,174_2020-05-13,174,4,200.0,60;70;20;50,417;813;1037;1222
5162,174_2020-05-16,174,3,150.0,60;50;40,534;853;1390
5163,174_2020-05-17,174,4,230.0,60;40;80;50,630;818;1085;1304
5164,174_2020-05-18,174,4,185.0,45;50;40;50,647;851;1165;1264
5165,174_2020-05-23,174,4,205.0,60;45;45;55,649;830;984;1241
5166,174_2020-05-24,174,3,165.0,60;60;45,619;862;1084
5167,174_2020-05-25,174,3,160.0,70;45;45,730;891;1110
5168,174_2020-05-26,174,8,278.22,24.05;30;49.08;15;32.16;40;27.93;60,479;479;723;723;1039;1039;1290;1290
5169,174_2020-05-27,174,6,345.48,32.15;40;49.08;60;114.25;50,468;468;737;737;1255;1255
5170,174_2020-05-28,174,3,145.0,40;75;30,479;760;1281
5171,174_2020-05-29,174,4,175.0,50;50;15;60,480;732;1056;1203
5172,174_2020-05-30,174,3,110.0,30;40;40,568;730;1264
5173,174_2020-05-31,174,4,210.0,50;60;40;60,629;810;1023;1315
5174,174_2020-06-01,174,4,225.0,60;45;50;70,531;660;946;1201
5175,174_2020-06-02,174,3,165.0,55;65;45,457;726;1219
5176,174_2020-06-03,174,3,150.0,40;50;60,456;745;1178
5177,174_2020-06-04,174,3,190.0,40;80;70,468;738;1168
5178,174_2020-06-07,174,3,165.0,40;60;65,620;765;1261
5179,174_2020-06-08,174,4,270.0,45;70;75;80,495;684;994;1229
5180,18_2020-08-04,18,8,226.24,9.68;12;40.89;40;38.17;20;35.5;30,453;453;557;557;806;806;1194;1194
5181,18_2020-08-05,18,8,356.23,77.07;33;9.68;11;64.59;60;50.89;50,558;558;636;636;824;824;1248;1248
5182,18_2020-08-06,18,2,130.0,80;50,780;1192
5183,18_2020-08-07,18,3,145.0,25;95;25,717;902;1193
5184,18_2020-08-08,18,6,136.0,15;7;25;45;22;22,534;542;710;814;1018;1238
5185,18_2020-08-09,18,8,185.85999999999999,51.61;25;23.4;17;5.17;5;16.68;42,707;707;1028;1028;1166;1166;1185;1185
5186,18_2020-08-11,18,3,54.0,13;21;20,552;655;893
5187,18_2020-08-12,18,2,99.0,32;67,554;713
5188,18_2020-08-13,18,2,95.0,15;80,632;876
5189,18_2020-08-14,18,5,230.0,20;40;40;30;100,29;738;968;1037;1265
5190,18_2020-08-17,18,8,232.45,20.25;10;28.16;50;39.19;35;26.85;23,511;511;695;695;972;972;1238;1238
5191,18_2020-08-19,18,3,150.0,40;80;30,716;1161;1299
5192,18_2020-08-20,18,4,122.0,17;45;30;30,564;623;1111;1282
5193,18_2020-08-21,18,5,135.0,25;30;45;15;20,605;773;969;1045;1195
5194,18_2020-08-22,18,3,125.0,39;41;45,565;823;1157
5195,18_2020-08-25,18,5,180.0,30;60;25;15;50,563;831;955;1125;1234
5196,18_2020-08-26,18,2,120.0,80;40,649;738
5197,18_2020-08-27,18,3,207.0,17;115;75,641;884;1174
5198,18_2020-08-28,18,2,80.0,50;30,657;1206
5199,183_2020-03-06,183,8,350.13,58;50;26.33;39;62.13;40;54.67;20,611;611;818;818;1203;1203;1214;1214
5200,183_2020-03-07,183,8,315.72,30.39;50;3.49;5;31.05;24;121.79;50,619;619;639;639;904;904;1228;1228
5201,183_2020-03-08,183,9,296.31,36.35;25;25.36;39;48.94;17;0.11;74.55;30,632;632;821;821;941;941;1136;1145;1145
5202,183_2020-03-09,183,6,325.02,48.56;45;49.7;20;111.76;50,503;503;773;773;1189;1189
5203,183_2020-03-10,183,4,82.0,17;25;10;30,49;635;942;1220
5204,183_2020-03-11,183,4,120.0,15;10;55;40,131;150;921;1202
5205,183_2020-03-12,183,5,120.0,60;15;15;10;20,570;741;775;1088;1281
5206,183_2020-03-13,183,8,207.27,8.38;20;38.86;15;58.34;30;16.69;20,759;759;937;937;1185;1185;1429;1429
5207,183_2020-03-14,183,6,294.78,71.66;45;58.92;25;64.2;30,674;674;825;825;1343;1343
5208,183_2020-03-15,183,7,179.75,30.39;15;0.09;51.36;20;42.91;20,534;534;812;950;950;1320;1320
5209,183_2020-03-16,183,6,287.98,36.35;18;83.67;50;64.96;35,566;566;867;867;1141;1141
5210,183_2020-03-17,183,2,55.0,30;25,715;1076
5211,183_2020-03-18,183,3,105.0,40;15;50,883;1136;1229
5212,183_2020-03-19,183,4,133.0,38;25;30;40,502;833;938;1314
5213,183_2020-03-20,183,3,52.0,15;17;20,611;961;1090
5214,183_2020-03-21,183,3,110.0,55;25;30,778;1095;1397
5215,183_2020-03-22,183,4,182.6,28.36;25;89.24;40,690;690;1162;1162
5216,183_2020-03-23,183,7,287.03000000000003,60.77;25;59.07;55;52.84;31;3.35,655;655;831;831;981;981;1281
5217,183_2020-03-24,183,3,109.0,40;39;30,633;849;1204
5218,183_2020-03-25,183,3,105.0,30;50;25,526;846;1270
5219,183_2020-03-26,183,2,50.0,30;20,581;906
5220,183_2020-03-27,183,3,40.0,15;10;15,633;773;1314
5221,183_2020-03-29,183,7,98.17999999999999,1.12;13.72;53.9;10;9.72;5.73;3.99,599;817;824;824;1274;1274;1274
5222,183_2020-03-30,183,5,126.47,57.49;20;4.6;34.38;10,413;413;800;1020;1020
5223,183_2020-03-31,183,2,30.0,10;20,912;912
5224,183_2020-04-01,183,3,99.0,50;10;39,710;1216;1286
5225,183_2020-04-02,183,3,80.0,35;25;20,621;781;1369
5226,187_2020-03-10,187,9,178.73,15;16;40;2.35;2;10;55;21.38;17,408;624;687;840;840;853;1084;1242;1242
5227,187_2020-03-11,187,4,105.52,3.22;20;42.3;40,416;416;720;720
5228,187_2020-03-14,187,4,138.0,8;40;40;50,513;716;1167;1219
5229,187_2020-03-15,187,3,90.0,40;30;20,431;1047;1049
5230,187_2020-03-16,187,5,135.0,30;15;40;20;30,481;497;645;834;940
5231,187_2020-03-17,187,4,105.0,20;50;20;15,383;1113;1285;1358
5232,187_2020-03-20,187,2,90.0,60;30,975;1239
5233,187_2020-03-23,187,6,159.0,25;6;30;38;30;30,473;580;748;997;1102;1177
5234,187_2020-03-24,187,5,165.0,15;30;40;50;30,346;768;1017;1062;1091
5235,187_2020-03-25,187,4,120.0,25;35;30;30,446;806;1096;1349
5236,187_2020-03-27,187,9,230.3,15;31.21;45;2.79;10;13.89;15;57.41;40,372;713;713;879;879;883;883;1080;1080
5237,187_2020-03-28,187,4,170.0,50;30;60;30,415;775;1161;1349
5238,187_2020-03-29,187,3,95.0,15;30;50,438;770;1182
5239,187_2020-03-30,187,4,145.0,30;40;30;45,464;626;865;1053
5240,187_2020-03-31,187,4,130.0,40;30;10;50,114;418;1042;1127
5241,187_2020-04-01,187,5,235.0,30;50;60;40;55,415;824;1118;1264;1344
5242,187_2020-04-02,187,8,278.81,37.77;40;34.67;25;93.47;30;2.9;15,389;389;823;823;1086;1086;1229;1229
5243,187_2020-04-03,187,8,341.14,39.6;40;71.26;30;34.17;35;51.11;40,443;443;739;739;881;881;1142;1142
5244,187_2020-04-04,187,6,160.0,30;30;10;30;20;40,421;749;990;1065;1114;1360
5245,187_2020-04-05,187,4,140.0,40;30;40;30,476;575;1136;1173
5246,187_2020-04-06,187,3,135.0,20;50;65,479;759;1106
5247,191_2021-01-14,191,8,295.0,8;24;57;25;88;42;41;10,337;425;448;613;753;966;1099;1220
5248,191_2021-01-15,191,8,316.0,11;42;105;25;42;48;10;33,444;578;775;825;996;1044;1133;1191
5249,191_2021-01-16,191,3,166.0,60;80;26,488;758;828
5250,191_2021-01-19,191,6,198.0,43;13;45;17;56;24,525;650;711;857;1065;1260
5251,191_2021-01-20,191,5,242.0,11;36;65;90;40,348;620;755;1035;1140
5252,191_2021-01-23,191,3,232.0,102;85;45,502;777;796
5253,191_2021-01-26,191,5,151.0,11;15;84;21;20,321;516;764;1053;1217
5254,191_2021-01-27,191,7,246.0,11;43;15;30;60;45;42,360;451;635;666;910;1128;1200
5255,191_2021-01-28,191,6,178.0,11;65;24;13;45;20,330;505;795;965;1090;1238
5256,191_2021-01-29,191,1,75.0,75,1114
5257,191_2021-01-30,191,3,299.0,34;200;65,492;740;1155
5258,191_2021-02-02,191,5,116.0,12;38;28;30;8,510;725;797;1130;1185
5259,191_2021-02-03,191,7,246.0,10;20;18;100;15;65;18,315;525;645;797;1013;1065;1230
5260,191_2021-02-04,191,4,90.0,18;25;23;24,570;710;860;873
5261,191_2021-02-05,191,5,186.0,26;18;30;85;27,505;686;870;1080;1253
5262,191_2021-02-06,191,7,180.0,11;26;26;10;62;20;25,470;538;795;796;1065;1181;1215
5263,191_2021-02-08,191,4,126.0,18;13;50;45,550;645;737;1122
5264,191_2021-02-09,191,5,141.0,20;20;30;11;60,550;730;880;1000;1130
5265,191_2021-02-10,191,3,133.0,8;80;45,480;632;840
5266,194_2019-09-17,194,4,199.79,57.19;55;47.6;40,568;568;1191;1191
5267,194_2019-09-18,194,6,296.31,72.31;50;50.65;25;68.35;30,575;575;830;830;1222;1222
5268,194_2019-09-19,194,2,90.0,50;40,647;1171
5269,194_2019-09-20,194,6,346.62,37.42;55;87.94;40;101.26;25,587;587;756;756;1170;1170
5270,194_2019-09-22,194,2,70.0,40;30,945;1180
5271,194_2019-09-23,194,1,35.0,35,636
5272,194_2019-09-24,194,4,170.0,55;40;30;45,587;765;940;1200
5273,194_2019-09-26,194,6,292.81,44.38;55;48.38;30;70.05;45,561;561;836;836;1247;1247
5274,194_2019-09-27,194,8,355.21,44.38;55;48.38;30;46.45;50;48;33,586;586;819;819;1206;1206;1274;1274
5275,194_2019-09-28,194,6,297.18,72.31;55;21.68;40;48.19;60,572;572;870;870;1048;1048
5276,194_2019-09-29,194,3,125.0,75;20;30,646;939;978
5277,194_2019-09-30,194,3,110.0,80;10;20,622;990;1160
5278,194_2019-10-01,194,6,273.24,29;80;13.93;40;50.31;60,605;605;1193;1193;1215;1215
5279,194_2019-10-03,194,3,120.0,55;45;20,614;964;1203
5280,194_2019-10-04,194,3,112.0,55;20;37,579;1233;1276
5281,194_2019-10-05,194,1,80.0,80,1260
5282,194_2019-10-06,194,3,95.0,45;20;30,619;790;1185
5283,194_2019-10-07,194,3,120.0,55;30;35,605;940;1002
5284,194_2019-10-08,194,4,155.0,55;30;40;30,575;921;1171;1245
5285,194_2019-10-09,194,8,334.4,37.55;55;74.65;60;30.25;20;26.95;30,486;486;830;830;1218;1218;1375;1375
5286,194_2019-10-10,194,6,201.10000000000002,70.04;45;13.07;25;10.99;37,710;710;1197;1197;1277;1277
5287,194_2019-10-11,194,2,85.0,55;30,586;1190
5288,194_2019-10-12,194,3,105.0,50;30;25,610;672;1090
5289,194_2019-10-13,194,2,90.0,60;30,713;1288
5290,194_2019-10-14,194,3,115.0,50;25;40,620;730;1209
5291,202_2020-08-01,202,4,168.0,44;35;40;49,622;863;1082;1252
5292,202_2020-08-02,202,4,185.0,40;45;60;40,644;827;1083;1218
5293,202_2020-08-03,202,3,116.0,25;31;60,603;858;1144
5294,202_2020-08-06,202,4,125.0,45;20;40;20,644;910;1124;1423
5295,202_2020-08-07,202,3,100.0,50;20;30,700;943;1115
5296,202_2020-08-08,202,8,292.76,50.64;35;78.67;25;49;20;14.45;20,624;624;1144;1144;1145;1145;1250;1250
5297,202_2020-08-09,202,6,323.5,64.19;45;57.95;40;66.36;50,632;632;825;825;1157;1157
5298,202_2020-08-10,202,4,98.0,20;10;28;40,1171;1172;1172;1173
5299,202_2020-08-11,202,4,114.0,40;14;35;25,638;899;1045;1200
5300,202_2020-08-12,202,3,110.0,30;30;50,617;885;1115
5301,202_2020-08-13,202,3,115.0,30;35;50,628;849;1115
5302,202_2020-08-14,202,4,150.0,55;25;40;30,690;938;1126;1287
5303,202_2020-08-15,202,6,128.0,30;20;15;28;25;10,525;765;1140;1140;1146;1272
5304,202_2020-08-16,202,6,148.0,25;20;28;10;40;25,525;750;910;1020;1197;1250
5305,202_2020-08-17,202,4,130.0,35;25;45;25,644;829;1138;1263
5306,202_2020-08-18,202,8,322.96999999999997,64.24;40;42.16;45;16.94;30;54.63;30,622;622;814;814;929;929;1106;1106
5307,202_2020-08-19,202,8,281.59000000000003,62.4;35;36.54;40;43.2;30;14.45;20,609;609;777;777;1058;1058;1248;1248
5308,202_2020-08-20,202,4,170.0,40;40;40;50,648;843;1132;1265
5309,202_2020-08-21,202,4,165.0,40;30;65;30,650;841;1094;1168
5310,202_2020-08-22,202,5,138.0,30;20;28;30;30,520;735;870;1110;1140
5311,202_2020-08-23,202,7,192.0,28;20;15;15;40;30;44,610;751;865;975;1177;1242;1290
5312,202_2020-08-24,202,3,130.0,30;50;50,559;779;1172
5313,202_2020-08-27,202,5,145.0,40;40;5;45;15,663;918;1039;1144;1412
5314,202_2020-08-28,202,5,135.0,44;30;6;35;20,695;899;1007;1098;1272
5315,214_2020-09-23,214,5,125.0,20;15;15;50;25,624;829;983;1107;1295
5316,214_2020-09-24,214,5,142.0,28;35;5;59;15,618;815;1126;1183;1337
5317,214_2020-09-25,214,4,126.0,35;26;25;40,533;751;768;1076
5318,214_2020-09-26,214,4,122.0,24;30;28;40,527;833;1023;1133
5319,214_2020-09-27,214,4,140.0,30;40;25;45,573;771;953;1045
5320,214_2020-09-28,214,5,132.0,25;20;18;29;40,509;675;823;968;1106
5321,214_2020-09-29,214,6,165.0,32;33;22;25;35;18,474;666;862;964;1168;1369
5322,214_2020-09-30,214,3,95.0,22;33;40,588;922;1175
5323,214_2020-10-01,214,4,130.0,25;40;25;40,630;798;943;1072
5324,214_2020-10-02,214,5,124.0,30;15;25;30;24,476;701;778;1106;1289
5325,214_2020-10-03,214,5,113.0,28;20;24;28;13,564;748;845;1058;1237
5326,214_2020-10-04,214,4,100.0,15;35;16;34,517;765;1035;1129
5327,214_2020-10-05,214,5,151.0,25;30;10;50;36,547;723;885;1178;1232
5328,214_2020-10-06,214,5,118.0,9;25;20;44;20,778;818;996;1084;1237
5329,214_2020-10-07,214,4,118.0,38;35;15;30,691;983;1100;1203
5330,214_2020-10-08,214,3,90.0,20;35;35,623;887;1094
5331,214_2020-10-09,214,3,96.0,26;35;35,452;742;1140
5332,214_2020-10-10,214,4,103.0,25;27;19;32,56;602;719;1096
5333,214_2020-10-11,214,3,59.0,24;25;10,592;822;1182
5334,214_2020-10-12,214,5,131.0,35;26;30;20;20,496;766;1031;1164;1392
5335,214_2020-10-13,214,2,70.0,35;35,514;1176
5336,214_2020-10-14,214,3,83.0,25;25;33,674;958;1176
5337,214_2020-10-15,214,4,90.0,15;20;30;25,552;756;1090;1137
5338,214_2020-10-16,214,3,96.0,30;26;40,479;884;1123
5339,214_2020-10-17,214,4,99.0,22;32;25;20,463;726;904;1116
5340,214_2020-10-18,214,4,102.0,22;22;18;40,511;736;889;1026
5341,214_2020-10-19,214,3,72.0,22;13;37,499;716;1074
5342,214_2020-10-20,214,5,131.0,27;32;24;24;24,507;761;1017;1097;1336
5343,217_2020-11-01,217,4,124.0,20;39;40;25,410;750;1080;1101
5344,217_2020-11-02,217,6,230.0,60;51;39;60;10;10,494;762;895;1092;1157;1228
5345,217_2020-11-03,217,5,115.0,15;26;4;10;60,578;794;1031;1084;1199
5346,217_2020-11-04,217,3,85.0,25;30;30,594;820;1183
5347,217_2020-11-05,217,6,165.0,26;37;14;15;61;12,383;701;792;988;1106;1248
5348,217_2020-11-10,217,3,170.0,60;10;100,520;933;1120
5349,217_2020-11-11,217,3,100.0,40;30;30,574;787;1170
5350,217_2020-11-13,217,8,321.92999999999995,37.55;25;69.4;68;34.3;30;32.68;25,494;494;748;748;1123;1123;1185;1185
5351,217_2020-11-14,217,3,111.0,26;50;35,391;682;1118
5352,217_2020-11-15,217,4,97.0,15;25;12;45,440;734;1016;1125
5353,217_2020-11-16,217,4,111.0,12;17;37;45,131;505;732;1140
5354,217_2020-11-17,217,3,65.0,25;25;15,576;798;1167
5355,217_2020-11-18,217,2,70.0,25;45,605;1175
5356,217_2020-11-19,217,3,91.0,15;26;50,544;843;1155
5357,217_2020-11-21,217,8,289.54999999999995,36.95;26;48.08;50;10.14;8;50.38;60,384;384;759;759;942;942;1157;1157
5358,217_2020-11-22,217,3,164.0,20;87;57,461;717;1098
5359,217_2020-11-23,217,3,154.0,48;36;70,464;727;1117
5360,217_2020-11-24,217,2,88.0,48;40,520;610
5361,217_2020-11-25,217,4,170.0,35;45;65;25,533;773;1149;1216
5362,217_2020-11-26,217,4,136.0,26;45;45;20,505;817;1140;1222
5363,217_2020-11-27,217,8,306.39,36.95;26;46.65;60;49.05;54;12.74;21,383;383;767;767;1181;1181;1201;1201
5364,219_2020-03-15,219,8,349.87,52.57;55;49.73;45;6.33;15;56.24;70,632;632;858;858;888;888;1217;1217
5365,219_2020-03-19,219,3,210.0,60;60;90,559;912;1215
5366,219_2020-03-20,219,4,250.0,70;50;80;50,481;791;1218;1267
5367,219_2020-03-21,219,4,270.0,90;60;40;80,668;922;1026;1218
5368,219_2020-03-25,219,8,357.20000000000005,43.05;30;35.67;50;84;55;24.48;35,864;864;1121;1121;1198;1198;1290;1290
5369,219_2020-03-26,219,5,255.0,40;40;50;80;45,555;834;999;1152;1349
5370,219_2020-03-27,219,4,190.0,50;45;25;70,779;931;1156;1340
5371,219_2020-03-28,219,4,220.0,60;45;50;65,585;757;960;1292
5372,219_2020-03-29,219,3,165.0,25;70;70,695;888;1235
5373,219_2020-03-30,219,8,294.4,67;60;12.13;30;5.98;10;39.29;70,749;749;771;771;1123;1123;1327;1327
5374,219_2020-04-01,219,2,95.0,20;75,725;850
5375,219_2020-04-02,219,2,115.0,70;45,774;1433
5376,219_2020-04-05,219,4,181.0,80;15;41;45,589;908;953;1276
5377,219_2020-04-06,219,3,140.0,70;10;60,764;1150;1286
5378,219_2020-04-07,219,4,305.0,80;55;80;90,505;819;1005;1261
5379,219_2020-04-08,219,6,329.54,23.03;20;67.27;70;79.24;70,659;659;821;821;1088;1088
5380,221_2020-05-12,221,3,94.0,29;15;50,476;700;1143
5381,221_2020-05-13,221,4,133.0,25;48;10;50,411;729;1004;1127
5382,221_2020-05-14,221,6,210.16,9.96;29;48.69;48;34.51;40,519;519;800;800;1171;1171
5383,221_2020-05-15,221,6,203.85,27.73;35;12.55;20;58.57;50,434;434;738;738;1116;1116
5384,221_2020-05-16,221,3,119.0,35;29;55,503;736;1170
5385,221_2020-05-17,221,3,115.0,35;50;30,195;1210;1410
5386,221_2020-05-18,221,2,80.0,35;45,520;1170
5387,221_2020-05-20,221,6,195.85,27.73;35;2.25;25;51.87;54,441;441;912;912;1165;1165
5388,221_2020-05-21,221,6,308.04999999999995,35.03;29;42.05;50;96.97;55,514;514;721;721;1180;1180
5389,221_2020-05-22,221,6,259.38,18.05;25;45.5;45;55.83;70,365;365;679;679;1185;1185
5390,221_2020-05-24,221,3,120.0,50;50;20,681;1170;1260
5391,221_2020-05-25,221,3,147.0,42;45;60,571;804;1156
5392,221_2020-05-26,221,3,98.0,20;30;48,471;870;1136
5393,221_2020-05-27,221,8,204.2,18.5;25;36.84;25;33.14;40;10.72;15,492;492;734;734;1177;1177;1239;1239
5394,221_2020-05-28,221,6,209.25,18.52;25;24.59;45;51.14;45,467;467;752;752;1193;1193
5395,221_2020-05-30,221,2,115.0,55;60,610;1125
5396,223_2020-05-23,223,4,97.0,8;14;62;13,607;808;962;991
5397,223_2020-05-24,223,2,90.0,25;65,866;1080
5398,223_2020-05-25,223,2,105.0,60;45,746;1140
5399,223_2020-05-26,223,4,148.0,60;35;25;28,637;945;1237;1320
5400,223_2020-05-27,223,2,120.0,78;42,859;1284
5401,223_2020-05-28,223,3,138.0,38;34;66,678;955;1125
5402,223_2020-05-29,223,2,105.0,55;50,761;1069
5403,223_2020-05-30,223,2,103.0,35;68,673;1158
5404,223_2020-05-31,223,3,133.0,65;38;30,750;1173;1333
5405,223_2020-06-01,223,3,108.0,30;50;28,818;1022;1426
5406,223_2020-06-02,223,3,148.0,70;38;40,817;1052;1369
5407,223_2020-06-03,223,2,68.0,32;36,836;1266
5408,223_2020-06-04,223,3,160.0,40;40;80,760;789;1167
5409,223_2020-06-05,223,4,180.0,35;45;68;32,630;900;1061;1300
5410,223_2020-06-06,223,4,131.0,48;37;13;33,748;928;1172;1375
5411,223_2020-06-07,223,2,100.0,32;68,750;1259
5412,223_2020-06-08,223,2,120.0,70;50,688;1061
5413,223_2020-06-09,223,4,137.0,15;34;40;48,648;804;1063;1199
5414,223_2020-06-10,223,3,133.0,45;43;45,780;1190;1386
5415,223_2020-06-11,223,4,181.0,32;68;23;58,699;800;923;1163
5416,223_2020-06-12,223,5,223.0,28;63;45;55;32,557;811;855;1144;1432
5417,223_2020-06-13,223,3,180.0,30;80;70,773;843;1192
5418,223_2020-06-14,223,3,177.0,35;75;67,656;875;1370
5419,223_2020-06-15,223,2,140.0,68;72,788;1228
5420,223_2020-06-16,223,2,145.0,90;55,1178;1423
5421,223_2020-06-17,223,2,70.0,30;40,639;727
5422,223_2020-06-18,223,1,45.0,45,1353
5423,223_2020-06-19,223,3,138.0,45;68;25,659;1061;1290
5424,226_2019-06-04,226,3,41.0,3;10;28,435;748;1273
5425,226_2019-06-05,226,4,55.0,6;26;3;20,436;745;1056;1333
5426,226_2019-06-06,226,2,30.0,10;20,458;1262
5427,226_2019-06-07,226,2,66.0,6;60,524;1050
5428,226_2019-06-08,226,3,38.0,8;10;20,586;870;1185
5429,226_2019-06-09,226,4,56.0,6;20;4;26,450;731;1038;1222
5430,226_2019-06-10,226,2,55.0,30;25,768;1236
5431,226_2019-06-12,226,3,51.0,6;20;25,514;757;1314
5432,226_2019-06-13,226,3,81.0,6;35;40,450;855;1200
5433,226_2019-06-14,226,3,84.0,6;40;38,570;720;1140
5434,226_2019-06-16,226,3,60.0,10;20;30,592;902;1150
5435,226_2019-06-17,226,3,58.0,6;30;22,480;748;1226
5436,226_2019-06-18,226,3,36.0,6;16;14,450;735;1290
5437,226_2019-06-20,226,3,45.0,6;4;35,465;690;1080
5438,226_2019-06-22,226,1,30.0,30,1065
5439,226_2019-06-23,226,3,48.0,6;12;30,469;756;1253
5440,226_2019-06-24,226,3,48.0,8;20;20,420;727;1269
5441,226_2019-06-25,226,2,32.0,6;26,450;720
5442,226_2019-06-26,226,3,50.0,6;14;30,450;735;1325
5443,226_2019-06-27,226,3,39.0,8;1;30,540;804;1202
5444,226_2019-06-28,226,3,56.0,6;35;15,690;930;990
5445,226_2019-06-29,226,2,45.0,10;35,615;1185
5446,227_2021-06-02,227,4,153.0,37;8;26;82,627;856;995;1363
5447,227_2021-06-03,227,1,91.0,91,824
5448,227_2021-06-04,227,2,145.0,55;90,776;1325
5449,227_2021-06-05,227,3,165.0,50;5;110,806;956;1114
5450,227_2021-06-06,227,2,97.0,35;62,37;1063
5451,227_2021-06-07,227,4,196.0,20;30;26;120,38;771;939;1317
5452,227_2021-06-08,227,3,116.0,16;20;80,249;599;881
5453,227_2021-06-09,227,4,227.0,82;45;40;60,54;445;706;1127
5454,227_2021-06-10,227,5,172.0,25;26;12;71;38,470;880;1107;1143;1363
5455,227_2021-06-11,227,4,128.0,8;40;60;20,463;538;966;1426
5456,227_2021-06-12,227,3,67.0,15;37;15,140;797;1026
5457,227_2021-06-13,227,6,156.0,14;35;45;35;7;20,158;735;1003;1031;1068;1399
5458,227_2021-06-14,227,4,129.0,20;42;25;42,41;546;890;1027
5459,227_2021-06-15,227,7,189.0,20;30;10;34;35;15;45,4;41;64;609;986;1056;1297
5460,227_2021-06-16,227,4,229.0,87;58;24;60,166;520;1161;1178
5461,227_2021-06-17,227,2,143.0,78;65,555;1219
5462,227_2021-06-18,227,3,149.0,14;70;65,453;851;1110
5463,227_2021-06-19,227,6,238.0,3;60;70;15;30;60,49;512;630;792;1192;1223
5464,227_2021-06-20,227,3,160.0,65;30;65,654;760;1260
5465,227_2021-06-21,227,3,84.0,45;24;15,40;550;841
5466,227_2021-06-22,227,3,146.0,51;45;50,602;993;1410
5467,227_2021-06-23,227,3,85.0,10;50;25,18;887;1201
5468,227_2021-06-24,227,3,205.0,55;30;120,880;1130;1320
5469,227_2021-06-25,227,7,290.0,70;15;45;45;30;70;15,134;455;806;848;885;1258;1393
5470,227_2021-06-26,227,3,145.0,50;20;75,585;899;1150
5471,227_2021-06-27,227,4,233.0,100;45;60;28,73;621;920;1001
5472,227_2021-06-28,227,4,180.0,50;45;35;50,39;695;970;1193
5473,227_2021-06-29,227,4,150.0,43;50;12;45,290;683;1161;1358
5474,235_2020-01-15,235,5,225.0,25;40;50;55;55,503;615;873;1016;1200
5475,235_2020-01-16,235,3,189.0,65;55;69,631;811;1214
5476,235_2020-01-17,235,6,288.0,56;55;85;25;47;20,30;558;705;1125;1228;1319
5477,235_2020-01-18,235,4,213.0,80;60;48;25,659;960;1177;1195
5478,235_2020-01-19,235,3,145.0,15;50;80,1010;1177;1247
5479,235_2020-01-22,235,3,143.0,50;68;25,675;993;1345
5480,235_2020-01-25,235,6,328.0,20;58;70;45;85;50,504;605;745;918;1135;1192
5481,235_2020-01-26,235,3,260.0,80;80;100,711;776;1208
5482,235_2020-01-27,235,3,169.0,68;56;45,865;1086;1260
5483,235_2020-01-29,235,6,256.55,21.64;50;37.66;35;62.25;50,670;670;1067;1067;1192;1192
5484,235_2020-01-30,235,3,147.0,68;55;24,750;1140;1230
5485,235_2020-01-31,235,3,190.0,45;65;80,1106;1190;1290
5486,235_2020-02-01,235,1,60.0,60,1230
5487,235_2020-02-02,235,4,264.0,59;80;80;45,330;760;885;1230
5488,235_2020-02-03,235,5,297.0,78;59;50;45;65,165;610;765;967;1191
5489,235_2020-02-07,235,4,248.0,40;85;45;78,190;705;762;1241
5490,235_2020-02-08,235,4,251.0,55;30;80;86,585;943;1025;1230
5491,235_2020-02-09,235,5,342.0,56;105;68;55;58,660;708;885;1185;1390
5492,235_2020-02-10,235,5,285.0,68;56;30;66;65,570;750;1162;1250;1335
5493,24_2019-07-19,24,5,232.0,22;40;60;20;90,405;690;690;927;1155
5494,24_2019-07-22,24,5,183.0,18;50;40;45;30,410;713;930;1050;1360
5495,24_2019-07-23,24,6,203.0,20;60;16;17;70;20,450;665;888;1016;1155;1299
5496,24_2019-07-26,24,4,205.0,60;5;100;40,725;960;1150;1295
5497,24_2019-07-29,24,5,187.0,30;22;35;60;40,415;605;690;1065;1155
5498,24_2019-07-30,24,6,243.0,22;59;17;5;40;100,420;670;860;890;1035;1200
5499,24_2019-08-02,24,5,137.0,15;25;7;10;80,405;670;870;1075;1180
5500,24_2019-08-03,24,6,182.0,18;22;40;22;60;20,405;585;765;1050;1160;1275
5501,24_2019-08-04,24,4,220.0,60;60;22;78,470;735;1020;1154
5502,24_2019-08-05,24,4,186.0,22;54;50;60,410;670;855;1145
5503,24_2019-08-06,24,5,166.0,22;20;40;40;44,405;573;705;897;1155
5504,24_2019-08-07,24,7,257.0,18;22;50;23;60;20;64,417;480;660;683;900;982;1160
5505,24_2019-08-10,24,6,333.0,60;22;70;37;84;60,410;660;720;960;1155;1203
5506,24_2019-08-11,24,7,200.0,18;27;30;21;64;25;15,420;570;730;930;1070;1195;1290
5507,24_2019-08-12,24,7,167.0,22;15;30;30;22;40;8,450;698;760;840;1013;1150;1215
5508,248_2021-03-04,248,5,163.0,45;45;30;18;25,531;813;1192;1219;1306
5509,248_2021-03-05,248,5,210.74,40;66.34;45;19.4;40,357;767;767;1109;1109
5510,248_2021-03-06,248,8,312.64,26.5;40;66.74;70;17.49;37;28.91;26,345;345;731;731;1145;1145;1153;1153
5511,248_2021-03-07,248,6,309.14,30.06;40;66.4;70;52.68;50,356;356;718;718;1100;1100
5512,248_2021-03-09,248,3,160.0,40;80;40,366;755;1205
5513,248_2021-03-10,248,2,130.0,40;90,432;1200
5514,248_2021-03-11,248,3,180.0,30;90;60,542;690;1104
5515,248_2021-03-12,248,4,200.0,30;90;40;40,364;767;1174;1198
5516,248_2021-03-13,248,3,140.0,30;50;60,416;756;1075
5517,248_2021-03-14,248,7,262.8,20.66;30;37.14;30;80;40;25,360;360;585;585;729;1104;1124
5518,248_2021-03-15,248,3,115.0,30;50;35,392;741;1065
5519,248_2021-03-16,248,3,115.0,25;50;40,357;753;1106
5520,248_2021-03-17,248,2,95.0,50;45,471;1152
5521,248_2021-03-18,248,3,115.0,40;55;20,452;780;1181
5522,248_2021-03-19,248,2,80.0,25;55,346;750
5523,248_2021-03-20,248,4,137.64,25;37.64;45;30,341;746;746;1161
5524,248_2021-03-21,248,5,247.83999999999997,25;106.95;60;25.89;30,355;670;670;1185;1185
5525,248_2021-03-22,248,2,40.0,20;20,350;1153
5526,248_2021-03-23,248,2,65.0,20;45,340;1220
5527,248_2021-03-24,248,1,40.0,40,474
5528,248_2021-03-25,248,3,170.0,60;45;65,552;795;1115
5529,248_2021-03-26,248,3,150.0,20;60;70,345;765;1152
5530,248_2021-03-27,248,4,170.66,20.66;25;60;65,386;386;785;1190
5531,248_2021-03-28,248,3,155.0,25;60;70,355;779;1095
5532,248_2021-03-29,248,3,130.0,25;60;45,345;793;1114
5533,248_2021-03-30,248,3,145.0,25;60;60,335;734;1160
5534,25_2020-08-04,25,4,118.0,15;20;45;38,493;742;1040;1148
5535,25_2020-08-05,25,4,151.0,35;35;36;45,397;761;908;1085
5536,25_2020-08-06,25,5,147.0,35;25;27;45;15,476;705;905;1032;1229
5537,25_2020-08-07,25,3,120.0,35;35;50,469;804;1167
5538,25_2020-08-08,25,4,131.0,40;11;35;45,510;662;835;1106
5539,25_2020-08-09,25,3,105.0,35;25;45,506;712;1145
5540,25_2020-08-10,25,3,125.0,35;45;45,505;767;1102
5541,25_2020-08-11,25,3,85.0,15;25;45,471;708;1075
5542,25_2020-08-12,25,3,125.0,40;40;45,509;731;1014
5543,25_2020-08-13,25,3,131.0,35;56;40,470;714;1096
5544,25_2020-08-14,25,3,150.0,35;40;75,491;731;1099
5545,25_2020-08-15,25,3,100.0,35;30;35,445;743;1019
5546,25_2020-08-16,25,3,140.0,45;35;60,481;851;1036
5547,25_2020-08-17,25,3,145.0,35;45;65,458;672;936
5548,25_2020-08-18,25,3,135.0,40;35;60,483;773;1021
5549,25_2020-08-19,25,3,135.0,40;45;50,511;757;1015
5550,25_2020-08-20,25,3,105.0,35;40;30,499;753;1019
5551,25_2020-08-21,25,3,95.0,35;30;30,511;764;1024
5552,25_2020-08-22,25,3,100.0,35;35;30,464;802;1024
5553,25_2020-08-23,25,3,150.0,60;60;30,440;769;1049
5554,25_2020-08-24,25,3,155.0,60;35;60,499;687;1031
5555,25_2020-08-25,25,3,155.0,60;35;60,484;762;1032
5556,25_2020-08-26,25,4,135.0,30;30;35;40,446;586;768;1070
5557,25_2020-08-27,25,3,115.0,30;40;45,525;730;1056
5558,25_2020-08-28,25,3,100.0,35;30;35,518;742;1055
5559,25_2020-08-29,25,3,100.0,30;30;40,507;801;1059
5560,25_2020-08-30,25,3,125.0,45;30;50,480;769;1017
5561,25_2020-08-31,25,3,110.0,30;30;50,511;735;1042
5562,252_2020-07-31,252,4,206.0,60;80;22;44,474;741;1020;1108
5563,252_2020-08-01,252,7,251.93,44;10;82;22;53;15.93;25,513;581;761;1064;1150;1236;1236
5564,252_2020-08-02,252,4,177.0,48;48;16;65,527;713;889;1124
5565,252_2020-08-05,252,4,162.0,75;40;40;7,470;881;1050;1289
5566,252_2020-08-06,252,3,189.0,48;75;66,480;763;1159
5567,252_2020-08-09,252,4,210.0,48;62;55;45,495;729;993;1114
5568,252_2020-08-12,252,3,235.0,90;25;120,576;870;1050
5569,252_2020-08-13,252,4,197.0,74;51;12;60,510;748;1040;1157
5570,252_2020-08-16,252,5,211.0,48;75;15;18;55,488;757;810;886;1110
5571,252_2020-08-17,252,4,219.0,72;66;16;65,503;753;1050;1139
5572,252_2020-08-18,252,4,182.0,50;18;87;27,577;814;1164;1166
5573,252_2020-08-19,252,4,260.0,60;70;20;110,455;754;800;1065
5574,252_2020-08-20,252,5,316.0,45;42;79;100;50,510;687;815;1106;1140
5575,252_2020-08-23,252,3,191.0,48;78;65,513;761;1189
5576,252_2020-08-24,252,6,283.0,39;45;114;22;50;13,465;716;740;960;1095;1338
5577,252_2020-08-25,252,3,202.0,30;92;80,510;790;1035
5578,252_2020-08-26,252,4,258.0,63;15;40;140,547;750;943;1140
5579,252_2020-08-27,252,5,243.0,54;24;77;15;73,533;658;751;1080;1125
5580,253_2020-05-25,253,3,62.25,10;50.25;2,1164;1393;1393
5581,253_2020-05-26,253,6,91.91,20.25;8;5.95;5;37.71;15,679;679;927;927;1264;1264
5582,253_2020-05-29,253,2,31.0,16;15,1075;1130
5583,253_2020-05-30,253,3,60.0,5;20;35,1114;1208;1350
5584,253_2020-05-31,253,4,56.0,5;20;16;15,1179;1206;1299;1305
5585,253_2020-06-01,253,1,30.0,30,1035
5586,253_2020-06-02,253,4,65.07,5;1.07;7;52,482;930;930;1074
5587,253_2020-06-03,253,4,70.0,25;25;5;15,60;65;908;1236
5588,253_2020-06-04,253,2,80.0,40;40,1030;1030
5589,253_2020-06-06,253,2,35.0,20;15,925;1340
5590,253_2020-06-08,253,2,152.0,142;10,1022;1430
5591,253_2020-06-09,253,4,289.25,50.25;15;79;145,27;27;931;1226
5592,253_2020-06-12,253,2,35.0,10;25,290;1224
5593,253_2020-06-16,253,1,50.0,50,1180
5594,253_2020-06-17,253,3,70.0,25;35;10,960;1004;1206
5595,254_2020-07-02,254,4,133.0,33;35;15;50,338;645;907;1023
5596,254_2020-07-03,254,3,128.0,44;72;12,630;1028;1201
5597,254_2020-07-04,254,7,182.0,32;10;42;8;8;60;22,363;607;745;879;931;1006;1101
5598,254_2020-07-05,254,6,191.0,42;42;15;60;10;22,405;759;827;1026;1237;1297
5599,254_2020-07-11,254,4,191.0,45;60;14;72,424;716;928;1071
5600,254_2020-07-12,254,4,196.0,43;56;15;82,438;761;840;1051
5601,254_2020-07-13,254,4,189.0,42;57;72;18,335;630;994;1170
5602,254_2020-07-15,254,8,341.33000000000004,35.47;42;47.93;65;58.25;72;6.68;14,333;333;634;634;994;994;1230;1230
5603,254_2020-07-18,254,3,187.0,43;72;72,420;725;1020
5604,254_2020-07-19,254,3,187.0,41;72;74,419;750;1050
5605,254_2020-07-25,254,3,186.0,43;76;67,420;672;1065
5606,254_2020-07-27,254,6,349.77,35.47;42;44.56;66;87.74;74,340;340;637;637;996;996
5607,255_2020-04-01,255,4,108.0,40;10;18;40,589;917;1159;1374
5608,255_2020-04-02,255,3,48.0,22;8;18,576;851;1120
5609,255_2020-04-03,255,3,63.0,40;11;12,586;756;1087
5610,255_2020-04-04,255,3,63.0,40;8;15,420;747;1179
5611,255_2020-04-05,255,4,143.0,40;15;8;80,452;741;1183;1347
5612,255_2020-04-06,255,2,30.0,22;8,776;1163
5613,255_2020-04-07,255,3,34.0,6;12;16,468;766;1168
5614,255_2020-04-08,255,3,63.0,40;12;11,446;735;1162
5615,255_2020-04-10,255,3,62.0,4;50;8,585;832;1110
5616,255_2020-04-12,255,3,77.0,50;9;18,424;859;1144
5617,255_2020-04-14,255,2,65.0,40;25,439;743
5618,255_2020-04-16,255,2,53.0,8;45,710;1042
5619,255_2020-04-17,255,2,145.0,57;88,548;994
5620,255_2020-04-19,255,3,109.0,6;28;75,450;1270;1281
5621,255_2020-04-20,255,3,44.0,6;30;8,489;730;1088
5622,255_2020-04-22,255,3,57.0,40;8;9,460;818;1200
5623,255_2020-04-23,255,3,82.0,3;70;9,453;828;1080
5624,255_2020-04-24,255,2,76.0,60;16,673;1077
5625,255_2020-04-25,255,3,51.0,35;8;8,474;737;1176
5626,255_2020-04-26,255,3,40.0,11;11;18,454;740;1170
5627,255_2020-04-28,255,2,109.0,9;100,548;1020
5628,256_2020-12-31,256,8,235.8,20.24;2;107.16;20;35.82;30;10.58;10,478;478;768;768;1091;1091;1215;1215
5629,256_2021-01-03,256,4,97.0,22;10;15;50,505;546;804;1071
5630,256_2021-01-04,256,5,59.0,8;15;6;10;20,522;600;748;990;1056
5631,256_2021-01-05,256,4,70.0,25;10;20;15,564;674;842;1374
5632,256_2021-01-06,256,8,150.82000000000002,44.21;25;3.15;8;31.56;15;13.9;10,544;544;811;811;1085;1085;1131;1131
5633,256_2021-01-07,256,8,177.81,3.99;2;48.6;40;23.83;15;24.39;20,736;736;762;762;1060;1060;1086;1086
5634,256_2021-01-10,256,5,96.0,6;25;20;25;20,573;714;939;1052;1115
5635,256_2021-01-11,256,5,91.0,6;13;24;20;28,512;593;782;1011;1057
5636,256_2021-01-12,256,3,69.0,22;22;25,590;792;1060
5637,256_2021-01-13,256,5,85.0,6;4;25;35;15,465;594;745;1047;1196
5638,256_2021-01-14,256,5,44.0,3;6;10;20;5,482;601;759;1036;1161
5639,256_2021-01-16,256,8,179.76999999999998,2.42;8;29.09;17;31.96;10;56.3;25,434;434;657;657;852;852;1101;1101
5640,256_2021-01-17,256,3,72.0,20;27;25,471;726;1131
5641,256_2021-01-18,256,5,85.0,25;15;10;25;10,492;820;821;962;1080
5642,256_2021-01-19,256,4,74.0,7;15;30;22,452;555;822;1245
5643,256_2021-01-20,256,5,72.0,10;25;10;10;17,558;761;998;1077;1130
5644,256_2021-01-21,256,4,41.0,3;8;10;20,475;766;774;1199
5645,256_2021-01-23,256,8,260.52000000000004,56.96;20;46.39;20;15.7;10;74.47;17,640;640;810;810;864;864;1111;1111
5646,256_2021-01-24,256,5,68.0,20;8;10;20;10,966;967;1031;1155;1245
5647,261_2019-09-18,261,6,187.0,22;32;45;12;53;23,396;437;725;844;1097;1218
5648,261_2019-09-19,261,6,229.0,25;32;40;50;22;60,412;535;686;813;900;1094
5649,261_2019-09-20,261,7,257.0,25;32;28;60;12;65;35,409;578;677;823;843;1114;1249
5650,261_2019-09-25,261,6,217.0,25;32;50;20;60;30,432;533;773;896;1107;1244
5651,261_2019-09-26,261,7,210.0,20;32;45;12;11;50;40,420;538;658;783;902;1156;1238
5652,261_2019-09-27,261,7,194.0,5;20;32;50;12;50;25,384;410;599;716;811;1105;1220
5653,261_2019-09-30,261,6,207.0,25;33;50;12;64;23,415;577;706;801;1101;1202
5654,261_2019-10-01,261,7,217.0,25;33;40;5;11;80;23,397;609;743;845;1095;1120;1294
5655,261_2019-10-02,261,6,180.0,25;15;50;20;40;30,374;415;719;820;1164;1272
5656,261_2019-10-03,261,7,196.0,25;20;70;15;11;40;15,393;535;723;819;1024;1097;1234
5657,261_2019-10-04,261,6,175.0,20;40;40;15;50;10,410;585;708;814;1093;1225
5658,261_2019-10-07,261,6,181.0,25;32;50;12;50;12,423;581;780;850;1145;1230
5659,261_2019-10-08,261,6,175.0,25;30;50;10;50;10,385;619;750;857;1105;1204
5660,261_2019-10-09,261,5,175.0,28;32;50;25;40,340;410;720;838;1131
5661,261_2019-10-10,261,6,189.0,25;32;50;12;50;20,449;605;743;843;1105;1213
5662,261_2019-10-11,261,6,192.0,25;32;50;12;60;13,413;596;706;823;1096;1241
5663,263_2020-04-13,263,3,119.0,15;64;40,368;750;1047
5664,263_2020-04-14,263,4,74.0,25;10;19;20,359;677;797;1207
5665,263_2020-04-15,263,5,155.0,25;30;60;35;5,373;683;755;1089;1220
5666,263_2020-04-16,263,4,110.0,35;15;45;15,373;678;731;795
5667,263_2020-04-17,263,2,40.0,15;25,626;923
5668,263_2020-04-18,263,4,75.0,15;10;38;12,556;579;679;849
5669,263_2020-04-19,263,6,124.0,12;12;15;15;45;25,375;412;631;807;808;1127
5670,263_2020-04-20,263,3,55.0,15;15;25,369;748;1136
5671,263_2020-04-21,263,3,122.0,12;65;45,376;744;1090
5672,263_2020-04-22,263,4,129.0,20;66;40;3,374;720;877;1127
5673,263_2020-04-23,263,3,89.0,5;34;50,378;702;1071
5674,263_2020-04-24,263,2,55.0,30;25,505;1097
5675,263_2020-04-25,263,2,55.0,35;20,514;1059
5676,263_2020-04-26,263,3,85.0,30;50;5,367;696;1212
5677,263_2020-04-27,263,3,49.0,10;24;15,380;742;1082
5678,263_2020-04-28,263,2,80.0,55;25,736;1122
5679,263_2020-04-30,263,3,100.0,15;50;35,436;783;1205
5680,263_2020-05-01,263,3,49.0,10;24;15,646;847;1118
5681,263_2020-05-02,263,2,60.0,15;45,572;1281
5682,263_2020-05-03,263,3,88.0,25;53;10,391;784;1192
5683,263_2020-05-04,263,3,95.0,30;50;15,377;776;1087
5684,263_2020-05-05,263,3,69.0,20;24;25,371;673;1062
5685,263_2020-05-06,263,4,135.0,20;54;16;45,378;677;939;983
5686,263_2020-05-07,263,3,68.0,10;43;15,472;688;1192
5687,263_2020-05-08,263,3,85.0,25;15;45,795;1035;1141
5688,263_2020-05-09,263,1,35.0,35,715
5689,263_2020-05-10,263,2,60.0,30;30,476;695
5690,267_2020-01-31,267,4,139.82,29.82;27;47;36,540;540;769;1092
5691,267_2020-02-01,267,3,116.0,34;28;54,574;770;1072
5692,267_2020-02-02,267,3,74.0,28;30;16,540;690;1140
5693,267_2020-02-03,267,2,38.0,28;10,450;735
5694,267_2020-02-04,267,3,50.0,10;20;20,540;900;1200
5695,267_2020-02-05,267,3,70.0,20;30;20,646;840;1305
5696,267_2020-02-08,267,2,93.0,28;65,458;1183
5697,267_2020-02-09,267,4,119.0,30;25;20;44,390;697;1029;1124
5698,267_2020-02-10,267,3,81.0,28;33;20,270;413;724
5699,267_2020-02-11,267,6,246.41,30.84;22;40.58;18;94.99;40,724;724;802;802;1104;1104
5700,267_2020-02-12,267,6,179.74,29.49;28;25.17;13;74.08;10,495;495;695;695;1179;1179
5701,267_2020-02-13,267,5,89.25999999999999,9.05;30;6.21;14;30,580;580;874;874;1074
5702,267_2020-02-14,267,3,88.0,30;30;28,514;758;1130
5703,267_2020-02-15,267,8,356.21,77.08;33;19.56;1.56;18.01;5;142;60,367;367;719;719;719;719;1073;1073
5704,267_2020-02-17,267,3,60.0,30;10;20,390;700;1151
5705,267_2020-02-18,267,3,107.0,24;28;55,435;726;1084
5706,267_2020-02-19,267,3,82.0,38;8;36,390;1046;1137
5707,267_2020-02-20,267,6,257.26,54.2;24;52.87;36;66.19;24,550;550;775;775;1139;1139
5708,267_2020-02-22,267,3,123.0,38;30;55,546;793;1154
5709,267_2020-02-23,267,5,337.36,97.04;32;30.91;151.41;26,364;364;711;1085;1085
5710,267_2020-02-25,267,3,117.0,23;34;60,525;606;1143
5711,267_2020-02-26,267,2,66.0,34;32,402;743
5712,267_2020-02-27,267,3,77.0,13;20;44,544;873;1095
5713,270_2020-11-01,270,4,117.0,35;12;40;30,735;925;1099;1119
5714,270_2020-11-02,270,4,134.0,20;44;20;50,588;776;1038;1084
5715,270_2020-11-03,270,4,122.0,45;15;22;40,559;722;830;1168
5716,270_2020-11-04,270,4,100.0,20;40;15;25,562;738;940;1080
5717,270_2020-11-05,270,4,110.0,35;35;10;30,641;812;982;1142
5718,270_2020-11-06,270,5,112.0,20;25;25;30;12,681;904;1093;1166;1248
5719,270_2020-11-07,270,4,115.0,20;40;30;25,629;857;1100;1300
5720,270_2020-11-08,270,3,115.0,25;40;50,687;974;1098
5721,270_2020-11-09,270,4,135.0,25;45;25;40,648;842;930;1161
5722,270_2020-11-10,270,4,120.0,25;15;40;40,488;661;755;1113
5723,270_2020-11-11,270,6,167.0,20;25;40;25;22;35,486;616;750;931;1122;1165
5724,270_2020-11-12,270,4,122.0,40;25;35;22,791;920;1103;1266
5725,270_2020-11-13,270,4,110.0,25;20;20;45,633;822;1053;1109
5726,270_2020-11-14,270,4,125.0,30;25;40;30,533;752;949;1174
5727,270_2020-11-15,270,2,60.0,40;20,628;837
5728,270_2020-11-16,270,5,144.0,44;22;20;23;35,679;810;932;1009;1068
5729,270_2020-11-17,270,4,100.0,40;15;25;20,640;749;887;1281
5730,270_2020-11-18,270,4,120.0,40;40;15;25,633;847;1010;1158
5731,270_2020-11-19,270,3,120.0,35;40;45,485;758;1117
5732,270_2020-11-20,270,5,137.0,40;25;22;30;20,631;807;937;1248;1274
5733,270_2020-11-21,270,2,80.0,40;40,657;767
5734,284_2020-12-14,284,4,150.0,5;35;40;70,489;525;726;1064
5735,284_2020-12-15,284,5,153.0,8;15;45;40;45,447;472;768;1064;1229
5736,284_2020-12-16,284,6,215.0,5;20;45;35;65;45,432;506;612;770;1066;1236
5737,284_2020-12-17,284,3,103.0,30;28;45,548;740;1060
5738,284_2020-12-19,284,6,145.0,5;26;35;11;50;18,444;524;750;1020;1122;1258
5739,284_2020-12-20,284,4,142.0,30;32;50;30,489;740;1055;1290
5740,284_2020-12-21,284,5,200.0,5;30;80;50;35,466;502;725;1050;1234
5741,284_2020-12-22,284,7,210.0,5;30;20;35;20;55;45,429;528;710;794;912;1146;1231
5742,284_2020-12-23,284,5,157.0,4;26;50;50;27,435;527;751;1073;1218
5743,284_2020-12-24,284,5,138.01,7.01;5;26;45;55,425;425;485;764;1117
5744,284_2020-12-25,284,4,169.0,30;45;20;74,484;737;870;1070
5745,284_2020-12-26,284,6,165.0,30;20;30;18;40;27,532;652;740;935;1108;1264
5746,284_2020-12-27,284,5,170.0,20;30;20;35;65,499;522;700;736;1017
5747,284_2020-12-28,284,4,155.0,30;35;65;25,481;753;1038;1229
5748,284_2020-12-31,284,3,102.0,27;15;60,431;688;1100
5749,284_2021-01-01,284,4,128.0,10;40;33;45,468;549;777;1114
5750,284_2021-01-02,284,6,148.0,5;25;35;25;40;18,436;478;735;901;1079;1274
5751,284_2021-01-03,284,5,162.0,5;25;30;22;80,469;553;750;967;1111
5752,284_2021-01-06,284,5,146.0,5;32;25;66;18,436;540;766;1100;1257
5753,284_2021-01-07,284,5,188.0,40;50;15;65;18,478;618;894;1064;1234
5754,284_2021-01-08,284,4,125.0,5;35;25;60,445;582;766;1024
5755,284_2021-01-09,284,5,120.0,30;15;20;10;45,538;635;807;970;1076
5756,284_2021-01-10,284,4,150.0,20;25;20;85,482;645;790;1065
5757,288_2021-03-21,288,4,164.0,10;60;70;24,474;619;1102;1127
5758,288_2021-03-22,288,6,202.0,24;38;24;32;24;60,539;547;677;757;882;988
5759,288_2021-03-24,288,4,95.0,10;5;30;50,527;567;853;1132
5760,288_2021-03-25,288,5,114.0,24;30;20;10;30,487;534;817;1138;1147
5761,288_2021-03-27,288,2,45.0,15;30,827;827
5762,288_2021-03-28,288,4,142.0,60;12;30;40,613;788;894;1086
5763,288_2021-03-29,288,4,140.0,10;10;80;40,611;672;835;1173
5764,288_2021-03-30,288,5,185.0,70;20;10;30;55,75;632;750;851;1091
5765,288_2021-03-31,288,5,210.0,10;60;30;60;50,510;592;626;836;1297
5766,288_2021-04-01,288,4,133.0,8;45;30;50,500;778;1026;1315
5767,288_2021-04-02,288,2,30.0,15;15,478;796
5768,288_2021-04-03,288,2,60.0,40;20,551;722
5769,288_2021-04-04,288,2,55.0,5;50,470;1078
5770,288_2021-04-05,288,2,40.0,10;30,674;760
5771,288_2021-04-06,288,5,123.0,10;8;30;35;40,731;812;992;1088;1212
5772,288_2021-04-07,288,5,150.0,10;60;30;30;20,600;698;921;1220;1296
5773,288_2021-04-08,288,4,86.0,10;26;15;35,622;765;888;1167
5774,288_2021-04-09,288,3,43.0,10;15;18,554;773;1185
5775,288_2021-04-10,288,1,33.0,33,719
5776,288_2021-04-11,288,4,165.0,25;10;70;60,488;1090;1090;1175
5777,288_2021-04-12,288,1,50.0,50,1140
5778,288_2021-04-13,288,2,100.0,50;50,637;899
5779,288_2021-04-14,288,3,101.0,40;26;35,543;906;1192
5780,288_2021-04-15,288,3,55.0,10;30;15,584;617;1179
5781,288_2021-04-16,288,4,113.0,10;35;40;28,555;610;829;1115
5782,288_2021-04-17,288,3,70.0,30;30;10,541;699;1191
5783,29_2020-07-28,29,8,250.20999999999998,28.4;20;32.86;20;22.72;15;21.23;90,629;629;880;880;1086;1086;1333;1333
5784,29_2020-07-29,29,4,233.23,48;35.23;35;115,748;962;962;1343
5785,29_2020-07-30,29,3,155.0,16;90;49,861;1054;1320
5786,29_2020-07-31,29,5,203.0,1;38;55;94;15,0;863;1013;1212;1418
5787,29_2020-08-01,29,3,134.0,56;54;24,797;1119;1379
5788,29_2020-08-02,29,6,316.67,22.95;26;31.78;42;93.94;100,723;723;926;926;1310;1310
5789,29_2020-08-04,29,6,301.14,61.8;102;21.04;28;45.3;43,844;844;1034;1034;1145;1145
5790,29_2020-08-05,29,8,254.29,4.11;4;57.05;67;10.07;51;28.06;33,25;25;787;787;1180;1180;1413;1413
5791,29_2020-08-06,29,3,198.0,90;66;42,625;886;1388
5792,29_2020-08-07,29,3,236.0,77;70;89,516;874;1365
5793,29_2020-08-08,29,2,177.0,122;55,840;1334
5794,29_2020-08-09,29,6,273.84000000000003,71.79;76;41.45;21;37.6;26,808;808;842;842;1339;1339
5795,29_2020-08-10,29,8,266.78999999999996,30.06;55;37.48;2;35.48;4;39.77;63,740;740;1117;1117;1117;1117;1345;1345
5796,29_2020-08-11,29,3,178.0,55;58;65,972;1219;1342
5797,29_2020-08-12,29,3,197.0,60;25;112,880;1072;1247
5798,29_2020-08-13,29,2,137.0,68;69,850;1425
5799,29_2020-08-14,29,3,180.0,15;45;120,749;1014;1347
5800,29_2020-08-15,29,3,183.0,112;50;21,813;1330;1360
5801,29_2020-08-16,29,6,266.52,33.97;48;31.77;79;28.78;45,893;893;1328;1328;1401;1401
5802,29_2020-08-18,29,4,149.0,68;45;22;14,747;1217;1425;1439
5803,29_2020-08-19,29,4,244.0,68;10;146;20,769;777;1266;1359
5804,29_2020-08-20,29,2,145.0,125;20,1272;1339
5805,29_2020-08-21,29,3,100.0,45;30;25,1013;1293;1438
5806,29_2020-08-22,29,4,237.0,45;55;112;25,716;910;1300;1371
5807,290_2020-02-19,290,6,70.08,2.09;6;11.67;19;9.32;22,505;505;818;818;1214;1214
5808,290_2020-02-20,290,8,199.26,60.53;20;4.42;15;11.7;8;59.61;20,521;521;842;842;1127;1127;1267;1267
5809,290_2020-02-21,290,6,119.61,2.09;6;35.65;40;13.87;22,570;570;837;837;1164;1164
5810,290_2020-02-22,290,3,93.0,25;40;28,487;860;1309
5811,290_2020-02-24,290,3,56.0,8;20;28,615;922;1264
5812,290_2020-02-25,290,6,93.2,26.99;10;9.84;17;9.37;20,542;542;859;859;1219;1219
5813,290_2020-02-26,290,6,172.18,40.89;15;7.96;15;53.33;40,558;558;824;824;1208;1208
5814,290_2020-02-27,290,6,91.03,55;15;0.59;5;5.44;10,532;532;800;800;1215;1215
5815,290_2020-02-28,290,6,133.2,2.09;6;59.96;15;30.15;20,513;513;822;822;1168;1168
5816,290_2020-02-29,290,3,63.0,8;25;30,506;857;1090
5817,290_2020-03-01,290,3,86.0,20;40;26,558;924;1215
5818,290_2020-03-02,290,3,65.0,15;15;35,533;785;1050
5819,290_2020-03-03,290,2,50.0,25;25,877;1302
5820,290_2020-03-04,290,3,75.0,40;25;10,878;1186;1309
5821,290_2020-03-05,290,6,207.12,55;8;34.09;25;60.03;25,598;598;814;814;1227;1227
5822,290_2020-03-06,290,6,168.64000000000001,61.34;15;30.02;30;12.28;20,477;477;800;800;1220;1220
5823,290_2020-03-07,290,2,65.0,40;25,693;1084
5824,290_2020-03-08,290,3,50.0,5;25;20,539;900;1262
5825,290_2020-03-10,290,6,142.41,55;15;6.2;20;26.21;20,551;551;792;792;1236;1236
5826,290_2020-03-12,290,4,100.0,20;20;30;30,521;860;1018;1202
5827,290_2020-03-13,290,3,39.0,9;15;15,714;852;1087
5828,290_2020-03-14,290,4,90.0,15;15;30;30,517;860;942;1110
5829,290_2020-03-15,290,3,90.0,25;25;40,471;868;1088
5830,290_2020-03-16,290,3,100.0,15;45;40,547;876;975
5831,295_2020-03-25,295,5,130.0,40;20;25;20;25,572;826;943;1163;1216
5832,295_2020-03-28,295,5,142.0,50;17;20;15;40,656;913;1007;1164;1224
5833,295_2020-03-29,295,4,126.0,50;5;45;26,691;1107;1148;1225
5834,295_2020-03-30,295,6,180.0,55;10;20;60;20;15,385;450;673;868;1206;1222
5835,295_2020-04-02,295,6,159.0,60;25;5;30;20;19,587;719;733;930;1257;1378
5836,295_2020-04-03,295,5,124.0,50;12;17;25;20,583;773;994;1280;1376
5837,295_2020-04-04,295,8,343.12,53.75;55;99.72;25;37.62;30;17.03;25,583;583;953;953;1302;1302;1357;1357
5838,295_2020-04-06,295,5,110.0,5;40;15;25;25,567;583;1001;1137;1160
5839,295_2020-04-07,295,6,165.0,30;60;5;15;25;30,642;894;1066;1179;1204;1254
5840,295_2020-04-08,295,3,125.0,55;35;35,642;886;1222
5841,295_2020-04-09,295,3,85.0,5;55;25,647;780;1195
5842,295_2020-04-11,295,8,263.4,17.39;40;16.15;20;71.33;60;8.53;30,596;596;905;905;939;939;1207;1207
5843,295_2020-04-12,295,5,175.0,45;30;25;50;25,617;831;857;1257;1288
5844,295_2020-04-13,295,5,135.0,5;55;20;35;20,556;629;885;1045;1204
5845,295_2020-04-14,295,6,186.0,45;15;55;20;25;26,406;589;852;1190;1192;1285
5846,295_2020-04-15,295,3,110.0,55;20;35,722;933;1228
5847,295_2020-04-18,295,4,145.0,50;30;50;15,631;911;1251;1338
5848,295_2020-04-19,295,4,115.0,50;20;15;30,595;769;814;1156
5849,301_2020-05-29,301,7,98.0,5;3;40;3;25;5;17,535;719;826;1002;1188;1202;1296
5850,301_2020-05-30,301,7,231.0,6;15;35;40;5;100;30,434;544;740;904;1042;1235;1248
5851,301_2020-06-02,301,6,151.0,3;5;45;3;45;50,497;608;746;957;1106;1194
5852,301_2020-06-03,301,5,280.0,10;5;45;80;140,603;657;761;937;1180
5853,301_2020-06-04,301,6,178.0,3;5;30;90;10;40,610;656;750;891;1097;1213
5854,301_2020-06-09,301,4,147.0,5;66;50;26,545;720;1147;1245
5855,301_2020-06-10,301,3,158.0,3;55;100,525;581;1198
5856,301_2020-06-11,301,6,210.0,50;35;35;30;30;30,533;720;955;1025;1191;1259
5857,301_2020-06-12,301,3,175.0,5;90;80,578;758;1216
5858,301_2020-06-13,301,6,128.0,3;5;35;20;20;45,420;544;811;1068;1163;1392
5859,301_2020-06-14,301,4,145.0,5;75;10;55,547;762;1005;1179
5860,301_2020-06-15,301,5,173.0,5;3;60;60;45,537;598;734;739;1184
5861,301_2020-06-16,301,6,252.56,12.34;80;2.18;5;53.04;100,770;770;1007;1007;1181;1181
5862,301_2020-06-18,301,3,180.0,60;45;75,539;698;1208
5863,301_2020-06-19,301,6,108.0,5;5;40;2;30;26,455;561;742;921;1213;1234
5864,301_2020-06-20,301,6,171.0,10;5;60;5;65;26,578;761;955;1002;1184;1314
5865,301_2020-06-21,301,5,156.0,5;25;35;65;26,620;758;948;1152;1269
5866,301_2020-06-22,301,4,195.0,10;45;60;80,565;764;845;1206
5867,301_2020-06-23,301,4,100.0,5;5;20;70,421;544;726;1161
5868,301_2020-06-24,301,4,170.0,45;60;5;60,583;744;1076;1134
5869,304_2019-12-22,304,6,289.98,38.08;35;83.45;20.37;63.08;50,735;735;1217;1217;1217;1217
5870,304_2019-12-23,304,4,212.29000000000002,22.11;30;110.18;50,799;799;1127;1127
5871,304_2019-12-24,304,6,261.90999999999997,46.78;35;60.06;21.48;38.59;60,746;746;1168;1168;1168;1168
5872,304_2019-12-25,304,3,161.47,61.47;40;60,534;534;918
5873,304_2019-12-26,304,2,83.0,48;35,862;1287
5874,304_2019-12-27,304,1,52.0,52,774
5875,304_2019-12-28,304,2,98.0,38;60,653;1290
5876,304_2019-12-29,304,4,179.82,49.01;50;35.81;45,749;749;1050;1050
5877,304_2019-12-30,304,4,132.19,53.59;35;13.6;30,772;772;1311;1311
5878,304_2019-12-31,304,4,124.13,46.32;36;6.81;35,767;767;1294;1294
5879,304_2020-01-01,304,6,291.73,57.13;32;68.81;28.16;40.63;65,478;478;905;905;905;905
5880,304_2020-01-02,304,2,83.0,38;45,593;850
5881,304_2020-01-03,304,2,45.0,15;30,630;1201
5882,304_2020-01-04,304,2,55.0,20;35,660;1150
5883,304_2020-01-05,304,1,38.0,38,692
5884,304_2020-01-12,304,1,30.0,30,1090
5885,304_2020-01-13,304,2,60.0,50;10,600;824
5886,304_2020-01-14,304,2,100.0,50;50,804;1243
5887,304_2020-01-16,304,1,50.0,50,391
5888,306_2020-03-25,306,4,240.0,65;50;90;35,654;931;1194;1438
5889,306_2020-03-26,306,4,210.0,55;60;35;60,586;794;1112;1234
5890,306_2020-03-27,306,5,235.0,15;5;65;60;90,3;163;650;852;1188
5891,306_2020-03-28,306,5,275.0,65;60;35;100;15,658;838;1038;1172;1401
5892,306_2020-03-30,306,5,197.03,2.8;10;1.4;97.83;85,711;711;900;1114;1114
5893,306_2020-03-31,306,6,230.0,25;20;30;80;25;50,41;781;853;893;1064;1244
5894,306_2020-04-02,306,6,255.0,15;65;75;15;70;15,148;672;848;1053;1240;1427
5895,306_2020-04-03,306,4,185.0,25;35;55;70,68;653;861;1230
5896,306_2020-04-04,306,7,295.0,15;20;60;90;20;70;20,27;100;592;846;1129;1270;1336
5897,306_2020-04-05,306,6,255.0,5;60;80;30;50;30,123;576;793;1085;1261;1312
5898,306_2020-04-06,306,5,195.0,25;100;15;35;20,45;843;1070;1258;1373
5899,306_2020-04-07,306,7,255.0,10;40;90;30;15;40;30,227;560;783;1017;1038;1198;1298
5900,306_2020-04-10,306,5,275.0,45;60;40;60;70,188;511;596;743;1139
5901,306_2020-04-11,306,6,310.0,25;35;55;35;70;90,65;118;486;627;783;1220
5902,306_2020-04-12,306,7,305.0,35;30;40;80;20;70;30,28;107;574;775;946;1254;1357
5903,306_2020-04-13,306,6,305.0,25;40;60;90;30;60,59;202;691;867;1034;1323
5904,306_2020-04-14,306,4,190.0,20;60;40;70,688;805;980;1201
5905,306_2020-04-15,306,6,310.0,75;60;50;65;35;25,623;764;898;1250;1308;1410
5906,306_2020-04-16,306,5,230.0,55;20;65;20;70,539;741;813;1009;1264
5907,306_2020-04-19,306,8,285.0,40;15;70;40;15;10;70;25,114;156;593;790;873;1161;1236;1404
5908,306_2020-04-20,306,4,150.0,15;40;35;60,158;787;977;1246
5909,306_2020-04-21,306,5,270.0,45;70;15;80;60,88;696;946;1131;1359
5910,308_2020-11-17,308,4,140.98000000000002,60;15.98;15;50,672;978;978;1011
5911,308_2020-11-18,308,5,191.38,45;21.38;5;60;60,382;633;633;691;1057
5912,308_2020-11-19,308,3,120.0,60;15;45,724;977;1043
5913,308_2020-11-20,308,3,125.0,60;5;60,658;954;1063
5914,308_2020-11-21,308,4,296.77,76.35;45;115.42;60,687;687;1090;1090
5915,308_2020-11-22,308,6,299.72,75.76;50;15.98;15;82.98;60,648;648;795;795;1075;1075
5916,308_2020-11-23,308,2,125.0,45;80,654;1014
5917,308_2020-11-26,308,3,115.0,50;5;60,665;895;1051
5918,308_2020-11-27,308,3,140.0,45;15;80,643;810;1037
5919,308_2020-11-28,308,6,287.40999999999997,76.71;45;15.98;15;74.72;60,667;667;772;772;1128;1128
5920,308_2020-11-29,308,6,308.19,67.11;40;94.6;50;41.48;15,653;653;1056;1056;1134;1134
5921,308_2020-11-30,308,2,105.0,45;60,710;1036
5922,308_2020-12-01,308,6,314.55,93.92;60;19.2;5;86.43;50,667;667;867;867;1058;1058
5923,308_2020-12-02,308,6,356.9,60.32;50;81.6;60;54.98;50,433;433;663;663;1024;1024
5924,308_2020-12-03,308,2,110.0,50;60,658;1059
5925,308_2020-12-04,308,5,150.0,10;50;15;5;70,339;663;870;975;1044
5926,308_2020-12-05,308,3,125.0,50;70;5,670;1053;1139
5927,308_2020-12-06,308,2,125.0,45;80,678;1066
5928,308_2020-12-07,308,2,105.0,45;60,638;1042
5929,308_2020-12-10,308,2,105.0,45;60,682;1084
5930,308_2020-12-11,308,2,105.0,45;60,666;1038
5931,308_2020-12-12,308,2,100.0,45;55,655;1009
5932,308_2020-12-13,308,2,95.0,45;50,640;1008
5933,308_2020-12-14,308,4,237.14,46.78;50;80.36;60,664;664;1075;1075
5934,312_2020-03-28,312,5,194.0,45;8;58;25;58,543;690;768;954;1109
5935,312_2020-03-29,312,4,166.0,45;15;48;58,484;642;684;1111
5936,312_2020-03-30,312,3,147.0,40;50;57,519;716;1096
5937,312_2020-03-31,312,3,149.0,35;57;57,490;748;1162
5938,312_2020-04-03,312,4,193.0,42;57;60;34,505;733;1151;1204
5939,312_2020-04-04,312,3,135.0,38;45;52,533;733;1154
5940,312_2020-04-05,312,3,156.0,38;60;58,486;740;1113
5941,312_2020-04-06,312,3,175.0,59;58;58,495;737;1126
5942,312_2020-04-07,312,3,179.0,60;57;62,467;715;1205
5943,312_2020-04-08,312,3,145.0,45;62;38,565;832;951
5944,312_2020-04-12,312,8,344.55,36.27;55;24.78;3.8;20.97;55;86.73;62,476;476;726;726;726;726;1109;1109
5945,312_2020-04-13,312,3,158.0,45;55;58,483;776;1123
5946,312_2020-04-14,312,3,166.0,50;58;58,536;753;1111
5947,312_2020-04-15,312,4,216.0,55;58;45;58,466;729;940;1152
5948,312_2020-04-16,312,3,167.0,52;57;58,559;747;1115
5949,312_2020-04-17,312,3,182.0,62;62;58,507;765;1149
5950,312_2020-04-18,312,3,167.0,64;45;58,504;726;1112
5951,312_2020-04-19,312,2,90.0,45;45,681;1093
5952,312_2020-04-20,312,3,137.0,40;35;62,469;683;1154
5953,312_2020-04-21,312,3,172.0,64;50;58,487;708;1105
5954,312_2020-04-22,312,4,176.0,35;24;60;57,522;665;706;1126
5955,312_2020-04-23,312,4,185.0,45;30;55;55,512;655;778;1050
5956,313_2020-03-11,313,3,93.0,3;30;60,366;1019;1036
5957,313_2020-03-12,313,4,79.0,20;30;20;9,570;888;1046;1097
5958,313_2020-03-13,313,4,65.0,5;5;20;35,490;685;897;992
5959,313_2020-03-14,313,3,50.0,5;5;40,378;684;1107
5960,313_2020-03-15,313,4,63.0,4;20;30;9,396;1044;1061;1123
5961,313_2020-03-16,313,4,38.0,4;5;20;9,396;732;1091;1122
5962,313_2020-03-17,313,4,32.0,4;4;15;9,376;673;1054;1184
5963,313_2020-03-18,313,4,115.0,4;30;72;9,360;1024;1056;1156
5964,313_2020-03-19,313,4,34.0,4;15;10;5,367;1027;1093;1098
5965,313_2020-03-20,313,3,59.0,4;20;35,367;1051;1086
5966,313_2020-03-21,313,3,38.0,5;24;9,376;1046;1074
5967,313_2020-03-22,313,5,126.0,4;4;12;15;91,389;700;1030;1089;1110
5968,313_2020-03-23,313,3,48.0,20;20;8,683;1030;1067
5969,313_2020-03-24,313,4,49.0,4;16;20;9,371;779;1028;1053
5970,313_2020-03-25,313,3,94.0,4;30;60,359;1038;1054
5971,313_2020-03-26,313,3,84.0,4;20;60,515;1004;1094
5972,313_2020-03-27,313,4,89.0,5;15;60;9,513;812;1016;1068
5973,313_2020-03-28,313,2,34.0,4;30,380;1079
5974,313_2020-03-29,313,5,81.0,4;10;30;30;7,376;679;1013;1039;1078
5975,313_2020-03-30,313,4,75.0,5;5;20;45,362;684;1021;1057
5976,313_2020-03-31,313,5,48.0,4;4;20;10;10,371;686;1039;1041;1076
5977,313_2020-04-01,313,2,90.0,30;60,1005;1095
5978,313_2020-04-02,313,4,82.0,5;17;20;40,479;854;975;1120
5979,313_2020-04-03,313,5,65.0,5;5;20;30;5,458;764;940;1039;1096
5980,313_2020-04-04,313,5,67.0,9;14;20;15;9,390;671;949;1040;1100
5981,313_2020-04-05,313,4,63.0,4;20;30;9,366;1042;1044;1124
5982,313_2020-04-06,313,4,58.0,4;4;20;30,382;800;1009;1088
5983,316_2020-10-20,316,5,169.0,72;30;16;41;10,439;719;876;1095;1252
5984,316_2020-10-21,316,3,154.0,58;45;51,417;750;1073
5985,316_2020-10-22,316,5,211.0,57;57;30;52;15,429;740;1020;1127;1250
5986,316_2020-10-23,316,3,204.0,76;60;68,415;689;1128
5987,316_2020-10-24,316,3,167.0,60;62;45,440;777;1093
5988,316_2020-10-25,316,5,253.0,88;65;35;30;35,433;797;932;1104;1135
5989,316_2020-10-26,316,4,135.0,45;30;15;45,414;731;841;1118
5990,316_2020-10-27,316,3,154.0,44;65;45,438;691;975
5991,316_2020-10-28,316,3,160.0,60;45;55,430;756;1083
5992,316_2020-10-29,316,3,120.0,55;15;50,429;744;1084
5993,316_2020-10-30,316,4,137.0,50;40;30;17,463;703;1191;1324
5994,316_2020-10-31,316,4,162.0,60;40;17;45,457;765;855;1113
5995,316_2020-11-01,316,3,115.0,45;40;30,489;860;1131
5996,316_2020-11-02,316,3,185.0,70;50;65,438;702;1093
5997,316_2020-11-03,316,4,166.0,60;45;19;42,468;736;761;1078
5998,316_2020-11-04,316,3,147.0,60;52;35,436;749;1072
5999,316_2020-11-05,316,4,196.0,45;75;25;51,437;763;921;1115
6000,316_2020-11-06,316,4,180.0,65;45;40;30,459;812;1158;1230
6001,316_2020-11-07,316,4,163.0,50;45;50;18,473;763;1111;1145
6002,316_2020-11-08,316,5,137.0,15;2;45;30;45,418;463;475;765;1119
6003,316_2020-11-09,316,4,147.0,42;60;15;30,502;706;883;1029
6004,316_2020-11-10,316,4,180.0,60;25;45;50,438;713;953;1073
6005,316_2020-11-11,316,3,200.0,75;65;60,435;746;1128
6006,316_2020-11-12,316,4,184.0,45;45;60;34,446;733;1103;1256
6007,316_2020-11-13,316,3,160.0,50;45;65,514;769;1115
6008,316_2020-11-14,316,5,199.0,52;22;30;25;70,415;722;811;974;1137
6009,316_2020-11-15,316,4,209.0,60;34;45;70,466;627;862;1038
6010,316_2020-11-16,316,3,150.0,50;60;40,451;706;1075
6011,317_2019-02-28,317,8,304.17,3.41;8;54.21;68;9.39;24;63.16;74,307;307;387;387;623;623;817;817
6012,317_2019-03-01,317,3,65.0,10;15;40,551;901;1022
6013,317_2019-03-02,317,6,92.0,16;16;16;19;13;12,510;637;851;930;1101;1161
6014,317_2019-03-03,317,3,73.0,18;30;25,494;854;872
6015,317_2019-03-06,317,8,195.15,71.05;30;23.05;10;23.62;30;1.43;6,483;483;1125;1125;1182;1182;1206;1206
6016,317_2019-03-08,317,5,73.0,8;30;8;7;20,441;539;575;777;1191
6017,317_2019-03-09,317,7,133.0,8;8;30;24;10;8;45,435;453;541;644;733;877;1221
6018,317_2019-03-10,317,3,86.0,17;50;19,392;660;1197
6019,317_2019-03-13,317,4,62.0,16;10;24;12,306;486;721;992
6020,317_2019-03-14,317,5,113.0,8;20;45;20;20,305;389;506;687;862
6021,317_2019-03-16,317,3,115.0,20;50;45,507;873;1094
6022,317_2019-03-18,317,8,203.46000000000004,3.41;8;54.52;25;54.52;25;27.01;6,307;307;387;387;673;673;878;878
6023,317_2019-03-19,317,4,97.0,39;20;8;30,390;653;722;1065
6024,317_2019-03-20,317,7,95.0,8;19;8;8;14;8;30,317;397;450;625;777;809;1104
6025,317_2019-03-23,317,4,126.0,11;60;5;50,546;641;816;881
6026,317_2019-03-24,317,6,151.25,40.89;15;54.52;15;7.84;18,414;414;870;870;1161;1161
6027,317_2019-03-26,317,4,92.0,25;9;25;33,380;588;810;975
6028,32_2020-01-20,32,3,120.0,35;30;55,691;859;1343
6029,32_2020-01-21,32,4,147.0,60;50;12;25,689;907;998;1339
6030,32_2020-01-22,32,4,121.0,36;15;30;40,638;753;919;1283
6031,32_2020-01-23,32,5,162.0,35;40;17;30;40,592;791;940;1246;1309
6032,32_2020-01-24,32,6,179.0,40;50;20;33;26;10,493;635;779;844;1275;1344
6033,32_2020-01-25,32,6,152.0,45;45;5;12;15;30,762;909;1146;1229;1350;1385
6034,32_2020-01-26,32,5,142.0,35;22;45;30;10,567;767;873;1201;1221
6035,32_2020-01-27,32,6,158.0,60;6;20;16;20;36,797;887;1000;1092;1307;1382
6036,32_2020-01-28,32,4,106.0,50;28;20;8,705;962;1093;1338
6037,32_2020-01-29,32,5,159.0,54;40;35;25;5,612;806;910;1240;1415
6038,32_2020-01-30,32,6,167.0,40;11;6;50;20;40,634;660;712;937;1201;1371
6039,32_2020-01-31,32,3,51.0,20;6;25,654;976;1252
6040,32_2020-02-01,32,4,110.0,30;40;15;25,592;797;1254;1365
6041,32_2020-02-02,32,5,148.0,36;35;45;10;22,629;890;962;1260;1261
6042,32_2020-02-03,32,5,143.0,25;18;35;40;25,651;746;911;1120;1298
6043,32_2020-02-04,32,4,95.0,15;40;30;10,662;848;1186;1401
6044,32_2020-02-06,32,5,93.0,25;8;15;15;30,707;779;865;1165;1261
6045,32_2020-02-07,32,5,196.0,35;40;80;20;21,621;855;991;1200;1258
6046,32_2020-02-08,32,5,99.0,31;10;10;30;18,718;863;970;1257;1305
6047,32_2020-02-09,32,5,124.0,35;24;30;15;20,688;798;964;1240;1362
6048,32_2020-02-10,32,1,30.0,30,476
6049,32_2020-02-11,32,2,90.0,45;45,832;1093
6050,32_2020-02-12,32,5,121.0,38;15;20;20;28,699;771;969;978;1309
6051,32_2020-02-13,32,5,118.0,20;3;45;30;20,788;840;998;1327;1398
6052,32_2020-02-14,32,6,128.0,40;20;16;20;15;17,708;831;1033;1049;1218;1355
6053,32_2020-02-15,32,5,158.0,35;23;30;30;40,731;934;1164;1195;1396
6054,32_2020-02-16,32,7,158.0,40;12;20;21;40;15;10,686;796;867;907;1240;1365;1431
6055,320_2020-08-15,320,3,74.0,25;40;9,708;1031;1343
6056,320_2020-08-16,320,2,60.0,50;10,899;1243
6057,320_2020-08-17,320,3,105.0,55;40;10,836;1393;1408
6058,320_2020-08-18,320,4,140.0,35;50;25;30,800;814;1217;1228
6059,320_2020-08-19,320,2,100.0,70;30,814;1280
6060,320_2020-08-20,320,2,105.0,50;55,826;1279
6061,320_2020-08-21,320,3,90.0,15;35;40,715;915;1270
6062,320_2020-08-22,320,6,307.44,65.76;30;74.64;45;57.04;35,707;707;984;984;1330;1330
6063,320_2020-08-25,320,6,185.63,70.73;50;22.45;0.38;22.07;20,909;909;1383;1383;1383;1383
6064,320_2020-08-26,320,2,100.0,50;50,949;1314
6065,320_2020-08-27,320,2,70.0,45;25,919;1380
6066,320_2020-08-28,320,2,70.0,20;50,971;1243
6067,320_2020-08-30,320,4,315.76,83.63;45;137.13;50,828;828;1239;1239
6068,320_2020-08-31,320,2,85.0,45;40,956;1292
6069,320_2020-09-01,320,3,75.0,10;25;40,225;898;1196
6070,320_2020-09-02,320,2,40.0,15;25,697;1218
6071,320_2020-09-04,320,3,45.0,10;20;15,88;870;1357
6072,320_2020-09-05,320,4,116.68,39.34;30;37.34;10,850;850;1290;1290
6073,320_2020-09-06,320,1,45.0,45,842
6074,320_2020-09-07,320,3,120.0,40;20;60,18;888;1202
6075,320_2020-09-08,320,2,75.0,40;35,1050;1361
6076,320_2020-09-09,320,4,135.0,45;10;40;40,675;908;1060;1373
6077,320_2020-09-10,320,2,60.0,20;40,709;1245
6078,320_2020-09-11,320,2,85.0,40;45,691;1264
6079,323_2019-08-18,323,4,113.0,28;30;10;45,438;750;758;1083
6080,323_2019-08-20,323,7,224.99,35.12;30;63.13;45;11.74;10;30,516;516;850;850;1063;1063;1155
6081,323_2019-08-21,323,3,100.0,40;40;20,489;830;1175
6082,323_2019-08-22,323,2,45.0,20;25,551;783
6083,323_2019-08-23,323,1,55.0,55,1141
6084,323_2019-08-24,323,1,40.0,40,546
6085,329_2019-10-14,329,8,277.4,23.59;38;44.49;55;26.9;24;10.42;55,605;605;811;811;980;980;1253;1253
6086,329_2019-10-15,329,8,340.1,24.83;0.9;23.93;43;42.33;71;49.11;85,424;424;424;424;741;741;1106;1106
6087,329_2019-10-16,329,3,120.0,20;30;70,510;607;907
6088,329_2019-10-17,329,1,35.0,35,437
6089,329_2019-10-25,329,4,201.0,66;40;30;65,567;733;769;1276
6090,329_2019-10-26,329,2,110.0,40;70,573;829
6091,334_2019-11-22,334,8,280.04,48.92;58;6.47;5;53.34;45;21.31;42,733;733;1134;1134;1163;1163;1237;1237
6092,334_2019-11-25,334,4,253.0,68;56;93;36,621;846;1178;1246
6093,334_2019-11-26,334,5,273.0,68;22;70;73;40,560;760;897;1219;1423
6094,334_2019-11-27,334,2,122.0,60;62,608;1236
6095,334_2019-11-30,334,5,299.0,58;62;40;85;54,673;853;1064;1186;1348
6096,334_2019-12-04,334,7,282.0,68;18;42;50;32;32;40,538;731;851;895;1101;1163;1168
6097,334_2019-12-05,334,2,102.0,38;64,163;591
6098,334_2019-12-06,334,4,216.0,28;70;90;28,623;887;1255;1342
6099,334_2019-12-09,334,3,173.0,68;5;100,528;960;1227
6100,334_2019-12-10,334,5,236.0,68;29;98;18;23,585;724;1160;1358;1420
6101,334_2019-12-11,334,6,214.0,68;29;5;15;69;28,534;727;908;960;1222;1292
6102,334_2019-12-13,334,3,130.0,5;5;120,615;898;1172
6103,334_2019-12-14,334,3,172.0,25;28;119,645;788;1165
6104,334_2019-12-17,334,6,271.0,65;68;5;18;50;65,578;717;885;1022;1163;1276
6105,334_2019-12-18,334,3,120.0,45;5;70,735;960;1200
6106,336_2019-08-11,336,6,144.87,7.52;7;28.58;60;7.77;34,562;562;756;756;1026;1026
6107,336_2019-08-12,336,8,346.97,33.18;35;84.44;3.77;80.67;55;29.91;25,502;502;729;729;729;729;1106;1106
6108,336_2019-08-13,336,4,138.0,35;28;35;40,626;809;1064;1195
6109,336_2019-08-14,336,8,282.04,2.39;7;73.4;70;13.72;20;65.53;30,551;551;761;761;920;920;1163;1163
6110,336_2019-08-15,336,6,121.19,24.29;35;18.45;0.01;18.44;25,663;663;1051;1051;1051;1051
6111,336_2019-08-16,336,5,164.0,43;28;33;40;20,554;770;888;1040;1412
6112,336_2019-08-17,336,3,96.0,7;55;34,515;766;1012
6113,336_2019-08-20,336,4,142.0,50;40;30;22,590;809;1130;1273
6114,336_2019-08-22,336,8,211.76,2.39;7;52.03;3.46;48.57;50;28.31;20,560;560;716;716;716;716;1158;1158
6115,336_2019-08-23,336,4,96.0,7;30;19;40,597;718;959;1102
6116,336_2019-08-24,336,4,108.0,50;7;26;25,578;793;825;1064
6117,336_2019-08-26,336,8,288.94,55.07;50;10.35;15;21.4;24;68.12;45,588;588;796;796;903;903;1072;1072
6118,336_2019-08-27,336,2,42.0,7;35,610;1186
6119,336_2019-08-28,336,4,110.0,7;50;33;20,550;787;1065;1255
6120,336_2019-08-29,336,3,160.0,50;50;60,496;765;1100
6121,336_2019-08-30,336,4,77.0,30;7;20;20,563;823;858;1381
6122,336_2019-08-31,336,4,123.0,35;45;10;33,521;730;1072;1324
6123,336_2019-09-01,336,6,186.91,3.08;7;53.81;40;58.02;25,533;533;743;743;1104;1104
6124,336_2019-09-03,336,4,102.0,7;35;15;45,573;815;1036;1166
6125,336_2019-09-04,336,4,84.0,7;25;22;30,587;852;966;1097
6126,336_2019-09-05,336,3,92.0,7;25;60,459;758;1119
6127,336_2019-09-06,336,4,122.0,7;65;30;20,478;800;1062;1316
6128,336_2019-09-07,336,3,100.0,40;25;35,535;872;1124
6129,34_2021-01-18,34,4,149.0,19;48;37;45,498;646;836;1211
6130,34_2021-01-19,34,6,166.99,54;38;13;9.99;10;42,457;703;939;1075;1075;1202
6131,34_2021-01-20,34,6,149.0,19;34;40;11;14;31,420;550;703;780;984;1175
6132,34_2021-01-21,34,5,118.0,30;6;35;13;34,474;666;765;892;1097
6133,34_2021-01-22,34,5,125.0,14;25;33;20;33,415;497;697;831;1168
6134,34_2021-01-23,34,5,150.0,58;35;11;32;14,445;766;903;1076;1184
6135,34_2021-01-24,34,4,156.0,27;9;65;55,571;750;917;1124
6136,34_2021-01-25,34,4,130.0,34;8;59;29,562;674;792;1144
6137,34_2021-01-26,34,5,111.0,19;19;41;13;19,409;554;724;1000;1194
6138,34_2021-01-27,34,5,155.0,60;14;11;10;60,586;719;913;980;1175
6139,34_2021-01-28,34,5,108.0,19;18;15;13;43,406;511;728;908;1171
6140,34_2021-01-29,34,5,126.0,22;28;38;33;5,495;655;760;1183;1245
6141,34_2021-01-30,34,4,115.0,31;16;30;38,456;577;742;1147
6142,34_2021-01-31,34,3,125.0,44;43;38,565;834;1168
6143,34_2021-02-01,34,4,137.0,29;33;42;33,669;868;1125;1270
6144,34_2021-02-02,34,5,153.0,28;39;28;5;53,464;725;940;1051;1228
6145,34_2021-02-03,34,5,98.0,28;30;14;8;18,535;649;867;939;1123
6146,34_2021-02-04,34,8,260.69,56.56;49;15.3;14;36.32;43;10.51;36,436;436;585;585;758;758;1123;1123
6147,34_2021-02-05,34,8,339.45,15.59;53;64.92;50;49.92;13;49.02;44,485;485;737;737;877;877;1214;1214
6148,34_2021-02-06,34,7,165.0,40;19;55;6;5;22;18,464;586;701;815;855;1095;1149
6149,34_2021-02-07,34,6,152.0,59;9;34;14;23;13,555;705;798;963;1231;1264
6150,34_2021-02-08,34,6,161.0,41;20;16;13;53;18,595;694;896;919;1170;1270
6151,34_2021-02-09,34,4,102.0,14;29;35;24,420;695;959;1158
6152,34_2021-02-10,34,6,143.0,14;38;33;11;19;28,415;458;672;720;1020;1200
6153,34_2021-02-13,34,4,83.0,14;5;14;50,405;465;827;1063
6154,34_2021-02-14,34,5,106.0,41;22;10;14;19,581;648;910;1003;1240
6155,341_2020-08-31,341,6,122.38,11;20;21.38;21;40;9,510;734;905;905;1112;1203
6156,341_2020-09-01,341,4,102.0,11;35;11;45,513;716;900;1111
6157,341_2020-09-02,341,4,79.0,20;7;17;35,510;751;902;1108
6158,341_2020-09-03,341,5,133.0,11;35;12;60;15,525;719;900;1089;1241
6159,341_2020-09-04,341,5,88.0,11;5;10;45;17,514;704;894;1110;1217
6160,341_2020-09-05,341,5,137.0,11;22;9;50;45,513;792;1054;1090;1162
6161,341_2020-09-06,341,3,110.0,35;15;60,548;903;1111
6162,341_2020-09-07,341,4,97.0,11;15;21;50,527;720;885;1140
6163,341_2020-09-08,341,4,101.0,11;35;35;20,520;722;1122;1184
6164,341_2020-09-09,341,4,111.0,11;30;35;35,540;727;1018;1149
6165,341_2020-09-10,341,4,106.0,11;30;20;45,570;836;958;1080
6166,341_2020-09-11,341,5,141.0,11;45;15;45;25,510;718;902;1106;1184
6167,341_2020-09-12,341,4,125.0,25;25;50;25,527;804;1034;1186
6168,341_2020-09-13,341,5,160.0,30;45;15;60;10,541;720;840;1051;1170
6169,341_2020-09-14,341,5,135.0,11;40;20;45;19,540;737;891;1117;1247
6170,341_2020-09-15,341,5,136.0,11;40;25;15;45,510;720;795;898;1133
6171,341_2020-09-16,341,4,110.0,11;19;35;45,509;626;750;1111
6172,341_2020-09-17,341,4,135.0,11;35;60;29,519;784;1110;1226
6173,341_2020-09-18,341,4,96.0,11;35;5;45,513;725;937;1126
6174,341_2020-09-19,341,5,131.0,11;10;60;45;5,480;705;885;1157;1257
6175,341_2020-09-20,341,4,121.0,11;20;30;60,510;645;872;1080
6176,341_2020-09-21,341,5,133.0,11;35;22;50;15,515;720;900;1080;1212
6177,341_2020-09-22,341,5,126.0,11;35;20;45;15,514;726;912;1083;1224
6178,341_2020-09-24,341,8,223.57,8.2;11;26.47;40;17.1;20;55.8;45,490;490;714;714;929;929;1100;1100
6179,341_2020-09-25,341,3,101.0,11;30;60,482;737;1170
6180,341_2020-09-26,341,4,83.0,11;7;20;45,555;855;915;1200
6181,341_2020-09-27,341,4,156.0,11;65;35;45,537;725;920;1080
6182,349_2019-06-28,349,8,214.32999999999998,11.65;3.64;8.01;35;24.58;26;75.45;30,3;3;3;3;660;660;932;932
6183,349_2019-06-29,349,4,62.07,2.34;5;29.73;25,729;729;1248;1248
6184,349_2019-06-30,349,2,45.0,5;40,781;1221
6185,349_2019-07-03,349,5,78.0,5;19;5;9;40,18;516;738;884;1289
6186,349_2019-07-04,349,4,77.37,21.18;0.78;20.41;35,1259;1259;1259;1259
6187,349_2019-07-05,349,3,88.53,33.53;15;40,705;705;1328
6188,349_2019-07-07,349,1,35.0,35,724
6189,349_2019-07-09,349,1,40.0,40,810
6190,349_2019-07-12,349,4,119.74000000000001,29.81;30;39.93;20,648;648;1189;1189
6191,349_2019-07-14,349,2,39.6,14.6;25,651;651
6192,349_2019-07-16,349,3,78.0,18;35;25,716;884;1274
6193,349_2019-07-21,349,1,50.0,50,820
6194,349_2019-07-22,349,2,70.0,35;35,809;1288
6195,349_2019-07-23,349,2,45.0,5;40,804;1177
6196,349_2019-07-25,349,2,71.44,36.44;35,1332;1332
6197,352_2019-10-20,352,4,210.0,20;25;45;120,533;581;822;1120
6198,352_2019-10-21,352,5,300.0,60;45;30;15;150,532;774;812;863;1110
6199,352_2019-10-24,352,7,305.0,20;25;15;65;90;45;45,480;614;795;848;1120;1320;1350
6200,352_2019-10-27,352,6,325.0,20;25;100;45;15;120,521;642;772;1120;1184;1392
6201,352_2019-10-28,352,4,225.0,60;45;75;45,590;847;1110;1289
6202,352_2019-10-31,352,6,280.0,20;20;45;45;90;60,479;653;800;836;1114;1405
6203,352_2019-11-03,352,7,345.0,35;20;25;40;45;90;90,3;497;600;770;838;1087;1380
6204,352_2019-11-04,352,4,340.0,60;90;90;100,592;818;1100;1320
6205,352_2019-11-05,352,4,260.0,60;90;20;90,615;861;964;1131
6206,352_2019-11-06,352,6,320.0,60;20;25;45;50;120,2;490;593;821;937;1330
6207,352_2019-11-07,352,6,185.0,20;25;45;20;45;30,494;622;790;1192;1320;1380
6208,352_2019-11-08,352,6,330.0,20;25;20;45;120;100,507;704;820;877;1080;1350
6209,352_2019-11-09,352,8,250.0,20;20;25;20;20;35;90;20,430;550;738;839;904;937;1089;1425
6210,352_2019-11-10,352,5,310.0,20;20;45;45;180,420;518;800;830;1080
6211,352_2019-11-12,352,5,355.0,100;50;45;40;120,613;620;870;906;1067
6212,354_2020-10-29,354,4,148.0,20;28;70;30,521;837;1037;1114
6213,354_2020-10-30,354,4,155.0,55;10;45;45,458;646;734;1187
6214,354_2020-10-31,354,4,107.0,10;12;50;35,488;508;729;1120
6215,354_2020-11-01,354,5,125.0,40;30;15;5;35,419;728;801;889;1147
6216,354_2020-11-02,354,5,142.0,55;40;4;35;8,480;739;877;1200;1302
6217,354_2020-11-03,354,4,128.0,45;3;30;50,417;729;730;1134
6218,354_2020-11-04,354,4,160.0,75;40;25;20,571;1060;1243;1303
6219,354_2020-11-05,354,5,200.0,40;35;30;60;35,585;753;864;1000;1110
6220,354_2020-11-06,354,4,145.0,40;50;15;40,500;735;840;1202
6221,354_2020-11-07,354,6,140.0,6;25;45;4;50;10,557;633;793;1039;1132;1163
6222,354_2020-11-08,354,4,175.0,40;50;10;75,420;726;736;1143
6223,354_2020-11-09,354,4,150.0,35;60;45;10,478;735;1194;1260
6224,354_2020-11-10,354,4,215.0,35;55;95;30,426;735;1140;1168
6225,354_2020-11-11,354,4,160.0,35;30;65;30,581;840;1092;1144
6226,354_2020-11-12,354,7,186.0,55;10;6;60;10;30;15,396;651;773;944;982;1025;1224
6227,354_2020-11-13,354,3,175.0,40;75;60,473;719;1163
6228,354_2020-11-14,354,5,165.0,45;10;40;40;30,517;543;777;1070;1171
6229,354_2020-11-15,354,4,157.0,55;55;12;35,430;725;1140;1172
6230,354_2020-11-16,354,3,120.0,40;35;45,476;730;1154
6231,354_2020-11-17,354,5,200.0,55;50;45;40;10,450;720;1162;1230;1362
6232,354_2020-11-18,354,6,225.0,60;20;30;20;75;20,481;533;731;884;1131;1203
6233,354_2020-11-19,354,6,160.0,30;10;45;15;50;10,502;676;721;855;1094;1128
6234,354_2020-11-20,354,4,195.0,45;75;45;30,466;731;1194;1261
6235,354_2020-11-21,354,5,165.0,45;45;10;35;30,479;731;800;1032;1110
6236,354_2020-11-22,354,4,143.0,45;8;45;45,427;533;721;1134
6237,354_2020-11-23,354,4,162.0,50;45;60;7,505;736;1280;1320
6238,354_2020-11-24,354,5,178.0,35;18;60;25;40,459;459;735;840;1201
6239,354_2020-11-25,354,4,110.0,45;15;20;30,540;720;867;1100
6240,355_2021-01-03,355,8,132.91,8.91;8;25;15;2;30;14;30,462;462;498;620;836;971;1106;1179
6241,355_2021-01-04,355,5,93.0,12;28;20;18;15,524;742;773;1102;1177
6242,355_2021-01-05,355,5,63.0,10;2;18;5;28,493;621;892;966;1079
6243,355_2021-01-07,355,6,113.4,1.81;3;45.59;30;15;18,397;397;758;758;1137;1137
6244,355_2021-01-08,355,4,61.0,5;18;10;28,415;755;990;1155
6245,355_2021-01-09,355,4,83.0,5;28;20;30,422;765;1057;1187
6246,355_2021-01-10,355,4,82.0,10;18;24;30,511;581;834;1209
6247,355_2021-01-13,355,4,76.0,16;26;8;26,627;743;957;1177
6248,355_2021-01-14,355,4,77.0,6;28;15;28,418;776;1115;1142
6249,355_2021-01-15,355,4,73.0,4;27;14;28,415;744;1021;1124
6250,355_2021-01-16,355,8,148.0,1.81;7;49.23;28;12.35;20;19.61;10,418;418;731;731;1130;1130;1193;1193
6251,355_2021-01-18,355,5,92.0,8;24;24;18;18,590;804;832;1160;1220
6252,355_2021-01-19,355,5,79.0,14;5;18;17;25,615;691;809;918;1124
6253,355_2021-01-20,355,3,57.0,6;24;27,361;750;1158
6254,355_2021-01-23,355,5,87.0,8;15;18;18;28,520;580;737;892;1110
6255,355_2021-01-24,355,5,66.0,10;3;16;22;15,544;626;791;1202;1298
6256,355_2021-01-27,355,3,60.0,8;22;30,434;771;1109
6257,355_2021-01-28,355,4,77.0,8;24;20;25,405;759;1163;1185
6258,355_2021-01-29,355,6,101.0,9;18;20;12;28;14,529;604;744;889;1123;1226
6259,355_2021-01-30,355,3,47.0,2;25;20,416;737;1194
6260,356_2020-07-19,356,3,30.0,5;12;13,740;1166;1242
6261,356_2020-07-21,356,2,35.0,10;25,754;1113
6262,356_2020-07-24,356,2,40.0,35;5,511;1247
6263,356_2020-07-25,356,2,30.0,20;10,601;1142
6264,356_2020-07-27,356,2,35.0,25;10,796;996
6265,356_2020-08-01,356,3,33.0,5;11;17,685;1017;1189
6266,364_2020-07-03,364,4,47.0,12;5;12;18,588;788;1054;1178
6267,364_2020-07-04,364,4,34.43,3;6.43;10;15,436;630;721;1000
6268,364_2020-07-05,364,6,80.17,12.18;6;9.47;10;30.52;12,439;439;774;774;1052;1052
6269,364_2020-07-06,364,6,96.58,0.2;5;13.01;10;50.37;18,405;405;860;860;1026;1026
6270,364_2020-07-10,364,6,67.45,9.34;9;7.94;2;23.17;16,413;413;647;647;1016;1016
6271,364_2020-07-11,364,8,134.45999999999998,4.93;3;17.56;10;5.42;5;78.55;10,423;423;603;603;825;825;1003;1003
6272,364_2020-07-12,364,7,83.01,6.23;8;13.19;15;25.59;10;5,435;435;608;608;886;886;1065
6273,364_2020-07-13,364,6,73.00999999999999,11.78;10;18.24;8;14.99;10,547;547;900;900;1035;1035
6274,364_2020-07-14,364,3,43.0,5;20;18,455;615;1045
6275,364_2020-07-15,364,3,55.0,15;10;30,730;1008;1075
6276,364_2020-07-16,364,4,41.0,10;6;10;15,495;720;840;1020
6277,364_2020-07-18,364,7,82.89,2.89;30.89;15;3.69;5;10.42;15,457;668;668;904;904;1040;1040
6278,364_2020-07-19,364,6,69.73,10.7;12;13.01;15;4.02;15,388;388;691;691;979;979
6279,364_2020-07-21,364,2,45.0,30;15,720;1010
6280,364_2020-07-23,364,3,34.0,4;15;15,430;665;1025
6281,364_2020-07-25,364,9,123.46000000000001,4.24;21.14;15;33.61;12;19.94;10;2.53;5,434;743;743;1035;1035;1145;1145;1150;1150
6282,364_2020-07-26,364,5,45.0,8;11;10;8;8,437;662;900;1170;1194
6283,364_2020-07-27,364,4,46.0,2;20;4;20,455;720;934;1025
6284,364_2020-07-28,364,4,59.0,29;12;12;6,430;539;665;1027
6285,367_2019-11-12,367,4,110.0,45;35;15;15,639;791;1011;1260
6286,367_2019-11-13,367,3,105.0,10;30;65,564;750;1110
6287,367_2019-11-14,367,3,90.0,65;5;20,600;1124;1329
6288,367_2019-11-15,367,6,138.64999999999998,30.24;35;12.43;25;20.98;15,676;676;877;877;1018;1018
6289,367_2019-11-16,367,9,230.0,50.25;40;18.24;25;33.25;0.28;32.98;15;15,699;699;1041;1041;1113;1113;1113;1113;1380
6290,367_2019-11-17,367,3,102.0,45;22;35,681;1048;1240
6291,367_2019-11-18,367,3,85.0,25;45;15,669;1011;1264
6292,367_2019-11-19,367,8,347.05,37.6;30;21.92;15;99.37;75;43.16;25,611;611;870;870;1116;1116;1340;1340
6293,367_2019-11-21,367,6,124.27,27.08;20;23.97;15;13.22;25,839;839;1025;1025;1227;1227
6294,367_2019-11-23,367,4,113.0,20;45;28;20,616;763;1138;1276
6295,367_2019-11-24,367,3,105.0,20;10;75,675;810;1236
6296,367_2019-11-25,367,3,65.0,30;10;25,690;948;1283
6297,367_2019-11-26,367,4,165.0,35;65;20;45,604;778;1030;1190
6298,367_2019-11-27,367,6,296.5,45.79;35;39.67;45;76.04;55,610;610;929;929;1193;1193
6299,367_2019-11-28,367,6,229.07999999999998,6.17;10;60.68;15;92.23;45,634;634;943;943;1260;1260
6300,367_2019-11-29,367,5,190.0,35;50;55;30;20,668;1041;1152;1258;1358
6301,367_2019-11-30,367,4,115.0,30;20;35;30,704;777;968;1165
6302,367_2019-12-01,367,3,110.0,20;45;45,742;909;1012
6303,367_2019-12-02,367,2,95.0,50;45,729;1017
6304,367_2019-12-03,367,8,180.89000000000001,17.98;15;6.11;10;26.87;6;63.93;35,516;516;736;736;774;774;1101;1101
6305,367_2019-12-05,367,3,55.0,5;15;35,590;1090;1211
6306,367_2019-12-06,367,2,110.0,45;65,743;1110
6307,37_2021-01-22,37,8,326.0,68;23;15;16;23;55;45;81,679;775;788;795;899;1057;1072;1185
6308,37_2021-01-23,37,6,286.0,43;75;45;83;30;10,725;1018;1037;1184;1205;1242
6309,37_2021-01-24,37,3,143.0,43;55;45,679;1013;1040
6310,37_2021-01-29,37,6,224.0,63;28;16;45;15;57,676;763;811;886;930;1329
6311,37_2021-01-30,37,6,290.0,43;25;60;45;87;30,684;899;1037;1050;1242;1359
6312,37_2021-01-31,37,5,243.0,40;38;45;80;40,698;888;1012;1274;1290
6313,37_2021-02-03,37,4,185.0,50;30;55;50,702;1059;1080;1206
6314,37_2021-02-04,37,6,263.0,53;42;20;50;87;11,691;748;805;1016;1029;1039
6315,37_2021-02-06,37,6,340.0,60;45;50;35;80;70,812;961;1035;1063;1198;1225
6316,37_2021-02-07,37,5,208.0,55;15;23;70;45,700;774;859;1038;1064
6317,37_2021-02-11,37,5,185.0,50;25;15;45;50,695;814;1033;1054;1184
6318,37_2021-02-14,37,5,205.0,55;15;20;70;45,708;778;792;1012;1034
6319,372_2019-11-23,372,8,292.87,36.76;45;57.82;48;25.49;30;27.8;22,741;741;1018;1018;1082;1082;1274;1274
6320,372_2019-11-25,372,6,144.0,31;15;30;30;20;18,534;684;813;1011;1101;1395
6321,372_2019-11-27,372,8,317.24,68.9;40;31.32;35;39.22;30;42.8;30,647;647;764;764;969;969;1081;1081
6322,372_2019-11-28,372,6,207.0,45;30;30;30;42;30,698;780;985;1080;1088;1296
6323,372_2019-11-29,372,4,108.0,35;25;40;8,565;760;1065;1251
6324,372_2019-11-30,372,6,167.0,15;30;35;17;40;30,3;735;964;1033;1105;1386
6325,372_2019-12-03,372,4,135.0,60;20;20;35,740;900;1114;1331
6326,372_2019-12-06,372,4,136.0,31;35;45;25,589;795;870;1100
6327,372_2019-12-07,372,5,160.0,30;50;35;25;20,735;870;1110;1230;1322
6328,372_2019-12-10,372,6,151.0,20;25;8;49;19;30,600;733;747;954;1060;1230
6329,372_2019-12-11,372,6,210.0,40;30;25;65;20;30,665;794;1008;1060;1200;1290
6330,372_2019-12-12,372,7,267.0,40;45;12;30;45;35;60,525;669;778;857;1065;1203;1290
6331,372_2019-12-13,372,6,183.0,30;45;25;30;8;45,729;841;1050;1075;1320;1351
6332,372_2019-12-14,372,5,141.0,22;30;29;30;30,746;778;1110;1246;1314
6333,372_2019-12-17,372,5,180.0,35;30;35;60;20,570;854;915;1130;1423
6334,372_2019-12-18,372,6,187.0,5;47;45;15;40;35,720;899;1085;1159;1287;1287
6335,372_2019-12-19,372,5,145.0,40;30;30;25;20,525;567;830;1070;1368
6336,372_2019-12-20,372,6,156.0,30;18;38;35;15;20,677;768;1030;1060;1218;1342
6337,374_2019-12-04,374,3,94.0,24;35;35,386;820;1190
6338,374_2019-12-05,374,3,100.0,20;50;30,375;810;1215
6339,374_2019-12-07,374,5,156.65,21.15;35;45;25.5;30,401;401;799;1199;1199
6340,374_2019-12-08,374,4,83.0,8;25;15;35,378;415;748;1210
6341,374_2019-12-09,374,8,251.66000000000003,16.81;20;26.11;30;59.37;5.26;54.11;40,443;443;798;798;1232;1232;1232;1232
6342,374_2019-12-10,374,8,319.85,23.31;20;60.25;45;33.53;45;62.76;30,544;544;816;816;1217;1217;1287;1287
6343,374_2019-12-11,374,3,95.0,30;25;40,426;773;1248
6344,374_2019-12-12,374,3,69.0,20;9;40,526;638;1261
6345,374_2019-12-13,374,8,210.43,11.8;17;55.77;40;6.99;10;28.87;40,466;466;764;764;1014;1014;1195;1195
6346,374_2019-12-15,374,4,115.0,15;35;40;25,407;684;1218;1296
6347,374_2019-12-16,374,2,63.0,18;45,360;1221
6348,374_2019-12-17,374,8,253.17000000000002,23.42;15;41.79;30;41.22;35;41.74;25,476;476;759;759;1176;1176;1243;1243
6349,374_2019-12-18,374,6,176.63,20.88;15;58.84;30;16.91;35,373;373;719;719;1183;1183
6350,374_2019-12-19,374,3,75.0,20;10;45,412;530;706
6351,374_2019-12-20,374,4,117.0,20;2;50;45,410;632;734;1191
6352,374_2019-12-21,374,5,132.0,20;40;15;45;12,390;879;1071;1186;1297
6353,374_2019-12-22,374,3,110.0,15;50;45,392;1008;1179
6354,374_2019-12-23,374,3,112.0,22;55;35,487;720;1195
6355,374_2019-12-25,374,6,176.3,15.44;15;28.16;40;57.7;20,404;404;714;714;1205;1205
6356,374_2019-12-26,374,4,88.0,15;26;7;40,389;714;1074;1218
6357,374_2019-12-27,374,3,95.0,20;50;25,396;731;1210
6358,374_2019-12-28,374,3,115.0,30;45;40,570;855;1205
6359,374_2019-12-29,374,4,130.0,15;60;15;40,423;747;795;1200
6360,378_2020-09-23,378,3,108.0,24;24;60,788;907;1063
6361,378_2020-09-24,378,3,105.0,35;30;40,708;909;1174
6362,378_2020-09-25,378,4,136.0,10;45;16;65,545;718;991;1143
6363,378_2020-09-26,378,3,99.0,15;24;60,733;1004;1076
6364,378_2020-09-29,378,4,192.0,65;30;32;65,595;852;905;1197
6365,378_2020-10-01,378,8,337.35,28.28;40;11.56;25;83.73;28.26;55.52;65,717;717;1021;1021;1156;1156;1156;1156
6366,378_2020-10-02,378,3,128.0,49;24;55,724;922;1125
6367,378_2020-10-03,378,8,251.51999999999998,16.25;15;25.93;30;26.74;24;83.6;30,385;385;712;712;962;962;1162;1162
6368,378_2020-10-04,378,8,266.08,2.73;8;85.34;25;50.02;5.87;44.12;45,381;381;772;772;1200;1200;1200;1200
6369,378_2020-10-05,378,4,99.0,8;8;35;48,386;714;930;1115
6370,378_2020-10-06,378,3,129.0,35;24;70,818;975;1151
6371,378_2020-10-07,378,7,158.0,15;26;18;20;9;15;55,599;753;886;978;1014;1115;1168
6372,378_2020-10-08,378,6,120.0,7;45;14;24;13;17,386;717;762;1006;1040;1083
6373,378_2020-10-09,378,6,143.0,12;15;24;25;21;46,384;695;960;1000;1045;1165
6374,378_2020-10-10,378,5,132.0,12;15;25;65;15,385;670;945;1045;1226
6375,378_2020-10-11,378,6,161.0,12;12;24;34;29;50,385;670;943;984;1076;1168
6376,378_2020-10-12,378,4,133.0,13;36;71;13,376;665;1060;1204
6377,378_2020-10-13,378,6,242.52,25.46;45;53.53;0.53;53;65,827;827;1200;1200;1200;1200
6378,378_2020-10-15,378,3,139.0,60;30;49,756;925;1165
6379,378_2020-10-16,378,5,159.0,7;13;67;13;59,377;570;783;1106;1163
6380,378_2020-10-17,378,3,129.0,41;73;15,1026;1143;1379
6381,378_2020-10-20,378,4,209.0,26;100;42;41,661;900;1062;1222
6382,380_2020-01-13,380,4,185.0,40;80;45;20,454;870;1137;1297
6383,380_2020-01-14,380,5,197.0,22;45;45;65;20,558;713;992;1114;1282
6384,380_2020-01-17,380,6,194.0,30;46;18;45;35;20,473;690;872;1012;1081;1282
6385,380_2020-01-20,380,4,180.0,25;60;50;45,625;788;1010;1115
6386,380_2020-01-23,380,5,200.0,30;55;25;45;45,428;701;883;1047;1324
6387,380_2020-01-24,380,5,195.0,33;40;22;50;50,545;681;850;1013;1315
6388,380_2020-01-25,380,5,222.0,45;45;32;55;45,420;708;788;1012;1284
6389,380_2020-01-26,380,5,210.0,40;20;60;50;40,549;659;757;822;1123
6390,380_2020-01-27,380,4,240.0,40;45;30;125,455;735;875;1186
6391,380_2020-01-28,380,5,196.0,26;32;38;55;45,466;680;752;1135;1227
6392,380_2020-01-31,380,4,215.0,35;65;40;75,463;683;905;1043
6393,380_2020-02-01,380,5,223.0,55;24;55;65;24,420;545;693;1054;1336
6394,380_2020-02-02,380,5,194.0,25;50;24;50;45,525;694;886;1027;1286
6395,380_2020-02-03,380,5,212.0,85;19;55;23;30,570;957;1063;1140;1341
6396,380_2020-02-04,380,5,217.0,40;45;75;40;17,523;757;835;1025;1295
6397,380_2020-02-07,380,4,146.0,26;60;15;45,421;700;928;1073
6398,384_2020-11-28,384,3,145.0,60;60;25,560;781;1280
6399,384_2020-11-29,384,3,100.0,50;30;20,468;785;1156
6400,384_2020-11-30,384,3,110.0,20;60;30,660;720;1201
6401,384_2020-12-01,384,1,60.0,60,600
6402,384_2020-12-02,384,2,40.0,20;20,510;815
6403,384_2020-12-03,384,6,114.49000000000001,15.78;1.97;13.81;15;27.93;40,467;467;467;467;797;797
6404,384_2020-12-07,384,2,45.0,20;25,459;1115
6405,384_2020-12-08,384,2,75.0,45;30,561;765
6406,384_2020-12-09,384,6,236.64,73.91;25;57.3;20;40.43;20,518;518;877;877;1303;1303
6407,384_2020-12-11,384,6,152.92,37.1;20;42.91;14.24;28.67;10,630;630;969;969;969;969
6408,384_2020-12-12,384,1,30.0,30,976
6409,384_2020-12-15,384,2,75.0,45;30,693;1148
6410,384_2020-12-16,384,4,155.0,40;30;60;25,484;700;991;1117
6411,384_2020-12-22,384,2,60.0,30;30,765;1145
6412,384_2020-12-23,384,3,105.0,60;25;20,679;985;1132
6413,385_2020-07-22,385,8,209.0,15;20;20;40;21;18;35;40,438;451;560;752;915;927;1126;1284
6414,385_2020-07-23,385,8,292.98,41.39;30;15.39;50;42.25;12;56.95;45,445;445;704;704;1043;1043;1112;1112
6415,385_2020-07-25,385,6,141.0,12;14;20;20;40;35,473;685;829;910;1143;1180
6416,385_2020-07-26,385,7,146.0,15;14;12;40;5;40;20,447;635;663;750;825;1114;1314
6417,385_2020-07-27,385,7,151.0,15;25;18;20;20;18;35,401;502;511;748;798;835;1049
6418,385_2020-07-28,385,4,167.0,39;18;50;60,452;507;765;1110
6419,385_2020-07-29,385,5,180.0,25;50;35;10;60,615;782;822;1121;1200
6420,385_2020-07-30,385,4,95.0,15;20;30;30,505;600;780;986
6421,385_2020-08-02,385,4,134.0,55;20;24;35,701;846;876;1165
6422,385_2020-08-03,385,6,141.0,20;6;10;40;50;15,409;555;653;733;1174;1255
6423,385_2020-08-04,385,5,146.0,25;18;50;18;35,500;700;750;879;1132
6424,385_2020-08-05,385,5,139.0,28;15;40;21;35,533;615;756;1015;1131
6425,385_2020-08-08,385,5,160.0,12;50;35;45;18,510;699;1070;1154;1323
6426,385_2020-08-10,385,7,163.0,12;25;15;21;40;20;30,442;678;771;863;890;1075;1185
6427,385_2020-08-11,385,7,179.0,22;12;20;25;20;50;30,419;680;726;805;1089;1148;1266
6428,385_2020-08-12,385,6,135.0,10;5;20;20;60;20,450;474;700;897;1077;1307
6429,385_2020-08-13,385,4,128.0,15;18;45;50,479;585;800;1080
6430,385_2020-08-14,385,5,136.0,35;10;5;26;60,511;663;780;870;1155
6431,386_2019-09-23,386,8,167.0,50;3;11;30;15;40;15;3,641;654;752;794;868;1149;1326;1333
6432,386_2019-09-24,386,8,165.0,40;11;19;40;15;15;20;5,481;490;750;863;1030;1203;1203;1250
6433,386_2019-09-30,386,7,209.0,40;50;5;19;20;60;15,518;698;748;862;991;1225;1315
6434,386_2019-10-01,386,9,212.0,50;5;20;17;25;35;10;45;5,504;514;648;689;809;974;1069;1163;1246
6435,386_2019-10-02,386,6,180.0,25;50;20;55;15;15,700;780;969;1085;1245;1283
6436,386_2019-10-05,386,5,159.0,50;44;20;30;15,533;785;1117;1149;1407
6437,386_2019-10-06,386,8,207.0,40;12;50;15;20;50;10;10,648;752;891;1040;1118;1180;1257;1279
6438,386_2019-10-07,386,7,226.0,65;12;65;20;20;4;40,656;796;909;1105;1193;1218;1242
6439,386_2019-10-08,386,6,235.0,60;55;15;65;15;25,527;773;865;1017;1276;1326
6440,386_2019-10-09,386,7,253.0,58;55;20;15;65;15;25,585;749;892;922;1213;1305;1397
6441,386_2019-10-12,386,7,244.0,60;15;27;60;27;20;35,534;647;750;1133;1155;1380;1387
6442,386_2019-10-13,386,4,155.0,65;20;25;45,732;908;1084;1154
6443,386_2019-10-14,386,7,166.0,30;3;30;15;60;25;3,533;638;707;964;1113;1179;1245
6444,386_2019-10-15,386,7,172.0,15;15;10;60;17;40;15,516;523;653;751;1150;1253;1335
6445,386_2019-10-16,386,7,225.0,20;20;65;15;60;20;25,533;561;749;895;1153;1194;1390
6446,389_2019-09-27,389,4,133.44,69.74;35;11.7;17,701;701;990;990
6447,389_2019-10-01,389,6,135.0,5;25;25;25;25;30,663;732;934;1087;1267;1401
6448,389_2019-10-02,389,2,120.0,65;55,457;1005
6449,389_2019-10-08,389,2,85.0,35;50,695;955
6450,389_2019-10-10,389,3,105.0,15;70;20,455;975;1266
6451,389_2019-10-17,389,3,65.0,20;20;25,657;757;886
6452,389_2019-10-18,389,2,30.0,20;10,281;592
6453,390_2020-07-21,390,6,162.47,15;53;34;24;19.47;17,425;470;656;983;1229;1229
6454,390_2020-07-22,390,5,124.0,53;16;18;20;17,480;676;835;1045;1255
6455,390_2020-07-23,390,5,132.0,14;53;15;33;17,433;506;715;1012;1231
6456,390_2020-07-24,390,6,143.0,17;53;22;10;24;17,415;467;696;795;1001;1210
6457,390_2020-07-25,390,6,150.0,14;53;24;10;32;17,356;424;753;846;1019;1278
6458,390_2020-07-26,390,5,124.0,14;53;15;18;24,429;456;759;918;1060
6459,390_2020-07-27,390,5,144.0,17;53;31;26;17,415;463;751;1038;1223
6460,390_2020-07-28,390,5,153.0,17;53;33;10;40,399;469;665;861;1027
6461,390_2020-07-29,390,5,121.0,53;28;10;18;12,471;622;830;990;1271
6462,390_2020-07-30,390,4,107.0,40;20;30;17,474;689;1004;1232
6463,390_2020-07-31,390,5,134.0,17;45;30;25;17,418;473;755;1012;1249
6464,390_2020-08-01,390,8,242.41,34.08;40;43.33;20;44.53;24;19.47;17,478;478;663;663;1016;1016;1237;1237
6465,390_2020-08-03,390,6,159.0,17;40;35;10;40;17,405;508;665;828;991;1270
6466,390_2020-08-04,390,5,125.0,17;40;20;18;30,426;467;680;859;995
6467,390_2020-08-05,390,5,116.0,17;38;20;24;17,420;451;672;1010;1242
6468,390_2020-08-06,390,6,140.0,17;40;22;14;30;17,420;464;713;831;1015;1231
6469,390_2020-08-09,390,6,129.0,17;40;20;10;25;17,386;446;641;758;998;1202
6470,390_2020-08-10,390,6,137.0,17;40;24;9;30;17,401;452;727;853;1035;1220
6471,390_2020-08-11,390,5,132.0,17;40;34;24;17,436;484;656;1000;1210
6472,390_2020-08-12,390,5,112.0,17;40;14;24;17,421;515;698;1030;1223
6473,390_2020-08-13,390,5,123.0,18;40;30;18;17,618;639;720;1032;1255
6474,390_2020-08-16,390,6,134.0,17;40;20;10;30;17,381;452;654;746;1010;1243
6475,390_2020-08-17,390,4,99.0,17;40;22;20,459;511;681;1016
6476,393_2020-03-03,393,7,283.0,35;10;8;20;55;120;35,514;587;587;695;903;1094;1308
6477,393_2020-03-06,393,6,210.0,53;32;45;10;10;60,540;568;738;955;1037;1070
6478,393_2020-03-09,393,9,241.0,40;50;14;7;60;8;21;21;20,519;779;910;1013;1090;1104;1149;1159;1191
6479,393_2020-03-10,393,5,94.0,10;34;12;17;21,480;552;562;844;1295
6480,393_2020-03-11,393,3,64.0,24;5;35,569;643;914
6481,393_2020-03-12,393,2,100.0,90;10,550;1047
6482,393_2020-03-13,393,3,90.0,35;15;40,655;1025;1374
6483,393_2020-03-14,393,8,216.85,42.73;45;12.24;8;40.01;40;10.87;18,540;540;893;893;1224;1224;1290;1290
6484,393_2020-03-16,393,6,201.0,16;5;60;25;60;35,681;715;811;829;1215;1246
6485,393_2020-03-17,393,1,55.0,55,801
6486,393_2020-03-18,393,5,290.0,60;55;55;60;60,668;950;975;1249;1269
6487,393_2020-03-19,393,5,290.0,55;55;30;70;80,622;622;720;1177;1241
6488,393_2020-03-20,393,5,252.0,40;48;20;89;55,685;881;940;1034;1258
6489,393_2020-03-21,393,4,265.0,60;40;120;45,525;615;1078;1110
6490,393_2020-03-22,393,2,105.0,65;40,595;1177
6491,393_2020-03-24,393,6,263.68,28.75;65;41.22;25;48.71;55,583;583;740;740;1160;1160
6492,398_2019-09-26,398,8,187.64,18.5;22;46.89;40;7.76;5;32.49;15,469;469;745;745;913;913;1159;1159
6493,398_2019-09-27,398,5,108.0,26;37;15;15;15,476;720;1069;1077;1110
6494,398_2019-09-30,398,7,127.0,12;10;45;10;8;24;18,439;587;762;816;902;1112;1170
6495,398_2019-10-01,398,4,93.0,12;50;6;25,477;708;844;1119
6496,398_2019-10-05,398,8,199.31,11.41;20;5.92;10;83.26;45;3.72;20,549;549;779;779;980;980;1051;1051
6497,398_2019-10-06,398,6,110.0,10;10;15;10;30;35,473;544;699;719;1095;1214
6498,398_2019-10-07,398,4,100.0,5;10;70;15,584;585;720;1141
6499,398_2019-10-08,398,3,66.0,18;36;12,491;720;1137
6500,398_2019-10-11,398,3,85.0,45;10;30,721;1137;1320
6501,398_2019-10-12,398,5,95.0,10;25;15;15;30,533;860;1023;1125;1275
6502,398_2019-10-13,398,4,120.0,50;30;10;30,540;765;1128;1230
6503,398_2019-10-14,398,3,93.0,8;35;50,480;725;1065
6504,398_2019-10-15,398,7,142.0,11;45;4;4;10;56;12,480;720;877;893;963;1060;1155
6505,398_2019-10-16,398,8,215.70999999999998,3.8;10;39.01;36;25.89;50;39.01;12,483;483;721;721;1095;1095;1161;1161
6506,398_2019-10-18,398,5,161.0,20;60;15;16;50,505;748;840;1110;1185
6507,398_2019-10-19,398,7,140.0,20;12;15;25;12;16;40,501;545;618;750;1030;1199;1234
6508,398_2019-10-20,398,7,145.0,15;15;30;8;27;20;30,518;660;784;810;860;1114;1193
6509,398_2019-10-21,398,5,103.0,10;5;36;12;40,465;632;795;849;1073
6510,398_2019-10-22,398,8,122.0,12;12;8;50;8;10;12;10,480;504;674;722;806;889;1089;1101
6511,4_2020-01-02,4,8,323.14,26.79;26;37.66;50;43.95;30;58.74;50,464;464;790;790;989;989;1233;1233
6512,4_2020-01-03,4,6,346.41,21.05;15;107.87;90;37.49;75,444;444;742;742;1152;1152
6513,4_2020-01-04,4,4,115.0,15;10;40;50,436;760;907;1164
6514,4_2020-01-05,4,3,148.0,28;75;45,552;910;1267
6515,4_2020-01-06,4,2,75.0,35;40,613;1151
6516,4_2020-01-07,4,6,214.43,11.9;15;60.2;50;47.33;30,730;730;1100;1100;1111;1111
6517,4_2020-01-08,4,6,231.21,22.73;18;60.2;45;40.28;45,435;435;737;737;1181;1181
6518,4_2020-01-09,4,3,113.0,18;45;50,463;755;1165
6519,4_2020-01-10,4,6,249.64,27.05;29;64.2;45;39.39;45,468;468;756;756;1173;1173
6520,4_2020-01-11,4,4,202.28,21.82;18;114.46;48,430;430;1078;1078
6521,4_2020-01-12,4,4,185.0,35;45;20;85,482;688;840;1151
6522,4_2020-01-13,4,2,93.0,45;48,584;1141
6523,4_2020-01-14,4,8,315.26,36.38;28;37.93;60;45.23;35;27.72;45,438;438;752;752;803;803;1162;1162
6524,4_2020-01-15,4,6,276.54999999999995,38.36;28;53.97;60;51.22;45,445;445;763;763;1113;1113
6525,4_2020-01-16,4,3,93.0,28;25;40,446;842;1209
6526,4_2020-01-17,4,5,229.26,3.21;65.35;40;65.7;55,482;742;742;1146;1146
6527,4_2020-01-18,4,4,123.24000000000001,18.9;25;44.34;35,493;493;1263;1263
6528,4_2020-01-19,4,3,121.0,28;65;28,482;871;1217
6529,4_2020-01-20,4,3,148.0,28;45;75,491;772;1200
6530,4_2020-01-21,4,3,120.0,45;45;30,467;698;1164
6531,4_2020-01-22,4,3,180.0,45;100;35,376;691;1201
6532,4_2020-01-23,4,2,110.0,50;60,747;1154
6533,4_2020-01-24,4,3,107.0,22;45;40,443;741;1215
6534,4_2020-01-25,4,4,168.0,30;25;65;48,449;820;1172;1293
6535,4_2020-01-26,4,4,178.0,28;35;35;80,399;711;807;1176
6536,4_2020-01-27,4,3,158.0,28;75;55,535;795;1156
6537,4_2020-01-28,4,2,110.0,45;65,25;1160
6538,4_2020-01-29,4,3,142.0,24;60;58,554;743;1165
6539,402_2020-06-08,402,7,105.69,21;12.66;21;6;9;18.03;18,690;730;730;840;960;1206;1206
6540,402_2020-06-09,402,8,99.29999999999998,1.68;2;1.14;2;32.94;28;21.54;10,560;560;603;603;870;870;1301;1301
6541,402_2020-06-10,402,3,55.0,21;3;31,583;884;1311
6542,402_2020-06-11,402,3,57.0,27;21;9,547;703;1122
6543,402_2020-06-12,402,3,97.0,27;45;25,626;927;1290
6544,402_2020-06-14,402,8,126.22,26.95;27;20.25;5;4.68;4;24.34;14,407;407;705;705;993;993;1224;1224
6545,402_2020-06-15,402,4,52.0,27;12;5;8,510;751;1027;1285
6546,402_2020-06-16,402,3,31.0,18;5;8,369;728;1277
6547,402_2020-06-17,402,4,88.0,18;5;8;57,498;680;981;1343
6548,402_2020-06-18,402,4,62.0,18;12;14;18,506;807;1063;1249
6549,402_2020-06-19,402,2,64.0,53;11,869;1176
6550,402_2020-06-20,402,7,109.98,36.59;18;4.11;10;18;8.28;15,385;385;733;733;1108;1118;1118
6551,402_2020-06-21,402,8,92.39,26.95;23;4.6;0.67;3.92;8;20.25;5,457;457;758;758;758;758;1003;1003
6552,402_2020-06-23,402,7,124.59,26.95;27;20.82;1.88;18.94;24;5,492;492;797;797;797;797;1211
6553,402_2020-06-24,402,5,35.0,4;5;8;2;16,485;666;799;986;1153
6554,402_2020-06-25,402,3,31.0,4;2;25,678;858;1104
6555,402_2020-06-26,402,3,66.0,28;5;33,626;874;1116
6556,402_2020-06-27,402,4,47.0,18;15;8;6,551;799;1045;1294
6557,402_2020-06-28,402,4,45.0,27;8;2;8,548;788;983;1218
6558,402_2020-06-29,402,4,40.0,14;10;4;12,629;735;1056;1177
6559,402_2020-06-30,402,5,49.0,18;2;16;5;8,415;650;771;1055;1241
6560,402_2020-07-01,402,4,45.0,27;4;5;9,645;813;1141;1337
6561,402_2020-07-02,402,4,55.0,18;11;16;10,512;699;906;1231
6562,402_2020-07-03,402,5,52.0,14;6;2;22;8,7;550;988;1098;1268
6563,402_2020-07-04,402,4,58.0,18;8;5;27,443;726;993;1178
6564,402_2020-07-05,402,8,195.78,26.95;27;66.7;14;10.69;1;30.44;19,475;475;735;735;965;965;1148;1148
6565,404_2021-01-13,404,4,152.0,17;57;40;38,576;820;1034;1231
6566,404_2021-01-14,404,3,59.0,16;15;28,585;805;840
6567,404_2021-01-15,404,3,116.0,16;50;50,646;755;1068
6568,404_2021-01-16,404,4,136.0,10;64;12;50,640;720;884;1004
6569,404_2021-01-17,404,3,142.0,16;61;65,534;658;1092
6570,404_2021-01-18,404,3,132.0,16;51;65,525;678;1045
6571,404_2021-01-19,404,5,190.0,60;65;10;20;35,30;860;1150;1171;1230
6572,404_2021-01-20,404,4,120.0,15;35;45;25,438;559;1106;1385
6573,404_2021-01-21,404,6,240.0,30;65;55;20;30;40,636;749;922;1169;1403;1409
6574,404_2021-01-22,404,3,171.0,65;62;44,861;1087;1213
6575,404_2021-01-23,404,4,233.0,55;20;70;88,642;779;827;1059
6576,404_2021-01-24,404,3,85.0,15;55;15,517;637;1344
6577,404_2021-01-25,404,3,93.0,12;52;29,564;707;1139
6578,404_2021-01-26,404,4,164.0,30;60;44;30,504;774;1161;1292
6579,404_2021-01-27,404,3,70.0,10;40;20,524;689;1059
6580,404_2021-01-28,404,2,75.0,45;30,764;940
6581,404_2021-01-29,404,5,91.0,15;10;10;11;45,160;715;812;999;1138
6582,404_2021-01-30,404,3,71.0,16;48;7,597;731;1141
6583,404_2021-01-31,404,3,68.0,19;37;12,539;692;1188
6584,404_2021-02-01,404,3,113.0,16;37;60,597;723;1115
6585,404_2021-02-02,404,3,65.0,15;30;20,731;1068;1230
6586,404_2021-02-04,404,8,284.08,43.84;28;25.41;50;16.22;16;70.61;34,606;606;663;663;1018;1018;1217;1217
6587,404_2021-02-05,404,5,218.0,45;54;9;40;70,618;724;847;936;1324
6588,404_2021-02-06,404,4,135.0,19;16;60;40,150;666;743;1095
6589,404_2021-02-07,404,4,158.0,10;50;38;60,547;723;922;1137
6590,404_2021-02-08,404,7,196.0,25;16;45;15;45;30;20,48;545;800;985;1020;1201;1377
6591,404_2021-02-09,404,3,73.0,13;40;20,498;1130;1339
6592,406_2020-05-22,406,8,167.8,12.08;17;27.46;25;8.36;9;32.9;36,540;540;753;753;1134;1134;1168;1168
6593,406_2020-05-23,406,8,201.29999999999998,14.81;17;45.73;31;10.11;21;37.65;24,546;546;711;711;1121;1121;1132;1132
6594,406_2020-05-24,406,4,191.0,21;65;44;61,523;780;964;1171
6595,406_2020-05-25,406,4,182.0,32;55;30;65,522;777;930;1235
6596,406_2020-05-26,406,4,109.0,18;25;35;31,533;735;1130;1170
6597,406_2020-05-27,406,6,134.67000000000002,21.48;18;39.91;22;8.28;25,556;556;744;744;1067;1067
6598,406_2020-05-30,406,5,165.0,7;7;31;45;75,327;496;504;790;1228
6599,406_2020-05-31,406,4,169.0,21;75;55;18,577;885;1115;1301
6600,406_2020-06-01,406,4,184.0,19;75;35;55,540;750;924;1091
6601,406_2020-06-02,406,4,134.0,19;42;45;28,499;771;1150;1302
6602,406_2020-06-03,406,8,300.83,30.12;17;93.51;40;9.77;20;45.43;45,497;497;704;704;732;732;1153;1153
6603,406_2020-06-04,406,8,236.76999999999998,29.89;17;74.18;42;5.46;8;35.24;25,494;494;777;777;962;962;1070;1070
6604,406_2020-06-05,406,3,87.0,17;45;25,509;705;1119
6605,406_2020-06-06,406,4,96.0,8;30;8;50,369;812;849;1191
6606,406_2020-06-07,406,3,191.0,55;68;68,499;886;1266
6607,406_2020-06-08,406,6,182.26,30.8;17;47.36;34;11.1;42,593;593;774;774;1073;1073
6608,406_2020-06-09,406,6,175.04000000000002,30.12;17;81.81;15;16.11;15,505;505;775;775;1083;1083
6609,406_2020-06-10,406,3,107.0,17;35;55,490;702;1086
6610,406_2020-06-11,406,3,132.0,17;30;85,502;765;1319
6611,406_2020-06-12,406,3,74.0,17;45;12,375;707;1207
6612,406_2020-06-13,406,3,107.0,17;45;45,502;774;1096
6613,406_2020-06-14,406,6,220.38,28.07;11;43.2;25;38.11;75,599;599;739;739;1050;1050
6614,406_2020-06-15,406,3,92.0,17;15;60,478;739;1124
6615,406_2020-06-16,406,3,107.0,17;45;45,500;774;1140
6616,406_2020-06-17,406,3,104.0,17;42;45,495;706;1110
6617,406_2020-06-18,406,4,145.0,18;35;25;67,538;740;1050;1373
6618,410_2020-05-08,410,4,145.0,45;15;40;45,390;562;756;1123
6619,410_2020-05-09,410,6,333.76,55.35;50;103.19;41;44.22;40,458;458;781;781;1130;1130
6620,410_2020-05-10,410,6,322.21000000000004,37.03;60;112.87;42;34.31;36,388;388;788;788;1133;1133
6621,410_2020-05-11,410,4,136.0,44;7;35;50,399;646;814;1085
6622,410_2020-05-12,410,5,177.0,50;17;55;47;8,360;578;751;1076;1260
6623,410_2020-05-15,410,5,209.0,50;29;42;60;28,365;651;844;1095;1236
6624,410_2020-05-16,410,4,153.0,50;47;23;33,421;698;933;1130
6625,410_2020-05-17,410,3,144.0,53;51;40,356;727;1066
6626,410_2020-05-18,410,5,166.0,53;22;34;47;10,375;642;769;1060;1245
6627,410_2020-05-19,410,4,114.0,53;29;28;4,358;917;1177;1281
6628,410_2020-05-20,410,4,118.0,55;20;36;7,464;775;1137;1437
6629,410_2020-05-21,410,6,170.25,55;42;6;27;25.25;15,468;784;1016;1048;1242;1242
6630,410_2020-05-22,410,3,120.0,55;33;32,465;852;1194
6631,410_2020-05-23,410,4,122.0,43;11;39;29,421;641;773;1107
6632,410_2020-05-24,410,3,101.0,55;31;15,385;732;1124
6633,410_2020-05-25,410,3,150.0,45;60;45,374;744;1136
6634,410_2020-05-26,410,4,134.0,47;7;40;40,365;598;792;1077
6635,410_2020-05-27,410,4,82.53,37;31;7.53;7,729;1039;1299;1299
6636,410_2020-05-28,410,6,208.21,47;30;61.66;50;10.55;9,388;858;1144;1144;1335;1335
6637,410_2020-05-29,410,4,145.0,47;15;40;43,391;593;685;1114
6638,410_2020-05-30,410,5,147.0,47;14;36;35;15,408;582;774;1117;1255
6639,410_2020-05-31,410,4,118.0,47;37;9;25,349;769;951;1160
6640,410_2020-06-01,410,4,131.0,47;17;37;30,390;613;781;1165
6641,410_2020-06-02,410,4,160.0,58;17;45;40,362;596;793;1098
6642,414_2020-04-08,414,8,84.47,5;8;15;7.47;10;7;22;10,385;459;746;776;776;1095;1120;1187
6643,414_2020-04-09,414,6,121.0,5;11;5;30;50;20,338;454;716;725;1142;1216
6644,414_2020-04-12,414,4,48.0,10;10;10;18,477;525;727;1173
6645,414_2020-04-13,414,3,53.0,8;15;30,567;754;1044
6646,414_2020-04-14,414,3,50.0,5;15;30,437;727;1130
6647,414_2020-04-16,414,8,121.88,17.4;8;29.4;12;1.73;1;17.35;35,465;465;700;700;1060;1060;1149;1149
6648,414_2020-04-17,414,3,34.0,5;11;18,389;720;1133
6649,414_2020-04-20,414,3,67.0,25;8;34,716;733;1073
6650,414_2020-04-21,414,3,35.0,10;15;10,577;724;1125
6651,414_2020-04-22,414,8,161.41,28.09;12;13.63;8;6.11;5;48.58;40,443;443;752;752;997;997;1116;1116
6652,414_2020-04-24,414,3,43.0,11;20;12,449;735;1147
6653,414_2020-04-25,414,6,74.0,5;5;1;18;15;30,449;629;664;736;1026;1107
6654,414_2020-04-26,414,5,90.0,5;40;10;30;5,511;707;755;1111;1238
6655,414_2020-04-27,414,5,80.0,22;15;10;13;20,558;677;718;926;1141
6656,414_2020-04-28,414,4,63.0,10;8;15;30,448;713;952;1092
6657,414_2020-04-29,414,5,102.0,15;30;10;5;42,447;729;819;1080;1150
6658,414_2020-05-02,414,3,64.0,32;12;20,563;815;1140
6659,414_2020-05-03,414,4,73.0,42;20;6;5,580;730;1000;1122
6660,414_2020-05-04,414,6,73.0,10;8;20;15;12;8,504;659;673;1088;1094;1200
6661,414_2020-05-05,414,5,60.0,12;8;10;20;10,403;543;830;1110;1216
6662,419_2020-02-08,419,4,58.0,15;15;3;25,526;825;899;1114
6663,419_2020-02-09,419,6,61.0,12;10;20;3;15;1,605;625;880;1051;1169;1218
6664,419_2020-02-12,419,5,48.0,8;15;5;10;10,518;773;945;1146;1215
6665,419_2020-02-13,419,7,64.0,3;13;10;5;3;15;15,480;678;780;835;994;1095;1185
6666,419_2020-02-14,419,4,45.0,10;11;20;4,509;808;1113;1340
6667,419_2020-02-16,419,6,103.95,27.05;10;29.6;10;17.3;10,638;638;891;891;1067;1067
6668,419_2020-02-17,419,8,163.51,73.5;10;38.56;10;3.97;1;11.48;15,667;667;859;859;1043;1043;1077;1077
6669,419_2020-02-18,419,8,192.43,64.22;8;12.17;13;47.38;15;20.66;12,477;477;789;789;1050;1050;1151;1151
6670,419_2020-02-19,419,4,42.0,12;15;3;12,487;726;1015;1015
6671,419_2020-02-20,419,4,45.0,15;15;5;10,480;750;935;1077
6672,419_2020-02-21,419,3,60.0,15;15;30,512;738;960
6673,419_2020-02-23,419,8,211.06,72.21;15;17.25;20;37.98;25;13.62;10,643;643;752;752;988;988;1162;1162
6674,419_2020-02-24,419,5,68.0,10;15;20;3;20,529;666;750;1013;1081
6675,419_2020-02-25,419,5,72.0,15;20;2;25;10,521;727;908;1029;1340
6676,419_2020-02-26,419,4,91.0,15;28;8;40,474;672;895;1140
6677,419_2020-02-27,419,4,60.0,15;25;8;12,494;717;969;1398
6678,419_2020-02-28,419,3,75.0,30;25;20,485;802;1092
6679,419_2020-02-29,419,8,138.05,15.07;15;42.17;25;6.15;10;9.66;15,524;524;769;769;1109;1109;1220;1220
6680,419_2020-03-01,419,6,174.01999999999998,17.94;25;34.64;20;61.44;15,673;673;926;926;1192;1192
6681,419_2020-03-02,419,4,55.0,12;3;25;15,595;734;855;1143
6682,419_2020-03-03,419,3,63.0,28;20;15,499;794;1191
6683,419_2020-03-04,419,5,75.0,20;25;10;15;5,467;742;979;1070;1335
6684,419_2020-03-05,419,3,60.0,20;25;15,522;798;1065
6685,419_2020-03-06,419,3,40.0,15;10;15,525;691;1043
6686,421_2019-09-04,421,6,165.03,16.25;15;21.9;22;59.88;30,529;529;759;759;1219;1219
6687,421_2019-09-06,421,8,194.26,2.51;5;13.56;5;7.79;10;70.4;80,571;571;782;782;930;930;1177;1177
6688,421_2019-09-08,421,4,70.0,5;5;30;30,522;883;1029;1312
6689,421_2019-09-09,421,5,180.0,50;40;20;40;30,822;981;1169;1208;1289
6690,421_2019-09-10,421,5,190.0,55;25;40;35;35,612;651;855;1159;1252
6691,421_2019-09-11,421,5,185.0,60;20;40;40;25,540;750;1143;1249;1288
6692,421_2019-09-13,421,6,270.53000000000003,3.99;5;47.59;30;113.95;70,547;547;810;810;1186;1186
6693,421_2019-09-16,421,4,150.0,25;45;50;30,703;882;1186;1355
6694,421_2019-09-17,421,2,60.0,30;30,888;1104
6695,421_2019-09-19,421,8,244.87,3.76;5;37.61;60;37.79;25;25.71;50,556;556;593;593;806;806;1265;1265
6696,421_2019-09-20,421,5,145.0,5;30;10;30;70,570;673;795;1000;1181
6697,421_2019-09-21,421,3,60.0,5;10;45,565;934;1343
6698,421_2019-09-22,421,2,60.0,20;40,585;777
6699,421_2019-09-23,421,5,245.0,60;60;15;50;60,557;786;1093;1152;1205
6700,421_2019-09-24,421,4,95.0,5;10;50;30,551;798;1017;1115
6701,421_2019-09-27,421,5,120.0,25;25;10;35;25,279;510;897;1098;1218
6702,421_2019-09-28,421,5,135.0,15;15;30;40;35,559;900;985;1160;1356
6703,421_2019-09-29,421,4,150.0,20;5;75;50,577;937;1254;1438
6704,421_2019-09-30,421,3,90.0,60;25;5,686;915;1177
6705,421_2019-10-01,421,3,125.0,25;65;35,549;1121;1266
6706,422_2019-11-29,422,3,110.0,35;40;35,490;843;1170
6707,422_2019-11-30,422,8,236.91,51.79;35;24.38;5.58;18.8;10;41.36;50,586;586;795;795;795;795;1208;1208
6708,422_2019-12-01,422,8,357.94000000000005,18.74;30;31.61;15;94.16;40;83.43;45,639;639;733;733;869;869;1135;1135
6709,423_2021-05-22,423,4,125.0,18;37;27;43,436;720;1076;1141
6710,423_2021-05-23,423,4,142.0,18;40;42;42,428;742;1061;1339
6711,423_2021-05-24,423,5,130.0,18;5;36;30;41,449;632;782;1087;1231
6712,423_2021-05-25,423,3,61.0,18;39;4,525;819;1081
6713,423_2021-05-26,423,4,151.0,54;19;32;46,672;917;1009;1255
6714,423_2021-05-27,423,3,81.0,18;32;31,416;1080;1275
6715,423_2021-05-28,423,4,156.0,18;61;30;47,410;730;1110;1148
6716,423_2021-05-29,423,3,115.0,18;42;55,442;720;1132
6717,423_2021-05-30,423,5,156.0,18;51;16;41;30,442;697;864;1105;1371
6718,423_2021-05-31,423,3,134.0,20;47;67,434;719;1203
6719,423_2021-06-01,423,4,197.0,54;27;47;69,546;708;858;1231
6720,423_2021-06-02,423,3,107.0,27;45;35,555;858;1202
6721,423_2021-06-03,423,4,85.0,18;21;17;29,413;625;710;1095
6722,423_2021-06-04,423,3,95.0,18;25;52,440;739;1204
6723,423_2021-06-05,423,5,182.0,20;32;35;32;63,451;703;996;1121;1214
6724,423_2021-06-06,423,5,136.0,18;15;36;20;47,472;659;779;780;1162
6725,423_2021-06-07,423,6,221.0,18;30;49;47;41;36,443;534;689;791;1216;1241
6726,423_2021-06-08,423,4,229.0,32;55;87;55,462;642;839;1253
6727,423_2021-06-09,423,4,148.0,66;32;25;25,641;928;1113;1322
6728,423_2021-06-10,423,4,131.0,40;20;35;36,543;720;1065;1250
6729,423_2021-06-11,423,5,218.0,68;38;22;25;65,500;718;964;1060;1145
6730,423_2021-06-12,423,3,162.0,43;54;65,450;750;1140
6731,423_2021-06-13,423,4,149.0,49;53;25;22,446;773;1125;1380
6732,423_2021-06-14,423,3,169.0,66;50;53,496;759;1138
6733,423_2021-06-15,423,3,115.0,45;20;50,641;873;1126
6734,423_2021-06-16,423,6,202.0,23;42;55;27;36;19,641;787;908;1034;1166;1389
6735,423_2021-06-17,423,4,105.0,18;34;32;21,520;715;1215;1261
6736,423_2021-06-18,423,4,170.0,70;15;30;55,524;784;1078;1163
6737,425_2020-05-05,425,5,93.0,7;16;18;22;30,501;713;873;1071;1298
6738,425_2020-05-06,425,4,92.0,4;4;24;60,484;683;749;1139
6739,425_2020-05-07,425,8,263.79999999999995,3.01;4;22.77;22;79.99;42;69.03;21,499;499;701;701;843;843;1047;1047
6740,425_2020-05-09,425,5,120.0,24;22;38;16;20,513;674;833;960;1143
6741,425_2020-05-11,425,4,74.0,10;20;4;40,7;493;761;1036
6742,425_2020-05-12,425,6,257.24,19.45;10;69.12;12;86.67;60,519;519;787;787;1043;1043
6743,425_2020-05-13,425,8,208.08999999999997,0.8;4;51.5;15;53.26;40;23.53;20,507;507;746;746;1136;1136;1152;1152
6744,425_2020-05-14,425,6,283.4,19.83;10;82.51;35;116.06;20,484;484;711;711;1051;1051
6745,425_2020-05-15,425,6,131.62,3.01;4;29.29;15;55.32;25,517;517;724;724;1037;1037
6746,425_2020-05-16,425,3,101.0,41;35;25,811;1060;1202
6747,425_2020-05-17,425,3,77.0,55;7;15,815;1015;1078
6748,425_2020-05-18,425,4,62.0,4;16;17;25,515;745;1042;1288
6749,425_2020-05-19,425,8,216.99,0.8;4;51.63;20;85.61;20;28.95;6,511;511;731;731;1057;1057;1316;1316
6750,425_2020-05-20,425,8,255.52999999999997,111.03;8;25.6;20;13.52;10;47.38;20,534;534;744;744;1002;1002;1110;1110
6751,425_2020-05-21,425,3,49.0,4;20;25,510;781;1034
6752,425_2020-05-22,425,4,121.0,4;20;57;40,477;743;1024;1216
6753,425_2020-05-23,425,4,96.0,4;50;30;12,623;838;1110;1200
6754,425_2020-05-24,425,4,86.0,4;50;20;12,510;850;1068;1332
6755,425_2020-05-25,425,3,59.0,4;25;30,535;747;1048
6756,425_2020-05-27,425,8,269.07000000000005,0.6;4;45.71;40;140.24;20;3.52;15,501;501;737;737;1048;1048;1320;1320
6757,425_2020-05-29,425,2,95.0,25;70,830;1160
6758,425_2020-05-30,425,4,94.0,4;45;20;25,540;800;1016;1217
6759,425_2020-05-31,425,3,75.0,15;20;40,610;749;1065
6760,425_2020-06-01,425,4,82.0,4;43;20;15,450;785;1064;1313
6761,428_2021-01-17,428,6,176.49,42.05;30;40.35;50;11.09;3,370;370;755;755;1061;1061
6762,428_2021-01-18,428,4,90.0,35;20;25;10,253;404;840;1057
6763,428_2021-01-19,428,4,100.0,45;20;25;10,256;390;860;1140
6764,428_2021-01-20,428,8,230.75,19.2;20;39.6;30;19.2;15;57.75;30,300;300;448;448;456;456;848;848
6765,428_2021-01-21,428,8,307.94,38.17;35;34.83;35;34.68;25;70.26;35,310;310;521;521;913;913;1005;1005
6766,428_2021-01-22,428,3,110.0,30;40;40,415;541;1409
6767,428_2021-01-23,428,4,127.0,25;15;37;50,561;601;833;1069
6768,428_2021-01-26,428,4,64.0,20;35;2;7,260;405;870;1070
6769,428_2021-01-27,428,5,118.0,17;38;38;5;20,255;360;480;851;1047
6770,428_2021-01-28,428,8,199.91,19.2;18;17.35;20;27.04;20;28.32;50,265;265;391;391;782;782;979;979
6771,428_2021-01-29,428,8,195.07,15.3;20;41.91;40;22.87;15;21.99;18,312;312;575;575;702;702;931;931
6772,428_2021-01-30,428,2,48.0,13;35,317;1120
6773,428_2021-01-31,428,5,122.0,30;17;15;25;35,441;540;768;840;926
6774,428_2021-02-01,428,3,84.0,22;30;32,378;831;1087
6775,428_2021-02-02,428,4,130.0,35;20;40;35,330;851;893;1052
6776,428_2021-02-04,428,8,246.70000000000005,26.26;40;30.34;40;38.84;20;26.26;25,328;328;479;479;811;811;1123;1123
6777,428_2021-02-05,428,2,99.0,44;55,346;463
6778,428_2021-02-06,428,1,40.0,40,388
6779,428_2021-02-07,428,3,80.0,20;40;20,489;734;864
6780,428_2021-02-08,428,8,211.82,64.69;40;20.26;15;20.26;15;21.61;15,345;345;512;512;518;518;777;777
6781,428_2021-02-09,428,5,128.0,38;25;15;20;30,322;442;637;678;958
6782,428_2021-02-10,428,1,40.0,40,933
6783,428_2021-02-11,428,5,175.0,50;35;25;30;35,388;430;670;820;1109
6784,428_2021-02-12,428,5,125.0,30;20;30;25;20,594;643;834;1142;1148
6785,43_2021-01-16,43,7,166.0,24;28;25;22;12;35;20,586;808;864;945;1054;1158;1259
6786,43_2021-01-17,43,4,119.0,24;45;25;25,598;792;1180;1330
6787,43_2021-01-18,43,4,150.0,45;20;45;40,679;847;1129;1383
6788,43_2021-01-19,43,8,146.0,35;14;20;15;5;15;22;20,726;899;955;1023;1069;1186;1268;1292
6789,43_2021-01-20,43,6,184.0,20;20;25;24;45;50,578;628;804;1028;1123;1282
6790,43_2021-01-21,43,4,95.0,16;25;24;30,799;945;986;1290
6791,43_2021-01-22,43,6,168.0,44;15;21;40;30;18,570;781;993;1160;1256;1306
6792,43_2021-01-23,43,6,156.0,15;21;45;20;40;15,671;848;927;1081;1210;1287
6793,43_2021-01-24,43,5,108.0,30;2;20;40;16,630;847;986;1144;1249
6794,43_2021-01-25,43,5,78.0,12;5;20;35;6,970;1029;1153;1190;1380
6795,43_2021-01-26,43,3,78.0,10;20;48,730;752;890
6796,43_2021-01-27,43,5,112.0,18;28;18;18;30,603;764;871;1020;1122
6797,43_2021-01-28,43,5,105.0,20;20;20;25;20,639;702;952;1204;1290
6798,43_2021-01-29,43,5,126.0,40;8;40;18;20,614;875;1140;1276;1343
6799,43_2021-01-30,43,5,93.0,20;18;10;15;30,675;758;900;1061;1287
6800,43_2021-01-31,43,5,125.0,30;25;20;30;20,717;846;946;1204;1379
6801,43_2021-02-01,43,7,118.0,45;18;2;15;15;15;8,711;899;985;1146;1175;1340;1369
6802,43_2021-02-02,43,6,131.0,45;15;25;22;9;15,860;1061;1090;1203;1279;1370
6803,43_2021-02-03,43,5,111.0,32;12;25;10;32,596;808;962;1177;1288
6804,43_2021-02-04,43,7,136.0,35;8;12;10;18;25;28,585;957;982;986;1016;1269;1281
6805,43_2021-02-05,43,6,168.0,40;15;35;15;45;18,594;755;879;997;1154;1365
6806,43_2021-02-07,43,7,129.0,32;9;10;18;15;30;15,637;715;958;995;1140;1229;1309
6807,43_2021-02-08,43,5,120.0,32;15;40;18;15,756;862;1019;1105;1318
6808,43_2021-02-12,43,7,144.0,34;8;15;18;11;40;18,604;690;866;964;1106;1191;1281
6809,431_2020-10-30,431,3,85.0,27;28;30,474;751;1056
6810,431_2020-10-31,431,3,82.0,27;30;25,461;709;1021
6811,431_2020-11-01,431,2,55.0,25;30,447;760
6812,431_2020-11-02,431,5,111.0,28;16;30;7;30,443;699;791;981;1059
6813,431_2020-11-03,431,5,115.0,25;15;28;27;20,458;622;744;1064;1271
6814,431_2020-11-04,431,3,85.0,29;28;28,457;722;1077
6815,431_2020-11-05,431,3,83.0,25;28;30,463;794;1080
6816,431_2020-11-06,431,4,105.0,29;28;28;20,446;742;1070;1175
6817,431_2020-11-07,431,3,83.0,28;27;28,449;694;1033
6818,431_2020-11-08,431,3,83.0,25;28;30,473;753;1065
6819,431_2020-11-09,431,3,78.0,28;30;20,436;750;1008
6820,431_2020-11-10,431,3,82.0,24;28;30,446;850;1065
6821,431_2020-11-11,431,4,94.0,22;35;15;22,500;789;839;1128
6822,431_2020-11-12,431,3,85.0,25;30;30,470;750;1089
6823,431_2020-11-13,431,3,88.0,30;28;30,512;740;1065
6824,431_2020-11-14,431,4,101.0,28;28;15;30,454;732;990;1065
6825,431_2020-11-15,431,4,110.0,25;30;25;30,449;741;918;1071
6826,431_2020-11-16,431,3,88.0,30;28;30,438;725;1056
6827,431_2020-11-17,431,4,95.0,30;25;8;32,437;758;787;1048
6828,431_2020-11-18,431,5,111.0,28;30;33;12;8,601;727;1029;1170;1246
6829,431_2020-11-19,431,4,87.0,28;7;27;25,459;667;792;1069
6830,431_2020-11-20,431,3,85.0,30;25;30,461;734;1062
6831,431_2020-11-21,431,4,100.0,30;30;10;30,453;735;941;1073
6832,431_2020-11-22,431,3,69.0,30;9;30,733;943;1060
6833,431_2020-11-23,431,4,100.0,30;25;30;15,468;743;1061;1261
6834,431_2020-11-24,431,3,85.0,25;30;30,449;745;1029
6835,431_2020-11-25,431,5,107.0,29;30;30;8;10,500;715;1057;1236;1291
6836,431_2020-11-26,431,4,100.0,30;30;30;10,467;730;1052;1257
6837,433_2020-08-04,433,6,145.0,20;65;4;8;22;26,584;811;962;1059;1076;1349
6838,433_2020-08-05,433,4,133.0,24;44;52;13,731;975;1095;1382
6839,433_2020-08-08,433,4,104.0,4;40;42;18,578;637;893;1232
6840,433_2020-08-09,433,3,174.0,45;40;89,652;795;1210
6841,433_2020-08-10,433,5,36.0,4;5;5;10;12,605;666;848;1089;1188
6842,433_2020-08-12,433,6,119.94,14.18;8;41.71;12;41.05;3,629;629;791;791;1106;1106
6843,433_2020-08-21,433,6,35.0,6;5;2;6;5;11,561;722;837;1077;1107;1275
6844,433_2020-08-22,433,4,52.0,8;12;22;10,542;835;1119;1138
6845,433_2020-08-23,433,6,54.0,10;7;7;4;8;18,640;763;1000;1144;1170;1263
6846,433_2020-08-24,433,5,32.0,8;5;4;10;5,630;840;948;1140;1321
6847,433_2020-08-29,433,6,33.0,6;1;5;8;8;5,554;810;888;1159;1181;1269
6848,433_2020-08-30,433,4,74.0,9;10;15;40,648;894;1122;1311
6849,433_2020-08-31,433,6,81.0,4;6;16;4;6;45,580;763;830;885;1097;1130
6850,434_2020-05-19,434,6,195.0,48;25;36;12;45;29,410;597;780;896;1151;1299
6851,434_2020-05-20,434,4,133.0,36;25;36;36,506;687;865;1186
6852,434_2020-05-23,434,4,117.0,34;24;25;34,511;707;981;1159
6853,434_2020-05-24,434,3,117.0,36;60;21,512;855;1269
6854,434_2020-05-25,434,3,91.0,25;32;34,685;780;1100
6855,434_2020-05-28,434,4,135.0,36;25;56;18,577;785;1036;1197
6856,434_2020-05-30,434,8,249.66,44.56;36;16.04;21;47.88;45;18.18;21,557;557;817;817;1144;1144;1237;1237
6857,434_2020-05-31,434,4,89.0,40;12;12;25,545;779;1236;1302
6858,434_2020-06-01,434,5,152.0,38;25;26;25;38,410;604;787;1006;1220
6859,434_2020-06-02,434,5,164.0,48;25;26;25;40,417;607;739;888;1180
6860,434_2020-06-04,434,8,211.13,44.56;36;22.77;25;37.05;30;7.75;8,425;425;649;649;755;755;1175;1175
6861,434_2020-06-05,434,3,129.0,48;25;56,414;706;1082
6862,434_2020-06-06,434,5,126.0,30;25;25;34;12,605;764;963;1159;1346
6863,434_2020-06-07,434,5,165.0,54;10;46;29;26,562;779;905;1061;1108
6864,434_2020-06-08,434,4,133.0,36;25;30;42,359;664;762;1152
6865,434_2020-06-09,434,4,135.0,48;25;26;36,414;665;760;1153
6866,434_2020-06-10,434,4,137.0,36;36;29;36,501;784;1030;1093
6867,434_2020-06-12,434,8,294.55999999999995,44.56;36;22.77;25;34.37;26;79.86;26,372;372;620;620;783;783;1129;1129
6868,434_2020-06-13,434,4,151.0,36;56;29;30,492;885;1133;1217
6869,434_2020-06-14,434,5,135.0,30;26;25;28;26,580;775;921;1130;1200
6870,434_2020-06-15,434,5,155.0,48;25;28;28;26,398;630;1011;1140;1240
6871,435_2020-09-21,435,7,252.0,70;20;40;26;26;60;10,505;628;764;876;905;1037;1152
6872,435_2020-09-22,435,7,218.0,50;27;5;62;16;48;10,330;445;522;722;1101;1132;1198
6873,435_2020-09-25,435,6,195.0,40;5;70;40;25;15,369;544;779;1070;1163;1280
6874,435_2020-09-27,435,7,324.0,25;52;12;15;90;60;70,394;497;650;662;714;1032;1137
6875,435_2020-10-02,435,6,203.0,50;18;25;20;30;60,367;460;601;739;1094;1129
6876,435_2020-10-04,435,4,280.0,120;65;55;40,568;805;857;1075
6877,435_2020-10-07,435,6,272.0,85;85;40;27;15;20,528;764;887;1014;1131;1216
6878,435_2020-10-08,435,4,161.0,30;30;16;85,498;767;1016;1151
6879,435_2020-10-09,435,6,195.0,35;25;65;24;30;16,375;473;780;1041;1047;1253
6880,435_2020-10-10,435,6,216.0,25;55;16;30;55;35,593;742;874;901;1050;1245
6881,435_2020-10-11,435,5,300.0,25;25;85;80;85,422;487;539;783;1066
6882,436_2021-03-18,436,4,125.0,20;25;55;25,660;791;1074;1176
6883,436_2021-03-19,436,5,194.28,3;30;35;71.28;55,530;583;842;1071;1071
6884,436_2021-03-20,436,4,133.0,3;30;35;65,540;597;828;1073
6885,436_2021-03-21,436,4,133.0,3;30;35;65,516;638;876;1048
6886,436_2021-03-22,436,4,148.0,3;30;35;80,518;560;817;1095
6887,436_2021-03-23,436,4,113.0,3;20;45;45,513;575;996;1015
6888,436_2021-03-24,436,4,130.0,30;40;50;10,606;843;1039;1111
6889,436_2021-03-25,436,4,108.0,3;30;30;45,515;686;945;1055
6890,436_2021-03-26,436,3,125.0,30;40;55,632;875;1187
6891,436_2021-03-27,436,4,153.0,3;30;55;65,514;567;811;1035
6892,436_2021-03-28,436,4,128.0,3;30;55;40,541;604;765;1062
6893,436_2021-03-29,436,5,213.0,3;30;40;90;50,506;616;795;1037;1231
6894,436_2021-03-30,436,4,118.0,3;30;50;35,518;721;947;1055
6895,436_2021-03-31,436,4,98.0,3;30;45;20,542;639;831;1016
6896,436_2021-04-01,436,8,278.11,2.2;3;28.44;30;79.63;65;19.84;50,526;526;563;563;766;766;1057;1057
6897,436_2021-04-02,436,6,349.51,84.58;50;69.17;55;40.76;50,538;538;839;839;1066;1066
6898,436_2021-04-03,436,3,165.0,50;50;65,495;750;1090
6899,436_2021-04-04,436,4,170.0,30;45;50;45,596;1005;1097;1246
6900,436_2021-04-05,436,3,130.0,30;35;65,520;795;1016
6901,436_2021-04-06,436,3,120.0,30;45;45,629;912;1110
6902,436_2021-04-07,436,3,125.0,50;35;40,709;1020;1303
6903,436_2021-04-08,436,6,233.66,36.19;30;31.02;30;41.45;65,580;580;859;859;1048;1048
6904,436_2021-04-09,436,8,186.66,32.52;30;25.6;40;15.53;20;8.01;15,538;538;794;794;1032;1032;1199;1199
6905,436_2021-04-10,436,3,71.0,18;8;45,496;1023;1063
6906,436_2021-04-11,436,3,86.0,18;18;50,526;795;1084
6907,436_2021-04-12,436,4,158.0,20;18;50;70,560;797;935;1230
6908,436_2021-04-13,436,2,63.0,18;45,510;813
6909,436_2021-04-14,436,3,130.0,45;50;35,652;963;1260
6910,438_2020-04-19,438,9,155.0,30;2;13;43;18;11;12;18;8,466;522;626;851;948;988;1114;1200;1250
6911,438_2020-04-22,438,7,162.0,2;17;50;12;8;60;13,590;687;777;860;1032;1190;1344
6912,438_2020-04-23,438,5,104.0,2;13;35;14;40,573;692;802;900;1125
6913,438_2020-04-26,438,7,161.0,25;3;26;22;18;55;12,501;546;773;906;930;1105;1269
6914,438_2020-04-29,438,6,126.0,3;25;20;15;57;6,567;637;837;998;1281;1331
6915,438_2020-04-30,438,6,118.0,15;5;3;25;20;50,597;677;682;824;1178;1243
6916,438_2020-05-03,438,6,182.0,3;34;50;25;10;60,482;506;806;872;1093;1114
6917,438_2020-05-04,438,6,145.0,25;24;35;18;8;35,463;630;853;1026;1047;1230
6918,438_2020-05-05,438,7,181.0,20;25;35;40;21;15;25,545;758;789;834;1105;1201;1303
6919,438_2020-05-06,438,7,153.0,30;45;6;25;10;27;10,642;756;1033;1139;1197;1214;1267
6920,438_2020-05-07,438,8,140.0,15;7;40;30;4;10;22;12,577;709;756;778;1042;1107;1302;1317
6921,438_2020-05-08,438,6,161.0,13;52;20;10;60;6,483;804;836;1036;1157;1246
6922,438_2020-05-09,438,5,184.0,14;54;79;25;12,573;753;1046;1133;1228
6923,438_2020-05-12,438,8,119.0,20;10;15;15;15;18;18;8,509;635;783;801;970;979;1270;1301
6924,438_2020-05-13,438,5,93.0,10;18;10;10;45,633;789;916;1240;1393
6925,438_2020-05-14,438,4,73.0,12;18;35;8,700;927;1168;1341
6926,446_2019-09-22,446,8,235.59,27.97;35;7.4;23;32.31;62;17.91;30,493;493;875;875;1123;1123;1195;1195
6927,446_2019-09-24,446,4,228.0,70;68;45;45,710;1125;1284;1414
6928,446_2019-09-25,446,2,137.0,72;65,666;990
6929,446_2019-09-26,446,4,198.0,68;45;55;30,740;963;1133;1250
6930,446_2019-09-28,446,8,245.75,25.51;35;19.9;20;10.97;15;49.37;70,523;523;911;911;1126;1126;1156;1156
6931,446_2019-09-29,446,8,266.73,25.65;35;66.9;68;20.61;25;5.57;20,517;517;1105;1105;1189;1189;1304;1304
6932,446_2019-09-30,446,8,249.63,27.88;35;14.78;40;46.36;40;20.61;25,514;514;804;804;1120;1120;1220;1220
6933,446_2019-10-01,446,4,235.0,35;68;72;60,521;805;1122;1328
6934,446_2019-10-02,446,4,207.0,30;72;40;65,81;786;1015;1285
6935,446_2019-10-03,446,3,168.0,75;68;25,710;1094;1198
6936,446_2019-10-08,446,4,197.0,37;25;75;60,528;820;1171;1343
6937,446_2019-10-09,446,3,148.0,68;40;40,712;1009;1195
6938,446_2019-10-10,446,4,230.0,85;30;70;45,687;931;1130;1223
6939,446_2019-10-11,446,5,207.0,37;40;20;70;40,528;838;977;1118;1166
6940,446_2019-10-12,446,4,152.0,37;30;45;40,518;832;1087;1237
6941,446_2019-10-15,446,5,185.0,35;20;15;75;40,524;755;940;1173;1409
6942,446_2019-10-16,446,5,248.0,68;30;60;60;30,780;1068;1105;1329;1390
6943,446_2019-10-17,446,4,245.0,80;45;70;50,715;919;1148;1296
6944,446_2019-10-18,446,4,230.0,65;70;65;30,645;879;1211;1320
6945,446_2019-10-19,446,5,155.0,35;30;25;45;20,522;763;901;1103;1249
6946,453_2020-08-04,453,2,75.0,25;50,461;709
6947,453_2020-08-05,453,5,109.17,28.17;20;20;11;30,481;481;668;851;1099
6948,453_2020-08-06,453,2,90.0,15;75,561;912
6949,453_2020-08-07,453,3,112.0,25;42;45,570;912;1063
6950,453_2020-08-08,453,2,55.0,45;10,491;601
6951,453_2020-08-09,453,1,40.0,40,827
6952,453_2020-08-10,453,4,111.0,35;3;48;25,463;680;750;1090
6953,453_2020-08-12,453,2,80.0,50;30,1005;1155
6954,453_2020-08-13,453,2,50.0,20;30,502;1121
6955,453_2020-08-14,453,2,40.0,20;20,450;709
6956,453_2020-08-15,453,1,55.0,55,716
6957,453_2020-08-17,453,2,69.0,14;55,486;796
6958,453_2020-08-19,453,5,166.56,50.28;15;70.98;30;0.3,500;500;793;793;1087
6959,453_2020-08-20,453,3,94.16,14;50.16;30,501;796;796
6960,453_2020-08-24,453,2,55.0,40;15,731;1140
6961,453_2020-08-26,453,1,70.0,70,475
6962,455_2019-05-30,455,6,87.0,16;3;15;18;26;9,529;721;749;946;1137;1307
6963,455_2019-05-31,455,7,138.0,55;3;15;10;30;5;20,505;796;909;1058;1092;1186;1224
6964,455_2019-06-03,455,7,91.0,22;2;3;12;7;33;12,568;612;777;859;1152;1156;1311
6965,455_2019-06-04,455,6,77.0,12;11;4;15;11;24,443;681;685;898;1077;1381
6966,455_2019-06-05,455,7,110.0,30;15;12;12;15;13;13,512;732;759;981;1223;1264;1266
6967,455_2019-06-08,455,3,57.0,16;28;13,584;862;908
6968,455_2019-06-12,455,4,107.25,47.3;16;18.95;25,505;505;742;742
6969,455_2019-06-17,455,2,52.0,8;44,1177;1215
6970,455_2019-06-18,455,5,65.0,3;22;6;30;4,565;568;766;992;1091
6971,455_2019-06-19,455,3,62.0,15;14;33,480;1107;1166
6972,455_2019-06-20,455,5,60.0,4;6;28;8;14,464;694;810;1027;1305
6973,455_2019-06-21,455,8,107.72999999999999,8.12;2;23.38;25;15.56;8;10.67;15,528;528;749;749;1058;1058;1246;1246
6974,455_2019-06-23,455,6,96.0,17;5;22;18;18;16,584;823;915;938;974;985
6975,455_2019-06-24,455,4,75.0,7;2;25;41,626;696;959;960
6976,463_2020-05-21,463,7,353.27,61;12;48;43.2;79;74.07;36,474;580;669;999;999;1287;1287
6977,463_2020-05-22,463,6,321.0,61;35;62;17;16;130,440;560;664;750;916;1202
6978,463_2020-05-25,463,5,248.0,64;35;60;17;72,410;555;674;910;1138
6979,463_2020-05-26,463,4,211.0,57;50;72;32,430;710;1135;1305
6980,463_2020-05-29,463,5,224.0,65;50;12;65;32,445;710;970;1080;1290
6981,463_2020-05-30,463,7,322.0,28;65;50;50;12;100;17,75;480;580;763;992;1065;1275
6982,463_2020-06-02,463,5,236.0,61;50;17;90;18,445;735;915;1155;1285
6983,463_2020-06-03,463,5,220.0,62;50;12;72;24,445;725;950;1065;1280
6984,463_2020-06-04,463,5,210.0,58;55;7;66;24,440;725;960;1020;1285
6985,463_2020-06-05,463,5,230.0,58;21;55;75;21,445;645;717;1050;1266
6986,463_2020-06-06,463,6,306.0,60;40;65;75;50;16,490;650;735;930;1105;1350
6987,463_2020-06-09,463,5,224.0,60;50;21;75;18,439;720;915;1135;1282
6988,463_2020-06-10,463,6,248.0,58;10;55;32;72;21,380;483;720;955;1065;1287
6989,463_2020-06-11,463,4,193.0,60;55;57;21,445;720;1000;1285
6990,463_2020-06-12,463,5,246.0,60;12;67;75;32,440;557;695;1040;1270
6991,463_2020-06-13,463,2,185.0,60;125,488;735
6992,463_2020-06-16,463,4,222.0,60;21;106;35,445;911;1135;1430
6993,467_2021-01-27,467,6,222.27,31.86;25;13.07;20;72.34;60,650;650;880;880;1178;1178
6994,467_2021-01-31,467,7,210.18,6.18;25;22.24;50;36.76;40;30,576;576;942;942;1125;1125;1138
6995,467_2021-02-01,467,4,279.53,20.29;20;159.24;80,598;598;1221;1221
6996,467_2021-02-02,467,6,212.2,29.27;25;33.68;20;54.25;50,579;579;890;890;1120;1120
6997,467_2021-02-03,467,2,50.0,20;30,634;929
6998,467_2021-02-07,467,2,65.0,25;40,579;756
6999,467_2021-02-08,467,1,40.0,40,561
7000,468_2020-07-20,468,3,124.0,24;60;40,437;684;1028
7001,468_2020-07-21,468,3,88.0,18;28;42,485;704;1000
7002,468_2020-07-22,468,4,97.0,22;24;39;12,485;681;982;1093
7003,468_2020-07-23,468,3,142.0,28;74;40,436;719;1042
7004,468_2020-07-24,468,4,145.0,32;54;14;45,420;696;749;1029
7005,468_2020-07-25,468,4,127.0,24;17;42;44,477;670;741;1038
7006,468_2020-07-26,468,4,86.0,9;46;2;29,534;736;999;1065
7007,468_2020-07-27,468,4,112.0,13;46;48;5,475;751;978;1037
7008,468_2020-07-28,468,5,78.0,17;16;24;10;11,474;674;860;1068;1088
7009,468_2020-07-29,468,3,80.0,15;35;30,547;747;982
7010,468_2020-07-30,468,7,139.0,20;56;10;5;8;8;32,450;675;724;867;936;955;969
7011,468_2020-07-31,468,4,82.0,14;6;26;36,502;525;693;1029
7012,468_2020-08-01,468,4,64.0,14;19;8;23,450;616;708;988
7013,468_2020-08-02,468,5,108.0,10;45;12;29;12,608;700;915;985;1015
7014,468_2020-08-03,468,3,134.0,29;60;45,502;697;1061
7015,468_2020-08-04,468,6,126.0,14;12;46;36;10;8,464;589;692;1001;1022;1056
7016,468_2020-08-05,468,6,133.0,30;47;16;24;10;6,428;674;703;999;1065;1084
7017,468_2020-08-06,468,4,101.0,15;46;20;20,513;669;727;1008
7018,468_2020-08-07,468,4,280.0,180;63;11;26,468;695;848;1012
7019,468_2020-08-08,468,2,110.0,45;65,701;1063
7020,468_2020-08-09,468,3,139.0,41;54;44,526;667;1121
7021,468_2020-08-10,468,2,78.0,40;38,732;1068
7022,468_2020-08-11,468,3,144.0,82;32;30,480;666;1062
7023,468_2020-08-12,468,3,126.0,13;73;40,469;687;1017
7024,468_2020-08-13,468,5,114.0,15;46;9;39;5,436;712;890;969;1012
7025,468_2020-08-14,468,5,126.0,18;6;41;40;21,435;520;725;959;997
7026,468_2020-08-15,468,2,79.0,43;36,640;1021
7027,468_2020-08-16,468,4,90.0,14;6;38;32,475;511;757;1045
7028,469_2020-03-06,469,3,130.0,40;35;55,558;737;1174
7029,469_2020-03-07,469,4,180.0,60;40;15;65,569;748;929;1125
7030,469_2020-03-08,469,3,121.0,50;25;46,671;1009;1315
7031,469_2020-03-10,469,8,307.11,30.43;30;76.73;8.13;68.6;40;18.22;35,581;581;696;696;696;696;1112;1112
7032,469_2020-03-11,469,6,271.14,30.43;30;84.5;75;16.21;35,570;570;801;801;1182;1182
7033,469_2020-03-12,469,6,300.48,57.47;55;59.84;70;28.17;30,552;552;1163;1163;1204;1204
7034,469_2020-03-13,469,2,70.0,20;50,567;1228
7035,469_2020-03-14,469,2,100.0,50;50,598;1104
7036,469_2020-03-15,469,4,155.0,45;15;45;50,625;933;1111;1182
7037,469_2020-03-16,469,8,239.63,28.61;25;60.16;40;10.24;30;15.62;30,580;580;776;776;1157;1157;1251;1251
7038,469_2020-03-17,469,6,203.47000000000003,41.94;30;62.17;6;23.36;40,577;577;684;684;1137;1137
7039,469_2020-03-18,469,3,160.0,40;40;80,585;760;1202
7040,469_2020-03-19,469,3,140.0,40;40;60,567;780;1098
7041,469_2020-03-20,469,3,105.0,40;10;55,580;791;1187
7042,469_2020-03-21,469,2,65.0,40;25,554;1047
7043,469_2020-03-22,469,5,145.0,15;20;40;40;30,526;574;777;1089;1141
7044,469_2020-03-23,469,8,272.78,43.17;30;29.33;35;29.54;50;30.74;25,577;577;873;873;1225;1225;1278;1278
7045,469_2020-03-25,469,3,115.0,35;40;40,558;772;1220
7046,469_2020-03-26,469,4,115.0,30;40;30;15,547;760;1144;1206
7047,469_2020-03-27,469,3,120.0,35;35;50,543;735;990
7048,469_2020-03-28,469,3,105.0,20;35;50,529;870;1241
7049,469_2020-03-29,469,2,60.0,10;50,582;791
7050,471_2020-03-31,471,3,92.0,42;20;30,613;814;1123
7051,471_2020-04-01,471,5,261.0,75;36;45;75;30,612;822;990;1135;1293
7052,471_2020-04-02,471,3,185.0,30;75;80,1050;1140;1327
7053,471_2020-04-03,471,4,110.0,25;25;30;30,777;1050;1260;1296
7054,471_2020-04-04,471,4,160.0,35;35;30;60,555;855;1035;1280
7055,471_2020-04-06,471,4,182.03,27.42;8;96.61;50,516;516;773;773
7056,471_2020-04-07,471,1,45.0,45,45
7057,471_2020-04-08,471,4,278.53,115.83;50;72.7;40,714;714;971;971
7058,471_2020-04-09,471,4,200.26999999999998,76.6;50;23.67;50,740;740;1290;1290
7059,471_2020-04-10,471,3,90.0,30;30;30,855;1110;1285
7060,471_2020-04-11,471,2,39.0,19;20,555;960
7061,471_2020-04-12,471,8,276.69,32.6;25;33.15;30;27.51;30;68.43;30,683;683;892;892;1069;1069;1225;1225
7062,471_2020-04-13,471,4,151.74,23.31;30;68.43;30,648;648;772;772
7063,471_2020-04-14,471,3,105.0,40;30;35,600;1050;1320
7064,471_2020-04-15,471,4,115.0,20;40;20;35,570;960;1080;1350
7065,471_2020-04-16,471,3,155.0,90;20;45,285;785;1170
7066,471_2020-04-17,471,5,150.0,15;35;25;45;30,390;555;615;1110;1350
7067,471_2020-04-18,471,2,90.0,60;30,1408;1410
7068,471_2020-04-19,471,2,85.0,40;45,526;825
7069,471_2020-04-20,471,3,105.0,25;45;35,695;895;1052
7070,471_2020-04-21,471,3,165.0,50;70;45,975;1290;1410
7071,471_2020-04-22,471,3,89.0,19;25;45,620;763;990
7072,471_2020-04-23,471,2,60.0,30;30,630;1100
7073,471_2020-04-24,471,3,170.0,20;75;75,950;1331;1380
7074,471_2020-04-25,471,3,88.0,19;19;50,54;700;1230
7075,471_2020-04-26,471,8,334.98,13.98;30;40.18;100;42.84;20;12.98;75,558;558;845;845;1026;1026;1331;1331
7076,471_2020-04-27,471,4,227.91000000000003,59.67;90;43.24;35,794;794;1046;1046
7077,475_2020-11-09,475,2,48.0,28;20,1059;1111
7078,475_2020-11-10,475,2,60.0,15;45,974;1072
7079,475_2020-11-11,475,1,40.0,40,1065
7080,475_2020-11-12,475,1,75.0,75,1105
7081,475_2020-11-13,475,2,95.0,20;75,882;1078
7082,475_2020-11-14,475,1,60.0,60,1070
7083,475_2020-11-15,475,1,65.0,65,1084
7084,475_2020-11-16,475,1,70.0,70,1094
7085,475_2020-11-17,475,1,75.0,75,1088
7086,475_2020-11-18,475,1,65.0,65,1080
7087,475_2020-11-19,475,1,80.0,80,1073
7088,475_2020-11-20,475,1,80.0,80,1091
7089,475_2020-11-22,475,1,50.0,50,1192
7090,475_2020-11-23,475,1,70.0,70,1080
7091,475_2020-11-24,475,1,60.0,60,1123
7092,475_2020-11-25,475,1,65.0,65,1083
7093,475_2020-11-26,475,1,75.0,75,1075
7094,475_2020-11-27,475,1,60.0,60,1086
7095,475_2020-11-28,475,1,80.0,80,1068
7096,475_2020-11-29,475,1,75.0,75,1095
7097,475_2020-11-30,475,1,85.0,85,1085
7098,475_2020-12-01,475,1,65.0,65,1080
7099,475_2020-12-02,475,1,60.0,60,1075
7100,475_2020-12-04,475,2,90.0,20;70,809;1080
7101,475_2020-12-05,475,1,75.0,75,1080
7102,477_2020-08-14,477,3,95.0,25;40;30,382;841;1095
7103,477_2020-08-15,477,3,145.0,25;55;65,373;801;1118
7104,477_2020-08-16,477,3,100.0,25;45;30,378;739;1125
7105,477_2020-08-17,477,3,105.0,25;40;40,401;698;1146
7106,477_2020-08-20,477,5,132.0,22;15;40;45;10,335;523;702;1038;1231
7107,477_2020-08-21,477,3,95.0,15;40;40,318;726;1057
7108,477_2020-08-22,477,4,130.0,25;45;15;45,370;735;807;1204
7109,477_2020-08-23,477,6,93.0,25;10;10;14;20;14,355;480;661;791;1050;1070
7110,477_2020-08-24,477,5,122.0,25;8;40;14;35,388;480;733;936;1216
7111,477_2020-08-25,477,2,130.0,55;75,475;1092
7112,477_2020-08-26,477,3,200.0,85;100;15,523;938;1259
7113,477_2020-08-27,477,3,90.0,25;45;20,394;777;1077
7114,477_2020-08-28,477,6,138.0,25;45;14;14;25;15,380;837;863;953;1031;1238
7115,477_2020-08-29,477,4,114.0,22;45;22;25,400;778;795;1065
7116,477_2020-08-30,477,4,129.0,25;45;14;45,349;726;905;1171
7117,477_2020-08-31,477,3,150.0,15;45;90,369;735;1163
7118,477_2020-09-01,477,5,136.0,25;19;40;12;40,465;558;730;842;1110
7119,477_2020-09-02,477,3,135.0,25;35;75,451;685;1225
7120,477_2020-09-03,477,2,65.0,25;40,391;1049
7121,477_2020-09-04,477,3,95.0,25;45;25,365;752;1073
7122,477_2020-09-05,477,4,138.0,25;45;50;18,348;758;1055;1252
7123,477_2020-09-06,477,3,88.0,18;45;25,391;736;1057
7124,477_2020-09-07,477,4,170.0,28;55;12;75,371;730;953;1066
7125,477_2020-09-08,477,4,128.0,28;45;45;10,480;585;735;1046
7126,477_2020-09-09,477,5,157.0,22;25;30;35;45,475;667;788;1080;1400
7127,477_2020-09-10,477,3,142.0,22;45;75,425;728;1209
7128,479_2020-03-13,479,7,46.0,11;8;6;5;6;4;6,361;541;665;788;1017;1036;1061
7129,479_2020-03-14,479,6,33.0,7;4;4;7;5;6,358;582;761;840;1022;1095
7130,479_2020-03-15,479,6,32.0,7;8;4;3;4;6,447;637;817;840;1023;1148
7131,479_2020-03-16,479,4,37.0,7;7;11;12,356;556;747;1040
7132,479_2020-03-17,479,6,120.05000000000001,40.35;10;30.83;8;22.87;8,343;343;673;673;1044;1044
7133,479_2020-03-18,479,4,115.31,50.74;10;46.57;8,528;528;999;999
7134,479_2020-03-20,479,8,95.52000000000001,19.13;5;12.55;7;10.86;5;26.98;9,526;526;610;610;691;691;1041;1041
7135,479_2020-03-21,479,4,68.39,40.35;10;13.04;5,383;383;844;844
7136,479_2020-03-23,479,7,36.0,7;4;3;2;8;4;8,351;405;480;491;716;836;1030
7137,479_2020-03-24,479,6,129.82,43.32;10;23.59;10;32.91;10,345;345;722;722;1064;1064
7138,479_2020-03-30,479,4,69.66,28.62;8;28.04;5,274;274;794;794
7139,479_2020-03-31,479,6,98.7,20.61;4;45.23;8;13.86;7,349;349;671;671;1030;1030
7140,479_2020-04-05,479,8,115.22999999999999,20.61;5;44.46;12;7.7;5;14.46;6,368;368;690;690;935;935;1158;1158
7141,479_2020-04-06,479,6,59.260000000000005,14.32;6;15.39;9;10.55;4,381;381;594;594;983;983
7142,479_2020-04-08,479,5,32.0,5;6;7;8;6,290;465;719;910;1071
7143,48_2019-11-28,48,5,305.0,40;25;130;90;20,408;615;732;1245;1341
7144,48_2019-12-01,48,5,280.0,40;40;20;80;100,400;519;655;840;1200
7145,48_2019-12-02,48,5,210.0,45;55;10;80;20,420;735;1010;1210;1321
7146,48_2019-12-04,48,6,311.64,43.26;30;66.03;58;34.35;80,408;408;813;813;1164;1164
7147,48_2019-12-05,48,7,244.0,25;25;63;25;75;16;15,391;542;870;988;1165;1253;1314
7148,48_2019-12-08,48,5,190.0,45;25;15;15;90,420;765;857;990;1303
7149,48_2019-12-09,48,3,128.0,63;5;60,870;1137;1230
7150,48_2019-12-10,48,4,175.0,40;55;60;20,400;830;1177;1317
7151,48_2019-12-11,48,3,163.0,30;68;65,421;823;1189
7152,48_2019-12-12,48,3,140.0,40;60;40,388;1044;1403
7153,48_2019-12-15,48,3,225.0,40;100;85,462;918;1238
7154,48_2019-12-16,48,5,194.0,30;49;15;80;20,502;745;1085;1208;1292
7155,48_2019-12-17,48,6,294.37,27.13;35;50.69;59;42.55;80,396;396;842;842;1169;1169
7156,48_2019-12-19,48,4,146.0,30;41;55;20,402;847;1153;1256
7157,48_2019-12-20,48,5,135.0,35;10;15;55;20,405;842;904;1142;1257
7158,48_2019-12-21,48,4,288.0,30;108;30;120,409;732;1270;1403
7159,48_2019-12-22,48,5,233.0,30;18;47;18;120,424;761;903;1198;1303
7160,48_2019-12-23,48,5,175.0,40;50;10;55;20,451;855;1085;1265;1340
7161,482_2021-03-21,482,2,95.0,50;45,846;1184
7162,482_2021-03-22,482,3,73.91,33.91;25;15,1200;1200;1315
7163,482_2021-03-23,482,4,90.0,15;20;35;20,701;819;899;1391
7164,482_2021-03-24,482,6,155.17,33.41;15;3.41;25;53.35;25,662;662;853;853;1192;1192
7165,482_2021-03-26,482,4,110.0,35;15;35;25,725;840;1126;1380
7166,482_2021-03-27,482,5,115.0,15;30;20;35;15,755;795;1050;1410;1435
7167,482_2021-03-29,482,6,265.71999999999997,99.77;35;27.91;20;43.04;40,736;736;849;849;1388;1388
7168,482_2021-03-30,482,3,120.0,35;40;45,735;901;1402
7169,482_2021-03-31,482,2,80.0,35;45,719;1351
7170,482_2021-04-01,482,8,163.23000000000002,5.12;35;46.06;10;7.92;10;29.13;20,748;748;1150;1150;1341;1341;1370;1370
7171,482_2021-04-03,482,3,110.0,35;30;45,773;965;1388
7172,482_2021-04-04,482,3,120.0,20;40;60,535;757;1122
7173,482_2021-04-05,482,3,95.0,35;30;30,15;137;1128
7174,482_2021-04-06,482,3,93.0,45;33;15,0;838;928
7175,482_2021-04-07,482,6,189.68,49.89;40;6.88;15;32.91;45,766;766;955;955;1350;1350
7176,482_2021-04-08,482,8,342.44,65.24;25;65.48;40;27.91;20;53.81;45,765;765;1100;1100;1113;1113;1350;1350
7177,482_2021-04-09,482,4,105.0,20;40;35;10,601;746;892;1105
7178,482_2021-04-10,482,4,120.0,15;35;30;40,825;874;1083;1104
7179,482_2021-04-11,482,4,165.0,35;65;20;45,502;735;861;1109
7180,482_2021-04-12,482,5,150.0,45;20;10;35;40,50;130;713;814;1383
7181,482_2021-04-13,482,5,180.0,40;20;35;30;55,170;182;872;954;1410
7182,483_2020-08-20,483,4,161.0,50;56;45;10,561;735;1099;1228
7183,483_2020-08-21,483,3,140.0,35;45;60,507;744;1173
7184,483_2020-08-22,483,3,135.0,35;40;60,550;741;1132
7185,483_2020-08-23,483,3,145.0,35;40;70,533;752;1139
7186,483_2020-08-24,483,4,268.0,90;40;60;78,597;773;1136;1200
7187,483_2020-08-25,483,4,153.0,35;30;70;18,618;786;1105;1360
7188,483_2020-08-26,483,3,148.0,35;43;70,523;734;1100
7189,483_2020-08-27,483,4,148.0,35;35;60;18,539;777;1138;1303
7190,483_2020-08-28,483,5,160.0,35;40;30;45;10,597;773;839;1111;1357
7191,483_2020-08-29,483,5,160.0,35;40;15;60;10,528;722;888;1114;1313
7192,483_2020-08-30,483,4,147.0,35;37;20;55,604;741;897;1133
7193,483_2020-08-31,483,3,139.0,35;34;70,530;776;1202
7194,483_2020-09-01,483,3,142.0,35;37;70,528;748;1113
7195,483_2020-09-02,483,4,165.0,35;40;60;30,591;753;1087;1335
7196,483_2020-09-03,483,4,161.0,35;41;60;25,600;821;1140;1225
7197,483_2020-09-04,483,3,145.0,35;40;70,548;720;1098
7198,483_2020-09-05,483,4,150.0,35;40;15;60,568;726;941;1098
7199,483_2020-09-06,483,3,123.0,35;33;55,497;745;1072
7200,483_2020-09-07,483,2,55.0,35;20,623;733
7201,483_2020-09-08,483,4,156.0,35;37;55;29,514;742;1099;1330
7202,483_2020-09-09,483,5,158.0,35;21;37;10;55,518;668;708;884;1147
7203,483_2020-09-10,483,1,35.0,35,511
7204,484_2020-09-10,484,5,218.0,34;14;64;76;30,435;530;764;1210;1248
7205,484_2020-09-11,484,3,166.0,34;42;90,485;840;1121
7206,484_2020-09-12,484,6,202.0,62;48;53;23;6;10,103;425;446;1074;1091;1168
7207,484_2020-09-13,484,6,278.0,33;6;95;32;35;77,499;675;770;792;910;1120
7208,484_2020-09-14,484,4,178.0,33;15;50;80,525;656;837;1170
7209,484_2020-09-19,484,4,222.0,28;60;54;80,644;835;897;1163
7210,484_2020-09-20,484,4,234.0,30;24;80;100,300;668;762;1146
7211,484_2020-09-21,484,5,209.0,33;78;18;60;20,508;847;1019;1165;1266
7212,484_2020-09-24,484,8,334.7,24.12;60;27.44;40;71.57;42;19.57;50,592;592;750;750;866;866;1020;1020
7213,484_2020-09-25,484,8,338.84,24.02;60;12.83;16;47.6;50;53.39;75,408;408;658;658;761;761;1145;1145
7214,484_2020-09-26,484,5,238.0,33;25;80;30;70,452;520;1029;1203;1410
7215,484_2020-09-27,484,2,185.0,75;110,630;1080
7216,484_2020-09-28,484,3,165.0,55;40;70,576;894;1140
7217,484_2020-09-29,484,4,143.0,28;55;10;50,440;726;764;1158
7218,484_2020-09-30,484,4,178.0,33;30;40;75,512;750;940;1232
7219,484_2020-10-01,484,5,217.0,35;46;36;80;20,527;710;931;1176;1267
7220,484_2020-10-02,484,4,185.0,33;33;49;70,412;600;723;1212
7221,484_2020-10-03,484,3,153.0,28;60;65,559;869;1119
7222,484_2020-10-04,484,4,205.0,75;50;70;10,483;744;1160;1256
7223,484_2020-10-05,484,5,198.0,33;25;80;10;50,456;678;758;990;1169
7224,484_2020-10-06,484,3,189.0,34;80;75,530;885;1220
7225,484_2020-10-07,484,4,190.0,35;55;40;60,450;652;735;1210
7226,486_2020-03-31,486,3,101.0,25;11;65,596;921;1102
7227,486_2020-04-01,486,4,105.0,30;25;20;30,502;720;840;1140
7228,486_2020-04-02,486,4,110.0,25;25;20;40,510;876;877;1110
7229,486_2020-04-03,486,4,100.0,25;30;10;35,493;720;975;1200
7230,486_2020-04-04,486,4,125.0,10;30;40;45,456;500;735;1050
7231,486_2020-04-05,486,3,88.0,23;25;40,435;765;1186
7232,486_2020-04-06,486,3,90.0,30;15;45,645;988;1091
7233,486_2020-04-07,486,3,84.0,24;45;15,570;960;1065
7234,486_2020-04-08,486,3,55.0,10;15;30,330;750;1110
7235,486_2020-04-09,486,4,125.0,10;25;25;65,315;470;735;1342
7236,486_2020-04-10,486,4,92.0,12;25;15;40,390;557;747;1125
7237,486_2020-04-11,486,3,88.0,23;25;40,467;750;1185
7238,486_2020-04-12,486,4,238.0,123;25;60;30,476;735;1050;1230
7239,486_2020-04-13,486,3,125.0,20;60;45,534;690;1103
7240,486_2020-04-14,486,3,114.0,30;24;60,575;747;1110
7241,486_2020-04-15,486,4,125.0,15;35;30;45,349;480;750;1110
7242,486_2020-04-16,486,3,85.0,35;20;30,451;750;1100
7243,486_2020-04-17,486,3,85.0,25;25;35,579;839;1126
7244,486_2020-04-18,486,3,127.0,27;45;55,596;1433;1434
7245,486_2020-04-19,486,2,95.0,60;35,750;1110
7246,486_2020-04-20,486,3,117.0,27;25;65,570;795;1032
7247,486_2020-04-21,486,3,107.0,27;40;40,570;735;1095
7248,486_2020-04-22,486,3,95.0,40;10;45,615;1035;1170
7249,486_2020-04-23,486,3,80.0,30;20;30,465;765;1099
7250,486_2020-04-24,486,2,50.0,30;20,474;1161
7251,486_2020-04-25,486,4,82.0,27;5;20;30,530;630;780;1140
7252,486_2020-04-26,486,3,86.0,35;11;40,600;823;1080
7253,486_2020-04-27,486,3,87.0,27;20;40,570;765;1080
7254,491_2019-11-28,491,3,220.0,85;90;45,303;534;1263
7255,491_2019-12-01,491,5,205.0,45;25;25;30;80,161;353;383;576;1427
7256,491_2019-12-02,491,2,150.0,70;80,465;671
7257,491_2019-12-03,491,4,270.0,85;40;130;15,39;512;535;1335
7258,491_2019-12-04,491,5,280.0,70;35;90;40;45,109;313;528;595;1336
7259,491_2019-12-05,491,5,285.0,75;60;60;60;30,74;248;500;1095;1275
7260,491_2019-12-06,491,3,155.0,50;35;70,82;564;1289
7261,491_2019-12-11,491,5,225.0,25;30;50;70;50,323;441;450;680;1226
7262,491_2019-12-12,491,4,193.0,55;38;40;60,320;391;532;553
7263,491_2019-12-14,491,4,230.0,90;60;30;50,509;737;754;1305
7264,491_2019-12-15,491,6,237.0,60;29;50;40;18;40,171;183;274;461;527;1428
7265,491_2019-12-16,491,6,277.0,29;28;45;30;85;60,142;340;436;651;810;1371
7266,491_2019-12-17,491,5,232.0,24;110;18;20;60,48;560;621;1037;1134
7267,491_2019-12-18,491,3,183.0,38;85;60,552;667;1225
7268,491_2019-12-19,491,5,255.0,50;30;90;70;15,659;935;970;1319;1368
7269,491_2019-12-20,491,3,175.0,70;60;45,671;970;998
7270,491_2019-12-23,491,7,247.0,35;35;40;30;25;30;52,116;449;466;499;518;618;1230
7271,498_2020-05-11,498,7,105.0,8;14;25;17;5;20;16,385;435;683;923;981;1186;1342
7272,498_2020-05-12,498,4,91.0,32;16;18;25,490;664;752;1173
7273,498_2020-05-13,498,3,79.0,18;26;35,391;1012;1165
7274,498_2020-05-14,498,3,72.0,22;25;25,510;803;1214
7275,498_2020-05-15,498,9,311.0,6.38;20.82;14;102.49;55;30.72;20;36.59;25,489;510;510;859;859;1066;1066;1138;1138
7276,498_2020-05-16,498,4,81.94999999999999,22.13;25;20.82;14,607;607;958;958
7277,498_2020-05-17,498,5,79.0,10;16;18;15;20,398;446;729;896;1196
7278,498_2020-05-18,498,8,191.46,24.97;20;30.65;20;19.24;20;36.6;20,490;490;783;783;814;814;1325;1325
7279,498_2020-05-19,498,8,174.7,24.97;20;17.76;20;25.89;25;21.08;20,515;515;725;725;1176;1176;1182;1182
7280,498_2020-05-20,498,4,78.0,20;20;20;18,473;665;1193;1306
7281,498_2020-05-21,498,4,72.0,8;14;30;20,409;434;745;1030
7282,498_2020-05-22,498,5,76.0,8;8;20;15;25,495;556;650;840;1126
7283,498_2020-05-23,498,4,151.36,44.49;20;51.87;35,556;556;1096;1096
7284,498_2020-05-24,498,6,152.13,18.14;20;17.12;15;51.87;30,529;529;1156;1156;1358;1358
7285,498_2020-05-26,498,3,70.0,20;25;25,436;719;1279
7286,498_2020-05-28,498,3,44.0,10;20;14,581;683;902
7287,498_2020-05-29,498,2,65.0,20;45,650;1157
7288,498_2020-05-30,498,4,119.11,18.57;20;50.54;30,581;581;1248;1248
7289,498_2020-05-31,498,8,262.65999999999997,26.33;22;58.45;15;33.88;20;57;30,435;435;665;665;900;900;1124;1124
7290,498_2020-06-01,498,3,67.0,8;14;45,470;514;1333
7291,498_2020-06-02,498,2,52.0,22;30,541;1210
7292,498_2020-06-03,498,3,39.0,10;14;15,388;499;705
7293,498_2020-06-04,498,6,108.23,5.51;8;32.27;30;12.45;20,711;711;817;817;1200;1200
7294,498_2020-06-05,498,6,109.4,10.14;15;37.63;25;11.63;10,978;978;995;995;1403;1403
7295,498_2020-06-06,498,3,98.0,30;18;50,640;788;1190
7296,498_2020-06-07,498,3,67.0,22;20;25,526;745;1263
7297,499_2020-01-27,499,4,43.0,8;5;10;20,663;810;821;948
7298,499_2020-01-28,499,3,47.0,2;15;30,706;778;890
7299,499_2020-01-29,499,4,65.0,5;15;25;20,670;960;1193;1260
7300,499_2020-01-30,499,3,52.0,17;15;20,710;729;817
7301,499_2020-02-01,499,6,111.53999999999999,36.44;5;9.41;3;51.69;6,744;744;917;917;1126;1126
7302,499_2020-02-02,499,8,182.41,10.44;8;48.88;5;42.59;10;37.5;20,661;661;801;801;999;999;1184;1184
7303,499_2020-02-03,499,6,121.92999999999999,38.64;5;21.16;20;27.13;10,794;794;1145;1145;1189;1189
7304,499_2020-02-04,499,8,172.06,39.9;5;14.05;17;43.01;15;28.1;10,878;878;1075;1075;1208;1208;1233;1233
7305,499_2020-02-05,499,3,43.0,30;3;10,950;963;1190
7306,499_2020-02-06,499,3,31.0,15;6;10,749;909;1331
7307,499_2020-02-07,499,3,75.0,35;10;30,847;953;1239
7308,499_2020-02-08,499,4,175.18,101.67;10;23.51;40,920;920;1140;1140
7309,499_2020-02-09,499,6,196.16,58.38;10;44.24;35;22.54;26,710;710;990;990;1248;1248
7310,499_2020-02-10,499,4,103.89,2.09;8;78.8;15,654;654;865;865
7311,499_2020-02-12,499,3,110.0,50;20;40,870;1155;1230
7312,499_2020-02-13,499,4,90.0,5;10;35;40,918;924;1230;1250
7313,499_2020-02-14,499,3,63.0,23;15;25,820;908;1020
7314,499_2020-02-15,499,3,33.0,3;20;10,774;826;1211
7315,499_2020-02-16,499,4,58.0,3;10;10;35,774;979;1077;1194
7316,499_2020-02-17,499,6,174.23,46.57;15;17.18;35;56.48;4,729;729;1084;1084;1146;1146
7317,499_2020-02-19,499,4,90.0,30;15;20;25,600;774;1071;1092
7318,499_2020-02-21,499,4,149.0,35;35;54;25,765;903;927;1391
7319,499_2020-02-22,499,4,70.0,10;20;25;15,730;936;1259;1260
7320,499_2020-02-23,499,4,92.0,25;17;15;35,154;855;1055;1330
7321,50_2020-03-02,50,6,99.0,8;6;39;6;29;11,382;595;765;992;1170;1203
7322,50_2020-03-04,50,8,124.77,8.63;6;19.85;11;32.87;26;11.42;9,588;588;780;780;1140;1140;1280;1280
7323,50_2020-03-05,50,5,72.0,8;6;13;30;15,383;578;750;1138;1280
7324,50_2020-03-06,50,5,92.0,8;39;9;27;9,403;735;876;1115;1311
7325,50_2020-03-09,50,5,77.0,8;16;34;10;9,480;741;1088;1252;1310
7326,50_2020-03-10,50,8,123.53,8.56;7;8.4;7;36.06;35;12.51;9,499;499;796;796;1127;1127;1320;1320
7327,50_2020-03-12,50,6,82.0,8;39;6;10;10;9,425;770;934;1143;1242;1311
7328,50_2020-03-13,50,6,102.0,8;6;39;6;34;9,394;647;765;977;1102;1295
7329,50_2020-03-14,50,7,116.0,8;6;39;8;36;10;9,379;663;795;966;1090;1253;1301
7330,50_2020-03-15,50,6,101.0,8;8;39;6;29;11,395;616;765;921;1125;1296
7331,50_2020-03-16,50,6,102.0,8;39;8;34;10;3,407;756;880;1180;1280;1341
7332,50_2020-03-19,50,7,95.0,8;8;39;3;25;3;9,400;609;753;938;1140;1197;1300
7333,50_2020-03-20,50,7,96.0,8;6;39;3;23;8;9,378;582;760;972;1080;1217;1293
7334,50_2020-03-21,50,5,73.0,8;1;39;8;17,376;669;763;913;1158
7335,50_2020-03-22,50,6,87.0,7;5;39;4;23;9,380;593;772;887;1112;1310
7336,50_2020-03-24,50,8,98.94999999999999,5.97;8;9.35;10;20.21;23;11.42;11,457;457;770;770;1141;1141;1270;1270
7337,50_2020-03-25,50,4,65.0,16;10;28;11,589;788;1107;1303
7338,50_2020-03-26,50,6,99.0,7;6;39;6;30;11,392;623;736;873;1152;1305
7339,50_2020-03-27,50,6,101.0,7;6;39;6;32;11,400;603;775;887;1106;1293
7340,504_2020-08-21,504,3,120.0,50;30;40,811;1050;1180
7341,504_2020-08-22,504,4,142.37,52.37;50;30;10,822;822;1020;1191
7342,504_2020-08-23,504,6,180.75,52.11;50;19.2;15;19.44;25,772;772;1019;1019;1207;1207
7343,504_2020-08-24,504,4,286.18,58.2;60;97.98;70,807;807;1336;1336
7344,504_2020-08-25,504,3,160.0,70;20;70,733;930;1336
7345,504_2020-08-26,504,4,150.0,60;30;30;30,709;915;1214;1376
7346,504_2020-08-27,504,3,130.0,30;20;80,720;905;1192
7347,504_2020-08-28,504,4,235.11,81.54;40;33.57;80,812;812;1228;1228
7348,504_2020-08-29,504,8,294.23,81.58;50;15.6;12;39.13;62;8.92;25,733;733;1075;1075;1218;1218;1278;1278
7349,504_2020-08-30,504,4,138.0,40;8;75;15,800;816;1209;1355
7350,504_2020-08-31,504,2,115.0,65;50,760;1118
7351,504_2020-09-01,504,2,95.0,80;15,924;1229
7352,504_2020-09-02,504,3,130.0,20;70;40,689;837;1235
7353,504_2020-09-03,504,3,105.0,45;10;50,823;1169;1190
7354,504_2020-09-04,504,4,160.0,45;40;45;30,730;950;1162;1248
7355,504_2020-09-05,504,3,150.0,60;30;60,735;924;1171
7356,504_2020-09-06,504,4,145.0,50;20;50;25,729;1015;1202;1253
7357,504_2020-09-07,504,2,110.0,50;60,729;1183
7358,504_2020-09-08,504,3,160.0,50;30;80,753;1060;1270
7359,504_2020-09-09,504,3,142.0,32;80;30,758;1172;1305
7360,504_2020-09-10,504,3,102.0,40;30;32,680;921;940
7361,504_2020-09-11,504,1,52.0,52,908
7362,504_2020-09-12,504,3,130.0,50;35;45,720;925;1205
7363,504_2020-09-13,504,4,177.28,30.28;50;45;52,785;785;1125;1204
7364,504_2020-09-14,504,3,157.0,52;60;45,765;1158;1256
7365,504_2020-09-15,504,2,75.0,50;25,730;1166
7366,504_2020-09-16,504,3,145.0,70;25;50,738;1039;1188
7367,504_2020-09-17,504,2,95.0,55;40,922;1230
7368,506_2021-06-17,506,8,264.37,37.26;26;23.92;35;54.1;55;15.09;18,523;523;663;663;755;755;911;911
7369,506_2021-06-19,506,4,208.0,68;70;40;30,521;692;1140;1184
7370,506_2021-06-20,506,4,115.0,25;25;25;40,451;748;912;1220
7371,506_2021-06-23,506,4,151.0,33;65;30;23,489;757;1099;1233
7372,506_2021-06-24,506,4,138.0,23;50;35;30,451;787;1122;1219
7373,506_2021-06-25,506,5,133.0,23;25;20;25;40,457;750;853;966;1171
7374,506_2021-06-26,506,6,292.44000000000005,16.95;23;82.9;60;44.59;65,466;466;710;710;1248;1248
7375,506_2021-06-27,506,4,123.0,23;55;30;15,457;753;1137;1143
7376,506_2021-06-28,506,3,115.0,50;40;25,503;1260;1261
7377,506_2021-06-29,506,3,85.0,25;15;45,627;755;1053
7378,506_2021-06-30,506,2,53.0,23;30,648;879
7379,506_2021-07-06,506,2,70.0,25;45,734;1237
7380,506_2021-07-07,506,3,134.0,21;55;58,709;723;1082
7381,507_2020-01-12,507,9,108.94,10;0.72;5;9;15;10.19;5;34.03;20,396;507;507;790;790;1073;1073;1097;1097
7382,507_2020-01-15,507,4,213.97,29.32;30;87.65;67,796;796;1198;1198
7383,507_2020-01-16,507,3,138.0,37;60;41,757;873;1016
7384,507_2020-01-17,507,3,95.0,50;10;35,513;910;1144
7385,507_2020-01-18,507,5,173.0,7;116;10;30;10,621;772;978;1125;1271
7386,507_2020-01-19,507,8,135.07999999999998,4.68;7;22.83;30;11.53;24;25.04;10,505;505;802;802;1063;1063;1274;1274
7387,507_2020-01-21,507,8,125.54,0.77;5;18.68;9;26.06;20;21.03;25,514;514;567;567;771;771;1267;1267
7388,507_2020-01-23,507,5,166.0,20;41;30;45;30,270;555;687;705;1077
7389,507_2020-01-24,507,4,115.0,5;50;50;10,581;710;1069;1317
7390,507_2020-01-25,507,5,131.0,25;20;11;45;30,553;793;843;958;1134
7391,507_2020-01-28,507,6,96.0,5;11;10;30;15;25,460;503;675;935;936;1310
7392,507_2020-01-29,507,3,120.0,45;25;50,590;837;1134
7393,507_2020-01-30,507,2,40.0,10;30,542;847
7394,507_2020-02-03,507,6,150.32,1.6;7;2.2;20;74.52;45,427;427;781;781;1118;1118
7395,507_2020-02-04,507,3,85.0,30;10;45,637;922;1120
7396,507_2020-02-05,507,4,107.0,22;15;35;35,507;786;1118;1231
7397,507_2020-02-06,507,3,81.0,15;21;45,605;873;1212
7398,507_2020-02-07,507,4,60.0,30;5;10;15,380;600;697;910
7399,507_2020-02-08,507,3,65.0,35;15;15,564;775;1067
7400,509_2020-08-17,509,5,149.45999999999998,33;34.05;35;19.41;28,648;769;769;1131;1131
7401,509_2020-08-18,509,4,159.19,47.14;33;34.05;45,595;595;750;750
7402,509_2020-08-20,509,6,176.4,47.14;33;22.18;39;3.08;32,510;510;806;806;1125;1125
7403,509_2020-08-21,509,1,33.0,33,615
7404,509_2020-08-23,509,2,58.0,28;30,671;806
7405,509_2020-08-25,509,4,107.3,27.93;29;27.37;23,608;608;891;891
7406,511_2020-07-09,511,6,315.17,68.29;7.82;60.47;70;68.59;40,779;779;779;779;1106;1106
7407,511_2020-07-10,511,8,179.11,27.27;22;23.26;6;21.73;15;33.85;30,597;597;815;815;915;915;1095;1095
7408,511_2020-07-11,511,7,172.84,2.91;25;16.91;21.59;21;55.43;30,589;589;739;927;927;1135;1135
7409,511_2020-07-12,511,2,90.0,45;45,675;1095
7410,511_2020-07-13,511,3,135.0,60;15;60,705;857;1095
7411,511_2020-07-14,511,2,70.0,40;30,680;990
7412,511_2020-07-15,511,2,95.0,45;50,654;1200
7413,511_2020-07-16,511,3,89.0,35;24;30,652;816;1110
7414,511_2020-07-17,511,6,312.37,80.26;45;15.7;20;96.41;55,718;718;1062;1062;1215;1215
7415,511_2020-07-18,511,7,271.78999999999996,30.44;30;1.48;29.6;25;100.27;55,655;655;748;1068;1068;1199;1199
7416,511_2020-07-19,511,4,105.0,25;35;15;30,678;767;1147;1272
7417,511_2020-07-20,511,6,296.89,77.7;45;90.89;30;28.3;25,834;834;1166;1166;1405;1405
7418,511_2020-07-21,511,5,129.27,41;28.42;15;21.85;23,814;1134;1134;1227;1227
7419,511_2020-07-22,511,3,111.0,25;25;61,737;1005;1164
7420,511_2020-07-23,511,3,58.0,15;13;30,555;1125;1432
7421,511_2020-07-24,511,7,198.36,77.22;25;0.34;20.16;2;37.64;36,653;653;772;1056;1056;1172;1172
7422,511_2020-07-25,511,8,330.01,18.56;25;57.45;35;8.24;159;11.76;15,52;52;656;656;886;886;1337;1337
7423,511_2020-07-26,511,2,66.0,35;31,765;1148
7424,511_2020-07-27,511,3,120.0,50;40;30,772;1194;1280
7425,511_2020-07-28,511,3,125.0,45;40;40,652;941;1170
7426,511_2020-07-29,511,2,80.0,30;50,819;1179
7427,511_2020-07-30,511,3,110.0,40;35;35,649;887;1124
7428,511_2020-07-31,511,6,169.15,21.43;18;73.22;20;11.5;25,712;712;1027;1027;1208;1208
7429,511_2020-08-02,511,3,85.0,40;15;30,761;1155;1305
7430,511_2020-08-03,511,3,131.0,50;40;41,728;887;1213
7431,515_2020-01-16,515,6,252.25,21;30;5;60;83.25;53,512;780;1032;1057;1198;1198
7432,515_2020-01-17,515,4,162.0,30;77;20;35,734;1172;1185;1286
7433,515_2020-01-18,515,4,125.0,43;15;42;25,572;720;1050;1110
7434,515_2020-01-19,515,4,125.0,60;15;15;35,660;840;895;1080
7435,515_2020-01-20,515,3,126.0,16;55;55,540;1122;1300
7436,515_2020-01-21,515,8,212.49,19.98;16;29.45;33;21.38;11;57.68;24,540;540;772;772;974;974;1163;1163
7437,515_2020-01-22,515,8,325.43999999999994,28.68;25;84.99;38;80.44;35;18.33;15,604;604;835;835;1050;1050;1240;1240
7438,515_2020-01-23,515,4,85.0,9;6;30;40,426;630;795;1118
7439,515_2020-01-24,515,4,83.0,6;32;18;27,602;815;1144;1145
7440,515_2020-01-27,515,5,137.0,25;35;48;14;15,720;942;1139;1331;1343
7441,515_2020-01-28,515,8,288.99,2.34;10;13.04;30;55.14;45;83.47;50,790;790;883;883;1175;1175;1281;1281
7442,515_2020-01-30,515,4,105.0,45;20;5;35,690;982;1045;1060
7443,515_2020-01-31,515,3,90.0,27;28;35,551;908;1096
7444,515_2020-02-01,515,6,219.28,67.31;30;35.99;6.48;29.5;50,767;767;1102;1102;1102;1102
7445,515_2020-02-02,515,4,123.89,29.2;25;47.69;22,841;841;1088;1088
7446,515_2020-02-03,515,7,174.0,17;30;15;17;55;30;10,600;810;970;973;1080;1333;1334
7447,515_2020-02-04,515,4,81.0,1;35;30;15,585;720;1110;1140
7448,515_2020-02-07,515,4,115.0,6;60;38;11,600;857;1128;1276
7449,515_2020-02-08,515,4,125.0,10;15;40;60,630;800;1065;1141
7450,515_2020-02-09,515,2,58.0,45;13,822;1358
7451,515_2020-02-10,515,5,117.0,9;36;12;44;16,587;810;1025;1110;1257
7452,515_2020-02-11,515,8,168.61,9.99;6;29.7;38;14.02;9;31.9;30,527;527;766;766;990;990;1128;1128
7453,515_2020-02-12,515,8,284.33000000000004,21.81;10;62.02;43;82.69;35;14.81;15,572;572;865;865;1140;1140;1267;1267
7454,521_2019-06-28,521,1,40.0,40,406
7455,521_2019-07-03,521,5,150.0,25;30;30;25;40,453;708;716;761;1111
7456,521_2019-07-04,521,8,174.13,37.28;25;3.6;1.19;2.41;5;55.65;44,398;398;710;710;710;710;1092;1092
7457,521_2019-07-05,521,7,171.91,21.25;23;2.06;18.3;16;41.3;50,479;479;674;806;806;1145;1145
7458,521_2019-07-07,521,3,187.0,20;17;150,450;780;1215
7459,528_2019-06-23,528,6,293.77,39.7;27;81.78;55;25.29;65,480;480;835;835;1133;1133
7460,528_2019-06-25,528,3,197.0,72;60;65,440;780;1084
7461,528_2019-06-28,528,6,205.0,48;42;30;22;48;15,455;705;871;921;1155;1333
7462,528_2019-06-29,528,4,186.0,48;60;18;60,517;803;1001;1167
7463,528_2019-07-02,528,5,220.0,12;60;25;45;78,351;476;745;826;1220
7464,528_2019-07-05,528,5,200.0,12;60;48;15;65,368;444;710;948;1119
7465,528_2019-07-06,528,8,287.0,10;65;20;40;60;20;40;32,370;494;800;889;1024;1054;1097;1105
7466,528_2019-07-09,528,5,220.0,10;70;50;30;60,448;640;1127;1242;1263
7467,528_2019-07-10,528,5,193.0,12;60;25;70;26,477;650;852;1034;1101
7468,528_2019-07-11,528,6,233.0,12;50;50;60;35;26,398;483;694;1131;1232;1245
7469,528_2019-07-12,528,6,240.0,10;65;50;60;20;35,389;492;691;1052;1146;1169
7470,528_2019-07-13,528,6,211.0,10;23;20;58;18;82,405;465;550;656;716;1113
7471,528_2019-07-14,528,8,273.0,10;65;65;30;20;45;20;18,438;495;760;799;907;1080;1105;1163
7472,528_2019-07-15,528,6,213.0,10;50;50;18;55;30,368;457;800;1002;1051;1377
7473,528_2019-07-16,528,5,122.0,10;18;72;12;10,434;541;1132;1291;1303
7474,528_2019-07-17,528,4,145.0,12;45;20;68,530;644;774;1165
7475,528_2019-07-18,528,6,178.0,10;10;18;45;25;70,415;466;521;824;1165;1297
7476,531_2020-01-18,531,4,138.0,45;18;45;30,616;859;980;1170
7477,531_2020-01-19,531,3,87.0,35;32;20,623;962;1425
7478,531_2020-01-20,531,3,115.0,45;55;15,851;1120;1425
7479,531_2020-01-21,531,3,100.0,41;45;14,615;1020;1214
7480,531_2020-01-22,531,4,110.0,42;18;30;20,593;783;870;1176
7481,531_2020-01-23,531,6,162.0,12;30;15;25;45;35,600;724;827;974;1185;1260
7482,531_2020-01-24,531,3,92.0,32;40;20,285;823;1410
7483,531_2020-01-25,531,1,30.0,30,1290
7484,531_2020-01-26,531,4,110.28999999999999,23.02;25;32.27;30,792;792;855;855
7485,531_2020-01-27,531,6,271.06,17;25;61.81;45;62.25;60,687;687;996;996;1126;1126
7486,531_2020-01-28,531,4,135.0,35;40;25;35,662;960;979;1171
7487,531_2020-01-29,531,6,214.13000000000002,57.09;35;40.52;35;16.52;30,633;633;934;934;1198;1198
7488,531_2020-01-30,531,4,127.0,25;35;42;25,386;890;1197;1217
7489,531_2020-01-31,531,3,80.0,40;30;10,890;1148;1209
7490,531_2020-02-01,531,2,40.0,10;30,720;1210
7491,531_2020-02-02,531,3,83.0,38;20;25,615;852;1028
7492,531_2020-02-03,531,3,78.0,35;24;19,786;1002;1111
7493,531_2020-02-04,531,1,45.0,45,927
7494,531_2020-02-05,531,8,354.97,45.53;38;7.99;25;61.14;45;87.31;45,801;801;915;915;987;987;1169;1169
7495,531_2020-02-06,531,8,224.27,13.45;30;31.08;30;30.07;20;29.67;40,696;696;920;920;1185;1185;1366;1366
7496,531_2020-02-07,531,3,90.0,45;25;20,490;706;1020
7497,531_2020-02-08,531,3,80.0,25;30;25,1187;1270;1433
7498,531_2020-02-09,531,3,110.0,40;30;40,675;827;1109
7499,531_2020-02-10,531,4,110.0,25;15;35;35,682;1005;1268;1347
7500,531_2020-02-11,531,8,284.79999999999995,46.22;38;30.38;20;39.67;35;61.53;14,554;554;919;919;1104;1104;1374;1374
7501,531_2020-02-12,531,8,270.38,54.21;30;41.6;35;16.91;30;32.66;30,478;478;745;745;1009;1009;1298;1298
7502,531_2020-02-13,531,3,88.0,18;35;35,820;907;1072
7503,531_2020-02-14,531,4,135.0,30;35;30;40,600;804;930;1232
7504,532_2020-09-21,532,5,231.95,33.95;35;68;65;30,682;682;828;1082;1174
7505,532_2020-09-22,532,3,143.14,35;63.14;45,690;1172;1172
7506,532_2020-09-23,532,4,145.0,30;20;20;75,577;840;1027;1260
7507,532_2020-09-24,532,5,105.0,20;30;15;10;30,555;720;988;1017;1185
7508,532_2020-09-25,532,5,131.0,30;24;12;45;20,600;785;940;962;1320
7509,532_2020-09-26,532,6,237.16,19.09;35;57.69;30;65.38;30,603;603;936;936;1354;1354
7510,532_2020-09-27,532,8,189.81,59.42;35;15.39;20;7.48;20;7.52;25,578;578;785;785;827;827;1182;1182
7511,532_2020-09-28,532,4,110.0,35;20;30;25,510;818;1172;1375
7512,532_2020-09-30,532,6,184.82000000000002,38.62;60;28.71;30;7.49;20,553;553;740;740;1100;1100
7513,532_2020-10-01,532,5,225.0,45;35;45;80;20,500;1040;1200;1354;1355
7514,532_2020-10-02,532,3,90.0,15;30;45,666;890;1080
7515,532_2020-10-03,532,3,165.0,60;30;75,621;942;1305
7516,532_2020-10-04,532,6,264.41,48.61;45;6.07;25;79.73;60,593;593;769;769;1176;1176
7517,532_2020-10-05,532,6,202.48999999999998,81.47;30;36.92;30;4.1;20,553;553;859;859;1031;1031
7518,532_2020-10-06,532,3,70.0,10;30;30,587;753;1184
7519,532_2020-10-07,532,3,120.0,40;20;60,624;735;1146
7520,532_2020-10-08,532,3,60.82,20;10.82;30,804;1215;1215
7521,532_2020-10-09,532,3,65.0,20;30;15,666;752;1159
7522,532_2020-10-10,532,3,83.0,30;23;30,600;794;1170
7523,532_2020-10-11,532,5,180.0,30;45;30;15;60,570;780;960;1204;1350
7524,532_2020-10-12,532,5,90.0,5;15;10;30;30,600;780;885;1080;1320
7525,532_2020-10-13,532,5,150.0,30;30;45;15;30,560;780;1005;1200;1399
7526,532_2020-10-14,532,6,189.07,38.62;45;55.63;30;9.82;10,526;526;915;915;1211;1211
7527,532_2020-10-15,532,4,145.31,56.92;45;13.39;30,504;504;897;897
7528,532_2020-10-16,532,3,135.0,75;15;45,660;900;1224
7529,532_2020-10-17,532,4,65.0,15;20;15;15,660;760;990;1380
7530,532_2020-10-18,532,5,130.0,40;20;30;20;20,600;760;915;1050;1170
7531,539_2019-12-17,539,4,185.0,45;35;70;35,624;668;1012;1223
7532,539_2019-12-18,539,3,135.0,50;40;45,664;959;1128
7533,539_2019-12-19,539,8,296.76,53.1;65;19.77;16;64.67;55;13.22;10,621;621;811;811;1094;1094;1321;1321
7534,539_2019-12-21,539,3,160.0,50;25;85,599;838;1084
7535,539_2019-12-22,539,4,185.0,65;25;65;30,602;673;1045;1117
7536,539_2019-12-23,539,3,155.0,75;30;50,488;902;1343
7537,539_2019-12-24,539,6,179.0,50;14;15;75;5;20,635;696;881;1069;1177;1335
7538,539_2019-12-26,539,8,354.46,72.39;55;48.75;45;54.29;50;11.03;18,674;674;821;821;1109;1109;1382;1382
7539,539_2019-12-27,539,6,304.83000000000004,69.86;60;34.42;30;60.55;50,651;651;744;744;1026;1026
7540,539_2019-12-28,539,6,242.14,47.57;45;59.69;45;24.88;20,810;810;1085;1085;1347;1347
7541,539_2019-12-29,539,3,190.0,70;80;40,673;980;1189
7542,539_2019-12-30,539,2,75.0,50;25,1032;1332
7543,539_2019-12-31,539,4,215.0,60;50;70;35,705;876;1067;1254
7544,539_2020-01-01,539,4,170.0,55;20;65;30,690;944;1059;1229
7545,539_2020-01-02,539,8,279.18,15.57;25;18.33;55;69.6;55;15.68;25,637;637;778;778;1094;1094;1287;1287
7546,539_2020-01-03,539,4,155.0,55;20;55;25,685;926;1064;1273
7547,539_2020-01-04,539,3,150.0,50;40;60,718;905;1047
7548,539_2020-01-05,539,4,190.0,70;60;30;30,513;1046;1119;1373
7549,539_2020-01-06,539,3,145.0,50;65;30,832;1110;1352
7550,539_2020-01-07,539,3,200.0,65;50;85,629;825;1106
7551,539_2020-01-08,539,4,165.0,50;20;70;25,752;866;1036;1266
7552,539_2020-01-10,539,6,350.01,100.9;70;15.96;30;58.15;75,762;762;853;853;1084;1084
7553,539_2020-01-11,539,2,100.0,55;45,692;1072
7554,539_2020-01-12,539,3,135.0,55;20;60,490;986;1067
7555,539_2020-01-13,539,3,150.0,30;50;70,511;780;1079
7556,54_2020-01-15,54,8,227.36999999999998,10.75;20;4.53;10;65.51;75;24.58;17,483;483;910;910;1179;1179;1328;1328
7557,54_2020-01-17,54,4,180.94,9.53;20;76.41;75,508;508;1056;1056
7558,54_2020-01-18,54,3,105.0,20;10;75,478;908;1032
7559,54_2020-01-20,54,8,254.0,80;12;15;15;10;30;75;17,470;599;649;730;742;753;992;1130
7560,54_2020-01-21,54,8,233.56,10.16;20;3.89;10;72.93;75;24.58;17,495;495;939;939;1171;1171;1350;1350
7561,54_2020-01-22,54,8,227.78999999999996,8.36;20;4.53;10;68.32;75;24.58;17,422;422;855;855;1172;1172;1304;1304
7562,54_2020-01-23,54,8,263.53,10.16;20;75.21;75;24.58;17;24.58;17,553;553;1079;1079;1184;1184;1244;1244
7563,54_2020-01-24,54,6,213.95,9.56;20;67.81;75;24.58;17,601;601;1035;1035;1269;1269
7564,54_2020-01-25,54,4,236.0,20;130;60;26,442;925;1273;1357
7565,54_2020-01-26,54,5,216.0,60;40;30;60;26,555;826;980;1239;1333
7566,54_2020-01-27,54,5,162.0,40;16;70;10;26,565;713;1184;1261;1284
7567,54_2020-01-28,54,3,74.0,2;70;2,810;1128;1292
7568,54_2020-01-29,54,4,147.0,20;26;75;26,461;874;1172;1293
7569,54_2020-01-30,54,5,127.0,20;10;16;55;26,453;755;933;1093;1207
7570,54_2020-01-31,54,4,107.0,20;16;55;16,451;770;1179;1346
7571,54_2020-02-01,54,5,166.0,20;26;75;19;26,473;800;1001;1146;1280
7572,54_2020-02-03,54,3,156.0,55;75;26,734;1003;1228
7573,54_2020-02-04,54,2,95.0,20;75,455;1029
7574,54_2020-02-05,54,2,95.0,20;75,435;1027
7575,54_2020-02-06,54,3,120.0,75;16;29,1073;1156;1183
7576,54_2020-02-07,54,3,111.0,20;75;16,494;1040;1228
7577,54_2020-02-08,54,2,105.0,20;85,457;1288
7578,54_2020-02-09,54,4,171.0,40;16;90;25,548;899;1217;1401
7579,54_2020-02-10,54,2,95.0,70;25,1097;1231
7580,545_2020-06-12,545,8,179.01,27.37;10;35.25;25;31.89;15;16.5;18,675;675;869;869;1165;1165;1253;1253
7581,545_2020-06-14,545,8,218.66,10.82;15;35.87;15;56.51;25;40.46;20,617;617;699;699;840;840;1049;1049
7582,545_2020-06-15,545,8,201.84,13.97;10;29.34;15;32.02;25;56.51;20,612;612;697;697;836;836;1172;1172
7583,545_2020-06-16,545,4,90.0,10;20;30;30,690;748;885;1080
7584,545_2020-06-17,545,4,70.0,15;25;10;20,660;799;996;1315
7585,545_2020-06-18,545,5,83.0,10;10;10;25;28,612;654;736;978;1215
7586,545_2020-06-19,545,3,50.0,15;15;20,662;767;1148
7587,545_2020-06-20,545,8,155.34,6.98;10;27.4;20;27.4;15;23.56;25,482;482;585;585;741;741;1224;1224
7588,545_2020-06-21,545,4,206.46,37.27;35;99.19;35,751;751;1184;1184
7589,545_2020-06-22,545,5,72.0,15;15;7;15;20,510;619;859;1095;1158
7590,545_2020-06-23,545,5,90.0,15;20;15;15;25,750;831;916;1164;1315
7591,545_2020-06-24,545,3,85.0,30;30;25,693;914;1178
7592,545_2020-06-25,545,5,85.0,10;20;15;25;15,583;684;939;1192;1305
7593,545_2020-06-27,545,5,53.1,10.82;15;7.01;17;3.27,624;624;780;780;1167
7594,545_2020-06-28,545,5,86.0,16;15;20;20;15,636;759;788;990;1282
7595,545_2020-06-30,545,4,85.0,15;25;15;30,794;894;1114;1250
7596,545_2020-07-01,545,4,80.0,15;25;15;25,802;971;1238;1358
7597,545_2020-07-02,545,4,82.0,15;25;17;25,560;880;1097;1202
7598,545_2020-07-03,545,4,83.0,15;25;25;18,675;784;1156;1350
7599,545_2020-07-04,545,3,70.0,20;25;25,634;981;1192
7600,545_2020-07-05,545,5,105.0,20;25;25;25;10,648;795;1079;1260;1287
7601,545_2020-07-06,545,2,50.0,25;25,715;1262
7602,545_2020-07-07,545,4,80.0,15;25;25;15,675;780;1020;1335
7603,545_2020-07-08,545,6,133.17000000000002,27.37;25;8.57;28.4;15;28.83,720;720;818;933;933;1073
7604,545_2020-07-09,545,4,115.97999999999999,19.36;20;56.62;20,735;735;916;916
7605,548_2020-09-03,548,3,76.0,25;26;25,600;798;1174
7606,548_2020-09-04,548,3,105.0,35;20;50,623;719;1110
7607,548_2020-09-05,548,3,71.0,26;10;35,524;803;1137
7608,548_2020-09-06,548,3,65.0,30;15;20,698;754;1138
7609,548_2020-09-07,548,3,101.0,25;41;35,578;784;1151
7610,548_2020-09-08,548,3,90.0,30;25;35,677;883;1174
7611,548_2020-09-09,548,3,80.0,30;20;30,629;945;1151
7612,548_2020-09-10,548,3,70.0,20;30;20,644;761;1167
7613,548_2020-09-11,548,3,99.0,35;29;35,600;715;1135
7614,548_2020-09-12,548,3,103.0,28;40;35,593;760;1129
7615,548_2020-09-13,548,3,100.0,25;30;45,584;703;1131
7616,548_2020-09-14,548,4,68.0,18;15;10;25,596;711;815;1115
7617,548_2020-09-15,548,3,50.0,10;25;15,622;693;1127
7618,548_2020-09-16,548,3,66.0,30;8;28,639;853;1171
7619,548_2020-09-17,548,4,80.0,30;5;10;35,611;748;760;1145
7620,548_2020-09-18,548,6,124.0,30;28;16;15;15;20,593;803;933;1142;1158;1332
7621,548_2020-09-19,548,2,30.0,5;25,708;1163
7622,548_2020-09-20,548,4,65.0,25;10;5;25,562;675;794;1139
7623,548_2020-09-21,548,3,95.0,25;40;30,523;767;1269
7624,548_2020-09-22,548,3,111.0,31;40;40,584;777;1137
7625,548_2020-09-23,548,2,50.0,20;30,980;1151
7626,548_2020-09-24,548,3,85.0,10;25;50,552;763;1124
7627,548_2020-09-25,548,3,80.0,30;25;25,632;702;1151
7628,548_2020-09-26,548,4,110.0,30;40;10;30,625;737;912;1121
7629,548_2020-09-27,548,3,54.0,12;20;22,605;763;1145
7630,548_2020-09-28,548,2,75.0,30;45,625;1167
7631,548_2020-09-29,548,4,130.0,25;20;40;45,581;705;765;1153
7632,548_2020-09-30,548,3,90.0,25;25;40,584;815;1161
7633,549_2019-06-04,549,5,235.0,42;41;20;107;25,437;821;1002;1088;1267
7634,549_2019-06-05,549,8,311.82000000000005,27.72;27;24.96;45;61.07;1.05;60.02;65,445;445;694;694;1086;1086;1086;1086
7635,549_2019-06-07,549,5,205.0,50;60;15;45;35,402;697;846;1110;1234
7636,549_2019-06-08,549,6,176.0,17;15;13;15;81;35,393;572;799;925;1086;1244
7637,549_2019-06-11,549,5,170.0,42;37;16;40;35,464;778;831;1118;1256
7638,549_2019-06-12,549,7,227.01,27.72;27;38.01;30;0.36;53.92;50,427;427;699;699;872;1091;1091
7639,549_2019-06-14,549,4,112.0,27;30;15;40,413;717;865;1110
7640,549_2019-06-15,549,4,92.0,27;10;35;20,410;773;881;1083
7641,549_2019-06-18,549,4,157.0,30;42;45;40,461;780;1117;1253
7642,549_2019-06-19,549,5,170.0,25;20;25;60;40,432;675;807;1121;1268
7643,549_2019-06-20,549,5,145.0,40;5;20;45;35,424;768;824;1061;1232
7644,549_2019-06-21,549,4,160.0,40;20;60;40,436;788;1098;1235
7645,549_2019-06-22,549,5,143.0,42;5;20;60;16,397;795;853;1091;1369
7646,549_2019-06-23,549,8,328.77,51.59;45;34.91;20;60.6;40;36.67;40,426;426;809;809;1083;1083;1238;1238
7647,549_2019-06-25,549,5,228.0,28;15;50;105;30,426;729;813;1120;1270
7648,549_2019-06-26,549,4,133.0,42;20;50;21,428;815;1111;1292
7649,549_2019-06-27,549,5,144.0,42;5;25;50;22,417;782;839;1098;1236
7650,549_2019-06-28,549,6,153.0,45;15;5;12;40;36,428;722;759;991;1123;1270
7651,549_2019-06-29,549,5,182.0,47;5;55;35;40,434;742;760;1104;1252
7652,550_2021-02-15,550,6,201.0,33;35;18;30;65;20,562;735;976;1078;1140;1302
7653,550_2021-02-16,550,5,224.0,45;74;15;65;25,568;786;1065;1131;1298
7654,550_2021-02-17,550,6,217.0,20;20;50;12;45;70,487;597;719;1032;1123;1207
7655,550_2021-02-18,550,7,313.0,15;33;35;80;30;70;50,26;501;650;744;897;1127;1201
7656,550_2021-02-19,550,4,128.0,35;18;30;45,607;728;816;919
7657,550_2021-02-20,550,5,190.0,45;15;30;65;35,12;276;947;1036;1356
7658,550_2021-02-21,550,4,95.0,10;30;15;40,724;756;910;1290
7659,550_2021-02-22,550,7,210.0,35;20;42;15;18;60;20,541;727;815;957;1056;1133;1213
7660,550_2021-02-23,550,6,138.0,18;15;40;30;15;20,523;596;949;1213;1252;1261
7661,550_2021-02-24,550,6,146.0,18;18;25;30;35;20,150;559;681;746;1141;1186
7662,550_2021-02-25,550,4,145.0,45;30;50;20,619;869;1082;1347
7663,550_2021-02-26,550,6,240.0,50;20;15;65;20;70,477;666;780;832;1089;1214
7664,550_2021-02-27,550,6,191.0,15;18;35;45;18;60,601;828;902;1020;1079;1201
7665,550_2021-02-28,550,5,125.0,25;25;25;30;20,627;804;1005;1207;1357
7666,550_2021-03-01,550,3,125.0,30;55;40,490;729;1252
7667,550_2021-03-02,550,6,163.0,25;15;30;18;50;25,479;580;707;892;1111;1122
7668,550_2021-03-03,550,6,208.0,15;18;65;25;55;30,374;483;638;734;1037;1205
7669,550_2021-03-04,550,6,170.0,25;10;15;25;20;75,558;700;858;944;1071;1299
7670,550_2021-03-05,550,4,230.0,20;55;85;70,578;707;1126;1291
7671,550_2021-03-06,550,5,165.0,20;10;50;40;45,657;697;847;1209;1233
7672,550_2021-03-07,550,4,140.0,25;50;40;25,685;874;963;1068
7673,550_2021-03-08,550,5,148.0,55;10;35;30;18,633;884;1110;1205;1354
7674,550_2021-03-11,550,4,128.0,15;35;50;28,510;660;1010;1205
7675,550_2021-03-12,550,2,50.0,15;35,470;660
7676,550_2021-03-13,550,4,145.0,35;50;10;50,203;703;870;1200
7677,550_2021-03-14,550,2,90.0,15;75,649;1202
7678,556_2021-01-09,556,3,140.0,50;30;60,690;1041;1219
7679,556_2021-01-10,556,4,125.0,10;50;40;25,483;613;1123;1236
7680,556_2021-01-11,556,5,75.0,10;15;10;30;10,533;797;984;1165;1231
7681,556_2021-01-12,556,4,202.75,8.89;10;123.86;60,743;743;1118;1118
7682,556_2021-01-13,556,6,178.98000000000002,70.28;40;22.37;12;22.33;12,856;856;1133;1133;1209;1209
7683,556_2021-01-14,556,5,140.0,10;20;25;20;65,498;602;772;1068;1237
7684,556_2021-01-15,556,4,135.0,10;20;70;35,611;1022;1133;1397
7685,556_2021-01-16,556,4,160.0,30;30;70;30,616;967;1167;1237
7686,556_2021-01-17,556,4,120.0,30;10;40;40,618;900;1087;1156
7687,556_2021-01-18,556,5,126.0,10;11;15;60;30,473;759;781;1218;1302
7688,556_2021-01-19,556,2,33.0,10;23,562;852
7689,556_2021-01-20,556,4,137.0,10;22;50;55,474;651;843;1212
7690,556_2021-01-21,556,4,144.0,10;60;14;60,534;728;1112;1194
7691,556_2021-01-22,556,3,150.0,50;45;55,638;835;1173
7692,556_2021-01-23,556,3,185.0,60;60;65,616;948;1098
7693,556_2021-01-24,556,4,180.0,10;70;30;70,531;802;1052;1180
7694,556_2021-01-25,556,4,100.0,10;15;20;55,540;787;892;1156
7695,556_2021-01-26,556,4,150.0,10;15;70;55,495;864;895;1173
7696,556_2021-01-27,556,4,93.0,8;10;10;65,471;723;884;1159
7697,556_2021-01-28,556,4,165.0,10;10;70;75,486;701;1011;1132
7698,556_2021-01-29,556,2,110.0,40;70,883;1182
7699,556_2021-01-30,556,3,118.0,28;20;70,791;1042;1105
7700,556_2021-01-31,556,8,320.15,15.7;10;79.75;70;27.53;20;47.17;50,474;474;712;712;1001;1001;1134;1134
7701,556_2021-02-01,556,8,266.5,11.98;8;39.53;40;42.04;13;46.95;65,418;418;730;730;898;898;1160;1160
7702,556_2021-02-02,556,3,83.0,8;15;60,427;927;1227
7703,556_2021-02-03,556,2,140.0,70;70,772;1172
7704,556_2021-02-04,556,4,161.0,30;41;25;65,685;835;999;1200
7705,556_2021-02-05,556,3,135.0,50;50;35,599;1063;1304
7706,558_2021-05-16,558,1,80.0,80,1078
7707,558_2021-05-17,558,2,165.0,85;80,42;1108
7708,558_2021-05-20,558,1,80.0,80,1186
7709,558_2021-05-21,558,2,170.0,80;90,111;872
7710,558_2021-05-22,558,2,190.0,95;95,84;1154
7711,558_2021-05-23,558,1,85.0,85,1018
7712,558_2021-05-24,558,1,50.0,50,1201
7713,558_2021-05-25,558,1,60.0,60,1062
7714,558_2021-05-26,558,1,95.0,95,1395
7715,558_2021-05-27,558,1,95.0,95,1114
7716,558_2021-05-28,558,2,175.0,90;85,919;1199
7717,558_2021-05-31,558,1,55.0,55,861
7718,558_2021-06-01,558,1,80.0,80,1273
7719,558_2021-06-02,558,2,160.0,80;80,839;1114
7720,558_2021-06-03,558,1,55.0,55,1190
7721,558_2021-06-04,558,1,85.0,85,877
7722,558_2021-06-05,558,1,95.0,95,1277
7723,558_2021-06-06,558,1,80.0,80,1017
7724,558_2021-06-07,558,1,85.0,85,1122
7725,558_2021-06-08,558,2,130.0,85;45,122;1064
7726,558_2021-06-09,558,1,80.0,80,1104
7727,558_2021-06-10,558,1,85.0,85,1341
7728,558_2021-06-12,558,1,85.0,85,1200
7729,564_2020-06-27,564,4,173.0,35;40;20;78,438;728;933;1125
7730,564_2020-06-28,564,5,244.0,60;20;70;24;70,584;699;719;958;1138
7731,564_2020-06-29,564,3,175.0,70;35;70,466;722;1108
7732,564_2020-07-04,564,4,185.0,60;5;60;60,431;602;726;1149
7733,564_2020-07-05,564,3,145.0,50;35;60,482;688;1099
7734,564_2020-07-06,564,3,135.0,25;40;70,532;720;1077
7735,564_2020-07-07,564,4,180.0,30;20;55;75,421;600;668;1110
7736,564_2020-07-08,564,3,150.0,40;60;50,470;726;1085
7737,564_2020-07-09,564,6,320.85,63.87;50;28.03;50;68.95;60,413;413;731;731;1064;1064
7738,564_2020-07-10,564,8,320.72,38.74;35;69.08;60;15.98;20;41.92;40,510;510;686;686;961;961;1044;1044
7739,564_2020-07-11,564,5,148.0,25;13;50;35;25,501;609;771;1023;1262
7740,564_2020-07-12,564,4,116.0,25;11;45;35,495;670;743;1195
7741,564_2020-07-13,564,4,184.0,54;60;50;20,551;775;1010;1200
7742,564_2020-07-14,564,4,194.0,45;50;29;70,340;730;1007;1220
7743,564_2020-07-15,564,3,190.0,45;75;70,364;690;1108
7744,564_2020-07-18,564,4,185.0,40;70;15;60,390;692;948;1099
7745,564_2020-07-19,564,4,155.0,25;25;45;60,525;684;1079;1279
7746,564_2020-07-20,564,3,145.0,25;90;30,556;713;1071
7747,567_2020-07-20,567,2,85.0,35;50,490;785
7748,567_2020-07-21,567,3,115.0,35;40;40,530;787;1237
7749,567_2020-07-23,567,2,55.0,20;35,480;826
7750,567_2020-07-24,567,2,70.0,30;40,476;1203
7751,567_2020-07-25,567,1,35.0,35,1196
7752,567_2020-07-26,567,2,80.0,35;45,493;1351
7753,567_2020-07-27,567,3,115.0,30;45;40,491;786;1225
7754,567_2020-07-28,567,2,55.0,20;35,516;828
7755,567_2020-07-29,567,1,35.0,35,477
7756,567_2020-07-30,567,1,35.0,35,486
7757,567_2020-07-31,567,1,45.0,45,1231
7758,567_2020-08-03,567,3,105.0,30;35;40,491;813;1115
7759,573_2020-08-08,573,6,138.42000000000002,37.81;30;19.99;20;15.62;15,674;674;832;832;1099;1099
7760,573_2020-08-09,573,6,204.63000000000002,34.24;30;8.76;15;56.63;60,586;586;873;873;1140;1140
7761,573_2020-08-10,573,5,159.56,13.47;6.73;25;54.36;60,793;793;793;1068;1068
7762,573_2020-08-11,573,6,290.17999999999995,35.83;36;23.25;45;90.1;60,407;407;729;729;1306;1306
7763,573_2020-08-12,573,3,125.0,30;50;45,478;723;1110
7764,573_2020-08-13,573,2,62.0,17;45,490;747
7765,573_2020-08-14,573,2,60.0,40;20,534;721
7766,573_2020-08-15,573,3,135.0,40;45;50,631;758;1138
7767,573_2020-08-16,573,3,125.0,35;60;30,620;788;1257
7768,573_2020-08-17,573,3,105.0,45;45;15,540;729;1130
7769,573_2020-08-18,573,3,120.0,30;60;30,379;692;1287
7770,573_2020-08-19,573,3,159.0,45;39;75,485;658;1221
7771,573_2020-08-20,573,6,217.16,36.85;50;32.77;60;22.54;15,611;611;717;717;1049;1049
7772,573_2020-08-21,573,7,208.91,21.25;28;33.82;16.91;15;33.93;60,496;496;709;709;709;1183;1183
7773,573_2020-08-22,573,2,90.0,30;60,485;758
7774,573_2020-08-23,573,3,140.0,45;45;50,629;658;824
7775,573_2020-08-24,573,3,150.0,60;45;45,596;778;1109
7776,573_2020-08-25,573,2,90.0,30;60,384;768
7777,573_2020-08-26,573,3,148.0,28;60;60,574;714;1055
7778,573_2020-08-27,573,4,119.54,32.77;50;16.77;20,720;720;1381;1381
7779,573_2020-08-28,573,8,311.65000000000003,25.13;2.51;22.62;20;32.77;60;88.62;60,577;577;577;577;702;702;1212;1212
7780,573_2020-08-29,573,2,80.0,50;30,756;1076
7781,573_2020-08-30,573,3,115.0,70;15;30,665;865;1110
7782,573_2020-08-31,573,3,180.0,70;60;50,719;808;1177
7783,573_2020-09-02,573,2,106.0,56;50,545;1042
7784,573_2020-09-03,573,6,283.98,73.25;56;49.56;40;15.17;50,617;617;757;757;1061;1061
7785,576_2019-02-21,576,6,247.26,20.85;65;45.56;45;20.85;50,500;500;764;764;1112;1112
7786,576_2019-02-23,576,6,256.94,71.59;65;22.19;40;13.16;45,491;491;766;766;1222;1222
7787,576_2019-02-24,576,4,152.0,65;45;20;22,493;741;1092;1127
7788,576_2019-02-25,576,4,200.0,65;60;35;40,624;780;952;1106
7789,576_2019-02-26,576,3,183.0,60;73;50,610;840;1095
7790,576_2019-03-01,576,6,213.62,4.35;65;5.42;20;83.85;35,495;495;749;749;1134;1134
7791,576_2019-03-03,576,4,184.0,65;40;45;34,480;720;1130;1238
7792,576_2019-03-04,576,3,102.0,60;12;30,605;1112;1183
7793,576_2019-03-05,576,4,142.0,58;52;17;15,555;769;951;1145
7794,576_2019-03-06,576,2,75.0,65;10,490;1114
7795,576_2019-03-07,576,3,160.0,60;60;40,493;765;1200
7796,576_2019-03-10,576,3,145.0,65;30;50,480;810;1274
7797,576_2019-03-11,576,1,65.0,65,637
7798,576_2019-03-12,576,1,50.0,50,1053
7799,576_2019-03-13,576,4,265.0,65;40;80;80,512;764;887;1185
7800,576_2019-03-14,576,3,170.0,70;60;40,495;737;1181
7801,576_2019-03-17,576,4,112.0,12;50;5;45,617;724;973;1107
7802,576_2019-03-18,576,6,221.0,45;30;31;20;65;30,675;740;800;900;1063;1183
7803,576_2019-03-19,576,3,85.0,10;60;15,614;785;830
7804,577_2019-11-23,577,6,142.0,30;11;45;16;30;10,441;625;733;837;1112;1299
7805,577_2019-11-24,577,5,135.0,30;35;10;40;20,462;816;953;1081;1241
7806,577_2019-11-25,577,6,170.0,40;10;40;25;35;20,453;636;740;920;1082;1294
7807,577_2019-11-26,577,6,161.0,40;11;35;27;35;13,482;590;712;881;1121;1290
7808,577_2019-11-27,577,6,136.0,30;11;35;10;35;15,457;602;702;976;1073;1295
7809,577_2019-11-28,577,3,120.0,30;60;30,450;792;1218
7810,577_2019-11-29,577,6,175.0,40;20;40;15;40;20,444;680;735;977;1097;1181
7811,577_2019-11-30,577,5,145.0,30;15;40;30;30,467;576;750;1078;1187
7812,577_2019-12-01,577,3,90.0,35;15;40,418;884;1085
7813,577_2019-12-02,577,4,100.0,15;35;10;40,603;722;1006;1095
7814,577_2019-12-03,577,5,127.0,6;40;26;45;10,462;741;956;1086;1286
7815,577_2019-12-04,577,5,145.0,30;45;10;45;15,451;750;986;1080;1154
7816,577_2019-12-05,577,6,155.0,35;10;40;20;40;10,420;552;670;885;1053;1305
7817,577_2019-12-06,577,6,169.0,40;26;30;18;40;15,444;701;820;960;1084;1415
7818,577_2019-12-07,577,6,161.0,45;11;45;20;30;10,430;629;728;853;1080;1290
7819,577_2019-12-08,577,3,95.0,35;45;15,487;730;887
7820,577_2019-12-09,577,5,130.0,45;15;35;25;10,463;564;723;1050;1275
7821,577_2019-12-10,577,6,182.0,45;15;25;17;65;15,457;579;721;840;1081;1272
7822,577_2019-12-11,577,4,120.0,40;15;20;45,442;546;861;1109
7823,577_2019-12-12,577,7,165.0,40;15;35;10;10;30;25,448;507;708;831;850;1075;1250
7824,577_2019-12-13,577,4,120.0,35;35;30;20,510;748;1067;1253
7825,577_2019-12-14,577,4,145.0,20;30;50;45,518;660;705;1165
7826,577_2019-12-15,577,5,143.0,35;20;40;40;8,468;674;732;1096;1189
7827,577_2019-12-16,577,5,135.0,35;10;15;30;45,479;643;904;1093;1097
7828,577_2019-12-17,577,6,141.0,35;15;15;16;40;20,417;643;793;820;1070;1285
7829,577_2019-12-18,577,6,110.0,15;15;15;10;40;15,456;630;724;946;1077;1259
7830,577_2019-12-19,577,3,90.0,35;15;40,403;930;1162
7831,577_2019-12-20,577,4,125.0,35;15;45;30,417;584;680;1121
7832,58_2019-06-16,58,8,126.88999999999999,1.6;0.72;21.38;21;23.27;15;13.92;30,482;491;633;633;767;767;1054;1054
7833,58_2019-06-17,58,9,249.51,2.14;39.69;30;37.41;30;21.38;21;31.89;36,477;806;806;836;836;905;905;1019;1019
7834,58_2019-06-24,58,2,35.0,15;20,768;1110
7835,58_2019-06-25,58,4,72.03,21.38;21;14.65;15,589;589;743;743
7836,58_2019-06-27,58,5,90.0,20;15;20;20;15,480;793;1010;1184;1350
7837,58_2019-06-28,58,7,132.74,22.95;21;5.19;30.07;5;37.53;11,476;476;634;833;833;968;968
7838,58_2019-06-30,58,3,70.0,20;15;35,480;840;1110
7839,58_2019-07-01,58,4,92.0,21;21;20;30,516;795;798;1124
7840,58_2019-07-02,58,2,31.0,21;10,480;690
7841,58_2019-07-03,58,4,69.0,15;21;12;21,420;455;600;840
7842,58_2019-07-04,58,5,117.0,24;28;25;25;15,480;795;795;1035;1230
7843,58_2019-07-05,58,9,159.62,22.95;21;12.02;5.44;5;39.26;10;22.95;21,477;477;620;927;927;1073;1073;1266;1266
7844,58_2019-07-06,58,9,161.35000000000002,21.38;21;3.73;4.35;10;37.52;20;27.37;16,484;484;629;898;898;1080;1080;1320;1320
7845,58_2019-07-07,58,4,76.0,21;10;25;20,480;825;1050;1335
7846,58_2019-07-08,58,3,51.0,21;10;20,480;870;1050
7847,58_2019-07-09,58,6,129.78,22.95;21;21.88;20;22.95;21,637;637;808;808;1057;1057
7848,58_2019-07-10,58,6,135.42,21.38;21;10.36;15;27.68;40,513;513;770;770;1086;1086
7849,58_2019-07-11,58,2,41.0,21;20,507;1219
7850,58_2019-07-12,58,3,46.0,21;15;10,480;987;1080
7851,58_2019-07-13,58,4,56.0,21;10;15;10,480;780;1035;1243
7852,583_2020-01-27,583,8,279.72,48.23;40;35.14;0.5;34.64;50;16.21;55,472;472;722;722;722;722;1024;1024
7853,583_2020-01-28,583,4,204.0,35;4;100;65,379;636;725;1077
7854,583_2020-01-31,583,3,195.0,35;110;50,387;723;1089
7855,583_2020-02-01,583,4,163.0,20;8;80;55,367;659;735;1101
7856,583_2020-02-02,583,3,120.0,40;55;25,761;1077;1103
7857,583_2020-02-05,583,5,255.0,35;5;100;15;100,362;651;718;1004;1210
7858,583_2020-02-06,583,4,210.0,35;75;80;20,362;690;1075;1195
7859,583_2020-02-09,583,3,175.0,35;65;75,453;693;1068
7860,583_2020-02-10,583,4,185.0,15;85;35;50,492;737;865;1057
7861,583_2020-02-11,583,3,160.0,35;75;50,400;755;1026
7862,583_2020-02-12,583,5,174.0,35;14;70;40;15,380;691;788;1024;1049
7863,583_2020-02-15,583,4,114.0,35;40;14;25,377;721;908;1065
7864,583_2020-02-16,583,4,155.0,20;50;5;80,453;739;925;1190
7865,583_2020-02-17,583,4,190.0,20;70;40;60,502;797;1054;1085
7866,583_2020-02-18,583,8,352.34000000000003,41.96;35;65.59;100;37.03;40;7.76;25,391;391;723;723;1063;1063;1266;1266
7867,583_2020-02-19,583,8,318.29,36.61;35;75.93;80;27.91;40;7.84;15,373;373;718;718;1059;1059;1191;1191
7868,583_2020-02-20,583,3,147.0,37;60;50,373;693;1072
7869,583_2020-02-21,583,3,190.0,25;80;85,376;718;1001
7870,583_2020-02-22,583,3,135.0,35;40;60,377;732;1036
7871,591_2019-12-17,591,8,187.20999999999998,44.5;28;35.54;30;22.32;10;11.85;5,521;521;742;742;779;779;1025;1025
7872,591_2019-12-18,591,6,143.0,12;22;35;30;38;6,541;546;810;930;1192;1331
7873,591_2019-12-21,591,5,92.0,25;15;2;15;35,600;857;858;1172;1302
7874,591_2019-12-22,591,3,81.0,28;28;25,602;722;1076
7875,591_2019-12-25,591,4,95.0,36;18;15;26,506;984;1129;1203
7876,591_2019-12-28,591,8,214.0,12;5;38;38;18;20;38;45,470;546;605;634;688;774;854;1160
7877,591_2019-12-29,591,3,103.0,38;45;20,643;951;1184
7878,591_2020-01-01,591,6,121.0,25;10;36;20;20;10,589;591;774;954;1230;1255
7879,591_2020-01-02,591,5,144.0,28;19;12;40;45,497;742;856;894;1242
7880,591_2020-01-03,591,5,136.0,25;15;45;36;15,486;613;846;907;1052
7881,591_2020-01-04,591,6,147.0,15;18;19;35;35;25,454;788;810;984;1120;1184
7882,591_2020-01-05,591,4,125.0,15;45;30;35,302;613;766;1261
7883,591_2020-01-06,591,4,130.0,35;35;20;40,566;800;804;1236
7884,591_2020-01-07,591,5,141.0,38;18;35;20;30,611;629;839;1077;1215
7885,591_2020-01-10,591,3,86.0,30;26;30,569;782;1088
7886,591_2020-01-11,591,4,98.0,30;20;23;25,504;861;1073;1221
7887,591_2020-01-12,591,4,120.0,30;20;40;30,700;850;943;1164
7888,598_2021-05-07,598,3,116.0,36;40;40,651;823;1090
7889,598_2021-05-08,598,3,125.0,43;45;37,661;891;1283
7890,598_2021-05-09,598,3,120.0,40;40;40,566;908;1208
7891,598_2021-05-10,598,3,134.0,39;55;40,560;828;1187
7892,598_2021-05-11,598,2,75.0,35;40,670;1173
7893,598_2021-05-12,598,2,70.0,35;35,644;1335
7894,598_2021-05-13,598,3,112.0,35;42;35,596;806;1227
7895,598_2021-05-14,598,2,95.0,40;55,663;1062
7896,598_2021-05-15,598,2,76.0,38;38,630;1125
7897,598_2021-05-16,598,3,110.0,38;34;38,616;939;1303
7898,598_2021-05-17,598,3,135.0,40;55;40,644;888;1264
7899,598_2021-05-18,598,3,115.0,35;40;40,121;671;1265
7900,598_2021-05-19,598,3,105.0,35;35;35,620;863;1243
7901,598_2021-05-20,598,2,68.0,38;30,618;1253
7902,598_2021-05-21,598,2,65.0,25;40,635;1111
7903,598_2021-05-22,598,3,110.0,30;40;40,570;825;1235
7904,598_2021-05-23,598,2,70.0,40;30,629;830
7905,598_2021-05-24,598,3,122.0,39;43;40,644;880;1225
7906,598_2021-05-25,598,1,37.0,37,621
7907,598_2021-05-26,598,2,78.0,40;38,632;962
7908,598_2021-05-27,598,4,150.0,35;40;40;35,7;617;840;1234
7909,598_2021-05-28,598,3,120.0,40;40;40,493;750;1147
7910,598_2021-05-29,598,3,110.0,40;35;35,630;767;1147
7911,598_2021-05-30,598,3,116.0,38;40;38,650;812;1295
7912,598_2021-05-31,598,2,75.0,40;35,961;1366
7913,598_2021-06-01,598,2,80.0,40;40,693;1217
7914,598_2021-06-02,598,3,118.0,40;38;40,598;830;1299
7915,598_2021-06-03,598,1,38.0,38,611
7916,60_2020-04-26,60,3,230.0,88;77;65,467;833;1253
7917,60_2020-04-27,60,3,212.0,90;60;62,467;823;1245
7918,60_2020-04-30,60,5,241.0,90;59;15;65;12,492;861;1149;1266;1409
7919,60_2020-05-01,60,4,236.0,93;50;16;77,515;860;932;1230
7920,60_2020-05-04,60,4,256.0,93;75;8;80,491;835;1046;1296
7921,60_2020-05-07,60,3,210.0,90;70;50,476;869;1262
7922,60_2020-05-08,60,4,240.0,97;60;8;75,488;864;1117;1265
7923,60_2020-05-10,60,9,357.53,91;38.36;70;12.2;1;10.46;8;46.51;80,489;859;859;901;901;1157;1157;1301;1301
7924,60_2020-05-11,60,4,227.0,90;62;60;15,490;878;1260;1395
7925,60_2020-05-12,60,3,235.0,86;84;65,483;794;1281
7926,60_2020-05-13,60,3,227.0,88;68;71,494;836;1248
7927,60_2020-05-14,60,5,239.0,88;68;8;70;5,476;839;1098;1250;1421
7928,60_2020-05-17,60,3,225.0,88;65;72,513;890;1262
7929,60_2020-05-18,60,4,226.0,85;65;10;66,494;846;1088;1238
7930,60_2020-05-19,60,3,240.0,92;75;73,485;842;1251
7931,60_2020-05-20,60,4,233.0,90;65;70;8,480;835;1267;1420
7932,60_2020-05-21,60,4,253.0,92;82;11;68,499;856;1124;1246
7933,602_2020-06-01,602,3,89.0,19;44;26,553;761;1072
7934,602_2020-06-02,602,4,139.0,19;30;30;60,516;683;738;1040
7935,602_2020-06-03,602,4,125.0,19;26;40;40,512;725;950;1060
7936,602_2020-06-04,602,4,84.0,19;25;20;20,496;644;797;1007
7937,602_2020-06-05,602,4,91.0,16;30;20;25,514;741;1051;1149
7938,602_2020-06-06,602,3,114.0,59;20;35,524;779;1114
7939,602_2020-06-07,602,3,129.0,59;40;30,510;795;1095
7940,602_2020-06-08,602,3,139.0,59;40;40,510;784;1088
7941,602_2020-06-09,602,4,187.0,59;38;50;40,555;666;1047;1235
7942,602_2020-06-10,602,6,294.0,59;45;40;30;80;40,510;603;720;904;1170;1260
7943,602_2020-06-11,602,3,90.0,20;40;30,581;784;1060
7944,602_2020-06-12,602,3,90.0,30;40;20,526;731;1039
7945,602_2020-06-13,602,4,129.0,27;37;40;25,519;795;1095;1299
7946,602_2020-06-14,602,4,138.0,27;38;43;30,517;718;1080;1200
7947,602_2020-06-15,602,4,145.0,25;40;40;40,514;783;1086;1170
7948,602_2020-06-16,602,4,115.0,25;20;30;40,513;608;821;1097
7949,602_2020-06-17,602,4,170.0,50;20;40;60,511;603;809;1095
7950,602_2020-06-18,602,3,135.0,45;50;40,525;810;1047
7951,602_2020-06-19,602,4,173.0,40;40;58;35,530;821;1035;1200
7952,602_2020-06-20,602,4,130.0,40;20;20;50,515;755;841;1140
7953,602_2020-06-21,602,4,165.0,40;20;60;45,510;684;810;1095
7954,602_2020-06-22,602,4,165.0,40;25;60;40,512;699;837;1110
7955,602_2020-06-23,602,5,175.0,30;15;40;50;40,514;690;830;1100;1240
7956,602_2020-06-24,602,4,170.0,40;45;45;40,527;711;803;1102
7957,602_2020-06-25,602,3,110.0,30;30;50,546;741;990
7958,602_2020-06-26,602,3,125.0,40;45;40,525;795;1020
7959,602_2020-06-27,602,4,160.0,50;20;40;50,520;690;810;1095
7960,602_2020-06-28,602,3,120.0,50;30;40,518;720;1065
7961,603_2020-05-16,603,8,252.15,25;29;66.15;18;12;45;42;15,381;513;659;659;902;999;1025;1285
7962,603_2020-05-17,603,4,99.0,19;35;30;15,546;755;1058;1091
7963,603_2020-05-18,603,7,184.0,35;21;30;15;23;35;25,405;510;635;765;842;1118;1170
7964,603_2020-05-21,603,4,100.0,15;45;5;35,395;568;843;955
7965,603_2020-05-22,603,5,134.0,30;30;43;11;20,564;723;1017;1063;1248
7966,603_2020-05-23,603,5,127.0,10;25;35;35;22,510;689;842;1002;1025
7967,603_2020-05-28,603,5,139.0,39;25;25;15;35,502;700;1124;1350;1360
7968,603_2020-05-29,603,6,141.0,25;31;10;15;25;35,594;760;930;990;1085;1260
7969,603_2020-05-30,603,6,165.0,25;15;30;35;20;40,565;600;715;766;944;1183
7970,603_2020-06-02,603,7,169.0,40;35;15;19;25;15;20,478;695;837;946;1072;1125;1365
7971,603_2020-06-03,603,6,161.0,20;45;35;35;11;15,490;653;787;1110;1190;1390
7972,603_2020-06-04,603,7,138.0,33;15;5;20;35;10;20,711;725;780;965;1104;1343;1382
7973,603_2020-06-05,603,5,137.0,40;15;27;20;35,452;553;704;920;1136
7974,603_2020-06-06,603,8,188.0,22;25;25;20;11;20;45;20,589;682;775;808;947;989;1165;1367
7975,603_2020-06-08,603,8,299.37,79.8;35;90.29;25;27.87;30;6.41;5,558;558;772;772;1071;1071;1169;1169
7976,603_2020-06-09,603,7,195.0,25;35;25;35;5;30;40,20;479;573;686;900;1057;1350
7977,603_2020-06-10,603,5,135.0,15;15;45;15;45,571;583;723;934;1180
7978,603_2020-06-11,603,3,75.0,25;25;25,668;804;836
7979,603_2020-06-12,603,5,120.0,45;25;10;15;25,487;701;839;900;1110
7980,606_2020-10-06,606,5,162.0,45;20;45;22;30,417;551;760;1035;1181
7981,606_2020-10-09,606,4,197.0,45;72;20;60,442;770;901;1217
7982,606_2020-10-10,606,4,131.0,45;10;50;26,474;767;1106;1232
7983,606_2020-10-11,606,5,121.0,45;10;26;20;20,457;764;919;1112;1198
7984,606_2020-10-14,606,5,195.0,15;30;60;50;40,382;507;662;841;1079
7985,606_2020-10-17,606,5,216.0,45;40;35;56;40,434;760;895;1096;1223
7986,606_2020-10-18,606,5,176.0,45;30;20;65;16,469;778;1020;1075;1296
7987,606_2020-10-19,606,6,231.0,45;60;35;25;50;16,441;750;1008;1024;1184;1266
7988,606_2020-10-20,606,6,205.0,16;16;58;45;40;30,83;138;458;735;1097;1256
7989,606_2020-10-22,606,8,338.07000000000005,39.71;45;55.83;50;53.36;50;21.17;23,484;484;817;817;1060;1060;1132;1132
7990,606_2020-10-23,606,4,148.0,45;63;24;16,427;795;1261;1303
7991,606_2020-10-24,606,6,181.0,16;45;35;10;51;24,158;458;683;922;1119;1230
7992,606_2020-10-25,606,6,139.0,16;45;10;33;15;20,163;438;766;1020;1092;1166
7993,606_2020-10-26,606,5,140.0,30;15;15;20;60,483;709;862;1036;1162
7994,606_2020-10-27,606,5,183.0,45;10;23;50;55,456;796;988;1129;1234
7995,606_2020-10-28,606,6,258.65,28.17;35;11.42;10;84.06;90,489;489;723;723;1050;1050
7996,606_2020-10-30,606,6,247.0,23;35;30;60;80;19,187;445;631;781;1111;1258
7997,606_2020-10-31,606,5,193.0,13;50;50;50;30,395;636;757;1084;1195
7998,608_2020-09-11,608,5,134.0,4;55;10;50;15,511;698;911;1001;1369
7999,608_2020-09-12,608,6,147.34,5;33.25;45;20;29.09;15,412;729;729;1032;1304;1304
8000,608_2020-09-13,608,3,85.0,5;30;50,471;497;707
8001,608_2020-09-14,608,3,90.0,35;20;35,526;922;1003
8002,608_2020-09-15,608,6,211.38,48.6;40;24.78;20;43;35,466;466;759;759;1004;1004
8003,608_2020-09-17,608,4,106.0,40;20;26;20,547;764;896;1274
8004,608_2020-09-18,608,3,135.0,35;50;50,555;765;1005
8005,608_2020-09-21,608,7,160.0,25;20;10;10;30;40;25,416;605;660;666;821;994;1015
8006,608_2020-09-23,608,9,335.97,87.3;50;35;29.68;25;46.58;30;17.41;15,530;530;780;811;811;1011;1011;1035;1035
8007,608_2020-09-24,608,4,110.0,45;15;15;35,502;829;990;1290
8008,608_2020-09-25,608,4,133.0,45;25;50;13,465;703;1001;1341
8009,608_2020-09-28,608,8,145.0,23;20;15;15;12;25;20;15,545;750;753;769;882;962;1043;1145
8010,608_2020-09-29,608,5,116.0,5;45;20;28;18,534;637;875;1002;1348
8011,608_2020-09-30,608,5,158.0,45;50;30;15;18,533;754;1002;1009;1169
8012,608_2020-10-01,608,2,95.0,45;50,498;737
8013,608_2020-10-02,608,5,154.0,45;35;9;20;45,674;785;808;1005;1007
8014,608_2020-10-03,608,7,145.0,40;15;25;15;20;15;15,515;666;842;852;1079;1095;1111
8015,608_2020-10-04,608,9,193.0,45;20;18;8;12;40;12;13;25,607;731;763;777;893;998;1034;1166;1176
8016,608_2020-10-05,608,7,203.0,45;50;15;30;25;18;20,484;727;738;754;1107;1117;1311
8017,608_2020-10-06,608,5,143.0,35;20;18;35;35,585;745;840;1035;1104
8018,610_2021-03-21,610,7,197.0,8;24;5;86;24;5;45,442;495;542;866;1107;1135;1261
8019,610_2021-03-22,610,5,236.0,6;85;68;49;28,467;551;833;1185;1243
8020,610_2021-03-23,610,7,281.0,27;70;84;22;28;25;25,498;624;806;848;1131;1154;1227
8021,610_2021-03-24,610,4,189.0,30;57;25;77,535;753;782;1153
8022,610_2021-03-25,610,6,271.0,23;40;78;15;75;40,438;554;794;1085;1170;1286
8023,610_2021-03-26,610,4,255.0,65;90;50;50,566;794;1175;1276
8024,610_2021-03-27,610,5,191.0,25;45;50;31;40,438;557;741;770;1150
8025,610_2021-03-28,610,5,202.0,45;65;27;10;55,531;773;799;1100;1124
8026,610_2021-03-29,610,5,185.0,65;35;21;39;25,529;783;812;1135;1335
8027,610_2021-03-30,610,5,192.0,22;70;43;15;42,472;610;824;842;1146
8028,610_2021-03-31,610,5,213.0,45;55;28;60;25,464;771;795;1158;1179
8029,610_2021-04-01,610,6,224.0,24;45;59;26;38;32,385;498;758;773;1133;1156
8030,610_2021-04-02,610,5,219.0,45;65;27;55;27,502;725;755;1173;1193
8031,610_2021-04-03,610,6,196.0,24;45;50;25;45;7,394;547;752;783;1161;1180
8032,610_2021-04-04,610,6,273.0,40;90;37;7;64;35,491;781;815;846;1139;1174
8033,610_2021-04-05,610,5,213.0,65;50;33;25;40,515;857;870;883;1162
8034,610_2021-04-06,610,4,181.0,66;30;65;20,826;849;1156;1179
8035,610_2021-04-07,610,5,205.0,45;50;38;44;28,463;733;754;1147;1162
8036,610_2021-04-08,610,7,298.0,18;47;80;40;20;58;35,390;491;758;774;785;1151;1199
8037,610_2021-04-09,610,5,185.0,45;69;23;28;20,514;783;819;1170;1196
8038,610_2021-04-10,610,6,209.0,18;45;55;25;45;21,378;500;794;813;1179;1199
8039,610_2021-04-11,610,7,290.0,45;52;26;18;55;54;40,483;815;839;1123;1137;1178;1263
8040,610_2021-04-12,610,6,300.0,60;90;40;43;34;33,523;742;812;1140;1168;1245
8041,610_2021-04-13,610,5,216.0,45;68;19;66;18,613;788;805;1128;1145
8042,610_2021-04-14,610,5,216.0,45;53;22;75;21,468;793;827;1193;1218
8043,610_2021-04-15,610,7,231.0,22;45;74;30;3;50;7,396;568;681;859;871;1160;1181
8044,610_2021-04-16,610,5,207.0,45;70;24;45;23,473;759;779;1226;1251
8045,610_2021-04-17,610,5,245.0,24;70;43;18;90,383;550;757;787;1161
8046,612_2020-02-05,612,8,198.27999999999997,33.09;24;27.27;33;25.13;33;12.79;10,562;562;748;748;829;829;1205;1205
8047,612_2020-02-06,612,5,52.0,20;9;2;1;20,764;900;1016;1270;1330
8048,612_2020-02-09,612,7,140.0,50;5;30;20;15;5;15,440;750;755;765;1355;1359;1429
8049,612_2020-02-10,612,6,133.0,35;6;3;30;24;35,575;609;703;855;974;1322
8050,612_2020-02-13,612,6,166.0,1;40;10;20;15;80,458;758;816;1010;1020;1034
8051,612_2020-02-16,612,7,216.0,1;45;30;25;40;25;50,426;527;560;795;987;1031;1036
8052,612_2020-02-17,612,7,185.0,1;48;20;56;25;22;13,470;691;716;958;1026;1131;1255
8053,612_2020-02-18,612,6,166.0,1;30;10;40;70;15,411;647;754;945;1225;1237
8054,612_2020-02-21,612,3,53.0,6;25;22,463;580;1221
8055,612_2020-02-22,612,6,134.0,44;15;20;15;20;20,635;645;740;780;1060;1197
8056,612_2020-02-23,612,7,153.0,22;15;2;40;10;44;20,549;710;788;939;1060;1195;1371
8057,612_2020-02-24,612,5,127.0,22;10;20;15;60,539;599;602;683;987
8058,612_2020-02-25,612,8,166.0,1;20;36;22;15;2;20;50,465;471;745;754;997;1012;1175;1218
8059,612_2020-02-26,612,6,82.0,2;30;15;20;10;5,650;777;1107;1130;1200;1288
8060,612_2020-02-28,612,8,186.64,33.46;20;21.91;16;15.91;28;36.36;15,772;772;790;790;1001;1001;1185;1185
8061,612_2020-02-29,612,4,91.0,40;40;6;5,920;1214;1260;1275
8062,612_2020-03-01,612,6,68.0,18;10;20;5;10;5,545;550;840;913;1150;1347
8063,612_2020-03-02,612,8,75.0,10;15;5;3;5;10;5;22,510;600;705;870;900;990;1290;1341
8064,614_2020-02-17,614,6,248.36,35.21;65;56.32;40;18.83;33,597;597;1145;1145;1386;1386
8065,614_2020-02-18,614,6,351.41999999999996,31.8;44;75.34;50;110.28;40,624;624;764;764;1197;1197
8066,614_2020-02-19,614,6,319.96999999999997,65.74;55;54.43;30;64.8;50,614;614;825;825;1226;1226
8067,614_2020-02-20,614,6,265.25,46.7;30;45.52;30;48.03;65,603;603;941;941;1141;1141
8068,614_2020-02-21,614,3,190.0,95;60;35,629;860;1160
8069,614_2020-02-22,614,2,65.0,25;40,600;1160
8070,614_2020-02-23,614,3,115.0,60;30;25,560;694;1193
8071,614_2020-02-26,614,4,190.0,75;40;25;50,654;1147;1155;1280
8072,614_2020-02-29,614,2,50.0,15;35,930;1268
8073,614_2020-03-01,614,2,80.0,45;35,604;1260
8074,614_2020-03-02,614,6,311.8,35.42;65;52.36;45;74.02;40,580;580;798;798;1186;1186
8075,614_2020-03-04,614,3,115.0,70;20;25,689;939;1194
8076,614_2020-03-05,614,2,90.0,55;35,695;1245
8077,614_2020-03-06,614,2,40.0,20;20,915;1195
8078,614_2020-03-07,614,2,75.0,55;20,814;1225
8079,614_2020-03-08,614,3,135.0,50;30;55,570;793;1331
8080,614_2020-03-10,614,6,336.63,41.08;70;49.94;30;105.61;40,548;548;819;819;1197;1197
8081,614_2020-03-11,614,4,148.0,60;25;30;33,633;825;1180;1290
8082,614_2020-03-12,614,3,104.0,60;24;20,540;776;1185
8083,614_2020-03-13,614,3,87.0,30;40;17,848;1169;1345
8084,614_2020-03-14,614,3,133.0,70;30;33,597;1200;1256
8085,614_2020-03-15,614,2,90.0,60;30,838;1250
8086,616_2019-10-23,616,7,249.0,40;15;45;5;4;40;100,465;785;812;1139;1215;1226;1237
8087,616_2019-10-24,616,1,35.0,35,483
8088,616_2019-10-25,616,5,217.0,88;9;60;20;40,439;715;852;1079;1102
8089,616_2019-10-28,616,5,235.0,25;45;30;55;80,539;709;875;1093;1258
8090,616_2019-10-31,616,6,285.0,55;9;26;25;70;100,475;663;690;902;1037;1141
8091,616_2019-11-02,616,5,169.0,30;35;19;40;45,501;716;940;1089;1181
8092,616_2019-11-03,616,4,190.0,50;55;40;45,425;663;838;1129
8093,616_2019-11-04,616,6,239.0,60;55;35;50;30;9,411;545;708;912;1122;1240
8094,616_2019-11-06,616,8,287.6,43.82;50;48.1;55;5;20;15.68;50,437;437;633;633;1140;1140;1259;1259
8095,616_2019-11-07,616,4,255.0,45;60;70;80,478;650;1090;1162
8096,616_2019-11-08,616,4,156.0,50;25;41;40,476;776;919;1151
8097,616_2019-11-09,616,5,305.0,15;30;160;50;50,543;563;736;1083;1195
8098,616_2019-11-10,616,5,198.0,60;48;10;50;30,646;797;969;1061;1144
8099,616_2019-11-11,616,3,135.0,55;45;35,415;812;1142
8100,616_2019-11-14,616,3,105.0,35;50;20,626;816;1069
8101,616_2019-11-15,616,4,170.0,45;45;45;35,555;618;854;1110
8102,620_2020-12-17,620,9,321.0,80;17;78;5;20;60;35;6;20,522;676;710;827;1022;1160;1172;1338;1358
8103,620_2020-12-18,620,9,320.0,55;38;35;55;65;20;36;10;6,529;695;817;884;1092;1156;1236;1311;1317
8104,620_2020-12-20,620,7,242.0,40;17;14;18;38;20;95,498;694;738;753;896;906;1092
8105,620_2020-12-25,620,6,213.0,30;18;10;60;45;50,513;518;619;696;1121;1142
8106,620_2020-12-26,620,9,294.0,50;14;40;25;19;18;70;13;45,491;611;734;745;886;926;1106;1374;1415
8107,620_2020-12-28,620,9,332.73,80;80.83;40;0.92;12;35;18.98;20;45,404;575;575;587;587;804;914;914;1086
8108,620_2020-12-29,620,5,220.0,85;25;20;70;20,592;848;859;1104;1137
8109,620_2020-12-30,620,5,254.0,40;85;74;40;15,562;825;1149;1174;1343
8110,620_2020-12-31,620,6,271.0,55;19;12;45;50;90,505;615;689;800;951;1094
8111,620_2021-01-01,620,3,250.0,60;95;95,565;754;1114
8112,620_2021-01-04,620,5,174.0,18;60;8;60;28,562;743;1030;1151;1196
8113,620_2021-01-05,620,5,251.0,75;16;75;45;40,614;861;1092;1116;1249
8114,620_2021-01-06,620,6,299.0,60;14;20;95;90;20,487;615;703;755;1087;1208
8115,620_2021-01-07,620,4,165.0,25;25;90;25,504;726;1142;1158
8116,620_2021-01-13,620,2,60.0,45;15,498;598
8117,629_2020-06-06,629,7,205.0,52;18;20;15;15;55;30,483;678;829;981;1121;1231;1304
8118,629_2020-06-07,629,7,180.34,52;11.34;12;10;30;60;5,481;715;715;838;984;1221;1370
8119,629_2020-06-10,629,9,264.0,15;30;12;12;55;20;30;10;80,548;575;688;866;867;878;892;907;1210
8120,629_2020-06-11,629,6,125.0,25;25;20;10;40;5,571;746;857;1039;1101;1207
8121,629_2020-06-12,629,6,150.0,55;12;15;12;6;50,498;768;902;1051;1145;1248
8122,629_2020-06-17,629,3,180.0,20;60;100,590;944;1230
8123,629_2020-06-18,629,6,210.0,28;80;20;12;30;40,585;726;990;1114;1213;1325
8124,629_2020-06-19,629,6,140.0,55;6;12;20;17;30,480;556;703;792;1016;1119
8125,629_2020-06-20,629,6,149.0,55;15;12;20;12;35,486;702;822;908;1020;1144
8126,629_2020-06-21,629,8,150.0,55;12;10;5;12;20;30;6,447;668;752;930;959;1025;1190;1384
8127,629_2020-06-24,629,5,184.0,25;56;18;45;40,555;773;1072;1144;1271
8128,629_2020-06-25,629,7,241.0,55;20;15;60;16;45;30,470;644;722;783;1001;1085;1250
8129,629_2020-06-26,629,5,175.0,55;10;20;20;70,475;681;903;1004;1106
8130,629_2020-06-29,629,8,215.0,55;2;10;20;18;10;80;20,495;714;796;819;902;974;1118;1296
8131,629_2020-06-30,629,7,206.0,55;35;20;10;60;18;8,499;787;849;1022;1230;1328;1394
8132,629_2020-07-01,629,9,337.0,38;12;90;5;2;40;20;100;30,625;732;783;826;900;990;1121;1180;1229
8133,629_2020-07-02,629,5,230.0,20;40;30;100;40,665;885;990;1161;1283
8134,629_2020-07-03,629,5,210.0,55;30;15;60;50,490;864;1009;1126;1257
8135,63_2020-11-30,63,5,111.7,36.87;18.44;8;30.39;18,812;812;812;987;987
8136,63_2020-12-05,63,4,62.56,28.06;14;0.5;20,815;815;1040;1243
8137,63_2020-12-07,63,6,47.8,5.04;6;5.92;16;11.84;3,772;772;957;957;1169;1169
8138,63_2020-12-09,63,2,31.0,6;25,798;1190
8139,63_2020-12-14,63,4,40.04,11.04;10;7;12,795;795;1156;1235
8140,646_2019-07-24,646,6,128.0,25;15;11;45;22;10,552;746;1057;1180;1270;1312
8141,646_2019-07-25,646,5,146.0,14;40;20;50;22,605;724;909;955;1194
8142,646_2019-07-27,646,9,327.98,5.08;71.39;40;79.13;45;22.12;20;15.26;30,493;705;705;746;746;1105;1105;1130;1130
8143,646_2019-07-28,646,8,217.0,50;8;8;8;20;80;33;10,541;785;787;789;808;1040;1130;1279
8144,646_2019-07-30,646,6,247.47,69.39;48;9.45;8;77.63;35,737;737;1020;1020;1214;1214
8145,646_2019-07-31,646,4,200.0,65;35;15;85,622;817;999;1180
8146,646_2019-08-01,646,6,295.0,55;30;30;30;90;60,578;593;594;881;1107;1158
8147,646_2019-08-02,646,6,250.0,55;60;35;80;10;10,623;647;708;1058;1321;1365
8148,646_2019-08-03,646,4,175.0,65;60;35;15,524;729;980;1015
8149,646_2019-08-04,646,3,100.0,85;10;5,620;1003;1310
8150,646_2019-08-05,646,5,145.0,35;50;40;10;10,720;802;1112;1193;1305
8151,646_2019-08-06,646,6,259.0,45;40;45;39;50;40,653;808;1026;1058;1084;1201
8152,646_2019-08-10,646,7,279.0,30;60;45;18;30;48;48,569;635;790;844;891;1047;1090
8153,648_2020-04-18,648,6,207.0,40;90;5;35;7;30,701;1015;1036;1080;1091;1251
8154,648_2020-04-20,648,6,321.56000000000006,76.49;80;51.23;52;46.84;15,1138;1138;1194;1194;1204;1204
8155,648_2020-04-21,648,5,166.0,70;40;40;10;6,621;962;1127;1133;1165
8156,648_2020-04-22,648,5,248.0,80;10;100;25;33,698;755;1089;1238;1388
8157,648_2020-04-23,648,6,210.0,23;40;28;29;60;30,533;875;904;1102;1229;1254
8158,648_2020-04-24,648,7,309.0,5;65;6;100;50;23;60,521;748;1139;1177;1196;1227;1242
8159,648_2020-04-25,648,7,271.0,30;68;30;30;23;60;30,570;861;898;910;1000;1219;1240
8160,648_2020-05-01,648,5,172.0,24;18;10;20;100,566;699;746;1032;1097
8161,648_2020-05-03,648,8,170.0,15;15;40;50;15;15;15;5,571;659;852;1010;1104;1117;1150;1201
8162,648_2020-05-05,648,7,80.0,15;28;12;5;5;5;10,761;802;936;1088;1102;1144;1159
8163,648_2020-05-11,648,8,148.0,15;20;23;10;20;15;10;35,596;629;907;936;1091;1146;1147;1262
8164,652_2020-10-06,652,4,178.0,60;40;40;38,695;1150;1260;1412
8165,652_2020-10-07,652,3,150.0,50;65;35,743;1194;1225
8166,652_2020-10-08,652,3,74.0,16;38;20,773;1096;1317
8167,652_2020-10-09,652,4,200.0,40;40;60;60,10;776;975;1188
8168,652_2020-10-10,652,5,235.0,55;55;45;40;40,738;1040;1150;1305;1406
8169,652_2020-10-11,652,3,135.0,35;50;50,708;1182;1242
8170,652_2020-10-12,652,2,100.0,45;55,842;1186
8171,652_2020-10-13,652,5,195.0,60;40;25;20;50,687;1149;1164;1207;1311
8172,652_2020-10-14,652,3,145.0,60;35;50,663;983;1287
8173,652_2020-10-15,652,4,233.0,78;65;15;75,69;890;1202;1232
8174,652_2020-10-16,652,5,145.0,25;10;30;50;30,912;941;966;1207;1330
8175,652_2020-10-17,652,2,90.0,40;50,735;996
8176,652_2020-10-18,652,5,234.0,45;40;51;38;60,716;819;1005;1020;1264
8177,652_2020-10-19,652,5,275.0,50;50;50;60;65,655;855;884;1231;1271
8178,652_2020-10-20,652,4,153.0,35;60;20;38,752;1100;1210;1276
8179,652_2020-10-21,652,4,175.0,60;75;20;20,816;1166;1200;1313
8180,652_2020-10-22,652,4,215.0,60;70;70;15,791;1005;1298;1395
8181,652_2020-10-23,652,4,210.0,40;70;50;50,794;1201;1254;1322
8182,652_2020-10-24,652,3,220.0,75;60;85,932;1224;1408
8183,652_2020-10-25,652,4,190.0,45;55;18;72,729;991;1153;1273
8184,652_2020-10-26,652,3,155.0,70;25;60,700;1043;1111
8185,652_2020-10-28,652,8,321.37,52.25;50;21.78;45;51.56;70;12.78;18,772;772;794;794;1272;1272;1333;1333
8186,652_2020-10-29,652,5,195.0,60;50;20;15;50,896;987;1213;1236;1336
8187,652_2020-10-30,652,4,178.0,50;38;20;70,752;1122;1130;1186
8188,652_2020-10-31,652,5,265.0,40;50;50;65;60,704;813;1036;1275;1298
8189,652_2020-11-01,652,4,195.0,45;25;60;65,761;945;1253;1278
8190,652_2020-11-02,652,5,180.0,15;30;60;50;25,980;1080;1175;1260;1352
8191,653_2020-07-12,653,6,60.23,15;1.05;7;10;12.18;15,632;853;853;994;1240;1240
8192,653_2020-07-13,653,9,62.59,6;10;4;2.67;7;9.92;8;10;5,502;619;762;842;842;972;972;1210;1278
8193,653_2020-07-15,653,6,208.0,8;20;20;20;20;120,846;887;920;1100;1244;1250
8194,653_2020-07-16,653,5,77.0,6;6;15;30;20,563;616;694;813;1259
8195,653_2020-07-17,653,6,76.0,5;16;15;15;10;15,500;594;874;880;906;1138
8196,653_2020-07-18,653,4,70.0,15;15;20;20,580;600;857;888
8197,653_2020-07-19,653,3,45.0,10;15;20,562;975;1264
8198,653_2020-07-20,653,4,45.0,6;20;4;15,623;632;1053;1164
8199,653_2020-07-22,653,4,42.0,15;6;15;6,526;565;882;1049
8200,653_2020-07-26,653,4,40.31,4.31;15;6;15,491;491;635;982
8201,653_2020-07-27,653,2,33.0,15;18,652;1022
8202,653_2020-07-28,653,6,107.0,35;6;20;15;16;15,497;511;801;1236;1260;1305
8203,653_2020-07-29,653,4,47.0,15;6;10;16,506;531;609;936
8204,653_2020-07-30,653,5,76.0,6;15;15;20;20,532;533;587;962;1235
8205,653_2020-08-01,653,2,31.0,6;25,509;1065
8206,653_2020-08-02,653,4,30.0,6;7;15;2,531;600;882;911
8207,653_2020-08-03,653,3,178.0,6;152;20,523;578;908
8208,653_2020-08-04,653,3,65.0,25;20;20,535;873;1205
8209,653_2020-08-05,653,3,36.0,6;10;20,533;897;1041
8210,653_2020-08-06,653,4,47.0,6;15;6;20,545;793;1080;1132
8211,653_2020-08-07,653,2,35.0,15;20,1133;1169
8212,653_2020-08-08,653,3,31.0,6;5;20,523;583;876
8213,654_2020-04-25,654,4,155.0,50;30;30;45,466;690;941;1109
8214,654_2020-04-26,654,4,185.0,50;30;45;60,474;532;785;1124
8215,654_2020-04-27,654,5,195.0,60;20;40;30;45,654;900;982;1103;1137
8216,654_2020-04-28,654,3,145.0,35;50;60,510;862;1175
8217,654_2020-04-30,654,4,200.0,45;45;50;60,432;750;1119;1364
8218,654_2020-05-01,654,4,222.0,60;60;50;52,500;656;1091;1360
8219,654_2020-05-02,654,2,100.0,45;55,474;773
8220,654_2020-05-03,654,3,175.0,55;60;60,489;877;1162
8221,654_2020-05-04,654,3,160.0,50;60;50,500;770;1127
8222,654_2020-05-05,654,5,220.0,35;45;55;45;40,9;501;760;1063;1095
8223,654_2020-05-06,654,4,162.0,45;50;45;22,478;673;1101;1126
8224,654_2020-05-07,654,3,160.0,45;70;45,425;1168;1259
8225,654_2020-05-08,654,3,130.0,45;50;35,454;730;1193
8226,654_2020-05-09,654,4,157.0,45;60;20;32,415;761;1105;1387
8227,654_2020-05-10,654,3,135.0,45;45;45,513;726;1147
8228,654_2020-05-11,654,4,180.0,45;60;50;25,630;892;1130;1235
8229,654_2020-05-12,654,3,140.0,45;50;45,477;860;1165
8230,654_2020-05-13,654,4,195.0,45;65;60;25,390;749;1196;1237
8231,654_2020-05-14,654,4,215.0,65;60;50;40,468;936;1162;1371
8232,654_2020-05-15,654,4,195.0,45;55;50;45,480;745;1140;1368
8233,654_2020-05-16,654,3,160.0,45;50;65,395;835;1109
8234,654_2020-05-17,654,3,160.0,45;50;65,469;681;1185
8235,654_2020-05-18,654,4,185.0,45;30;60;50,552;665;1206;1393
8236,654_2020-05-19,654,3,155.0,45;60;50,510;844;1174
8237,654_2020-05-20,654,3,170.0,50;60;60,409;751;1192
8238,654_2020-05-21,654,3,145.0,45;50;50,413;701;1095
8239,654_2020-05-22,654,3,155.0,50;65;40,502;1142;1188
8240,655_2020-07-01,655,5,189.0,34;82;11;46;16,467;735;1081;1213;1254
8241,655_2020-07-03,655,3,176.0,36;20;120,734;1014;1130
8242,655_2020-07-06,655,5,151.0,36;30;35;25;25,500;745;1019;1152;1314
8243,655_2020-07-09,655,4,181.0,40;50;35;56,527;748;1185;1255
8244,655_2020-07-10,655,5,121.0,24;18;14;45;20,670;713;1010;1199;1240
8245,655_2020-07-12,655,8,334.02,2.59;25;42.48;40;97.41;98;13.54;15,589;589;730;730;1006;1006;1192;1192
8246,655_2020-07-13,655,5,228.0,13;10;20;55;130,655;677;850;932;1143
8247,655_2020-07-14,655,5,265.0,80;90;25;40;30,577;839;913;1149;1280
8248,655_2020-07-15,655,4,170.0,13;62;30;65,421;706;746;1226
8249,655_2020-07-16,655,5,215.0,20;30;70;60;35,475;731;888;1165;1190
8250,655_2020-07-17,655,5,166.0,32;30;12;40;52,503;683;1050;1185;1229
8251,655_2020-07-18,655,5,257.0,60;95;20;60;22,526;699;1043;1176;1268
8252,655_2020-07-23,655,6,254.0,50;65;30;8;16;85,552;682;808;855;1086;1173
8253,655_2020-07-24,655,7,305.0,65;60;30;35;25;55;35,491;774;780;795;1020;1155;1242
8254,655_2020-07-25,655,6,191.0,8;38;10;20;50;65,544;662;899;923;1064;1195
8255,655_2020-07-26,655,7,210.0,36;20;35;20;78;10;11,473;788;816;968;1183;1262;1376
8256,655_2020-07-27,655,3,189.0,69;80;40,748;951;1153
8257,66_2020-07-11,66,4,232.0,52;70;90;20,492;760;1054;1235
8258,66_2020-07-12,66,4,202.0,50;60;80;12,522;767;1160;1285
8259,66_2020-07-13,66,3,210.0,50;70;90,507;767;1160
8260,66_2020-07-14,66,5,266.07,50;50;30;76.07;60,579;810;817;1166;1166
8261,66_2020-07-15,66,4,162.0,50;60;27;25,497;771;1180;1185
8262,66_2020-07-16,66,5,157.0,40;27;50;20;20,489;512;796;809;1107
8263,66_2020-07-17,66,4,170.0,40;50;50;30,505;757;1090;1169
8264,66_2020-07-18,66,3,178.0,48;90;40,457;723;1127
8265,66_2020-07-19,66,4,200.0,50;40;80;30,527;698;1208;1286
8266,66_2020-07-20,66,3,127.0,27;60;40,540;730;1073
8267,66_2020-07-21,66,4,190.0,60;60;30;40,646;823;1060;1170
8268,66_2020-07-22,66,3,190.0,50;80;60,505;735;1066
8269,66_2020-07-23,66,3,140.0,50;40;50,459;768;1086
8270,66_2020-07-24,66,4,210.67000000000002,52.67;48;50;60,581;581;745;1164
8271,66_2020-07-25,66,5,208.12,40;70;20;28.12;50,535;689;989;1136;1136
8272,66_2020-07-26,66,3,57.0,27;20;10,476;834;1067
8273,66_2020-07-27,66,2,150.0,100;50,614;1080
8274,66_2020-07-28,66,2,108.0,48;60,420;1041
8275,66_2020-07-29,66,3,178.0,70;60;48,706;1065;1185
8276,66_2020-07-30,66,3,153.0,48;25;80,465;720;1065
8277,66_2020-07-31,66,5,233.88,2.86;57.52;50;33.5;90,580;728;728;1163;1163
8278,66_2020-08-01,66,4,219.37,58.41;45;55.96;60,621;621;1090;1090
8279,66_2020-08-02,66,1,50.0,50,569
8280,66_2020-08-03,66,1,50.0,50,570
8281,66_2020-08-04,66,3,165.0,60;60;45,705;990;1185
8282,66_2020-08-05,66,1,45.0,45,558
8283,66_2020-08-07,66,8,351.24,56.6;48;23.07;27;46.02;40;60.55;50,344;344;355;355;795;795;1260;1260
8284,662_2020-10-21,662,5,143.0,30;45;10;45;13,545;701;798;1095;1311
8285,662_2020-10-22,662,7,160.07,30;20;15.07;10;50;10;25,513;750;770;770;1053;1078;1250
8286,662_2020-10-23,662,4,150.0,35;20;50;45,570;801;1122;1212
8287,662_2020-10-24,662,5,153.0,20;30;45;40;18,479;622;784;1078;1357
8288,662_2020-10-27,662,3,110.0,20;40;50,465;711;1098
8289,662_2020-10-30,662,8,213.65,16.15;20;54;20;46.78;30;13.72;13,496;496;641;641;1019;1019;1300;1300
8290,662_2020-10-31,662,8,269.69,14.66;20;67.77;50;45.54;45;13.72;13,439;439;624;624;1010;1010;1223;1223
8291,662_2020-11-01,662,4,145.0,20;20;65;40,263;569;810;1274
8292,662_2020-11-02,662,3,139.0,44;50;45,822;882;1234
8293,662_2020-11-03,662,3,130.0,65;35;30,817;1181;1257
8294,662_2020-11-04,662,3,125.0,30;30;65,540;776;1126
8295,662_2020-11-05,662,4,108.0,20;18;10;60,522;740;772;1197
8296,662_2020-11-08,662,4,120.0,20;50;20;30,480;723;967;1217
8297,662_2020-11-09,662,4,155.0,20;45;45;45,457;765;972;1163
8298,662_2020-11-10,662,4,130.0,20;30;40;40,531;690;887;1247
8299,662_2020-11-11,662,4,135.0,50;15;45;25,622;922;1178;1275
8300,662_2020-11-12,662,5,140.0,40;15;45;20;20,527;798;930;1183;1332
8301,662_2020-11-13,662,4,150.0,20;45;45;40,255;700;1020;1172
8302,662_2020-11-16,662,5,110.0,10;35;25;20;20,402;598;940;1085;1229
8303,662_2020-11-17,662,6,133.0,10;35;18;20;30;20,441;495;684;915;1085;1243
8304,666_2021-03-06,666,7,315.0,40;33;60;60;12;75;35,431;631;649;878;994;1096;1256
8305,666_2021-03-07,666,6,293.0,65;33;60;44;75;16,533;625;835;1114;1205;1222
8306,666_2021-03-08,666,6,216.0,20;45;50;25;60;16,376;534;776;972;1190;1298
8307,666_2021-03-09,666,7,208.0,11;30;16;65;30;40;16,272;485;661;746;1062;1240;1258
8308,666_2021-03-10,666,6,220.0,30;35;50;25;30;50,350;508;764;998;1068;1203
8309,666_2021-03-11,666,5,116.0,30;45;10;15;16,346;544;1117;1119;1195
8310,666_2021-03-12,666,7,292.0,30;32;45;7;40;80;58,363;553;744;897;1014;1100;1190
8311,666_2021-03-13,666,5,190.0,35;40;40;50;25,387;656;863;1227;1335
8312,666_2021-03-14,666,4,171.0,34;65;40;32,336;951;1048;1135
8313,666_2021-03-15,666,5,183.0,40;35;15;23;70,567;771;950;1046;1133
8314,666_2021-03-16,666,6,225.0,35;50;60;15;45;20,344;473;760;1049;1227;1308
8315,666_2021-03-17,666,5,180.0,35;45;45;40;15,396;540;768;1112;1121
8316,666_2021-03-18,666,6,236.0,45;35;45;35;11;65,351;478;734;972;1131;1253
8317,666_2021-03-19,666,5,189.0,16;40;13;60;60,372;526;652;1040;1170
8318,666_2021-03-22,666,6,167.0,30;50;16;25;30;16,478;933;1088;1271;1286;1387
8319,666_2021-03-23,666,4,141.0,35;50;40;16,622;900;1249;1288
8320,666_2021-03-24,666,5,201.0,40;75;35;35;16,497;864;1243;1253;1313
8321,666_2021-03-25,666,5,185.0,40;21;60;19;45,490;635;849;966;1231
8322,666_2021-03-27,666,7,188.0,40;35;6;16;16;15;60,462;833;878;923;1006;1299;1315
8323,666_2021-03-28,666,7,234.0,32;35;50;15;15;32;55,604;768;791;901;981;1158;1245
8324,666_2021-03-29,666,4,150.0,65;30;25;30,462;916;1134;1149
8325,666_2021-03-30,666,6,195.0,38;20;12;25;20;80,390;528;596;866;1035;1138
8326,666_2021-04-01,666,6,225.92000000000002,21.23;35;69.23;25;45.46;30,595;595;897;897;1209;1209
8327,666_2021-04-02,666,5,126.0,1;40;20;25;40,411;540;755;956;1237
8328,667_2020-08-21,667,7,100.0,3;22;10;20;10;20;15,338;372;630;722;973;1145;1154
8329,667_2020-08-22,667,8,130.0,3;35;20;22;10;8;27;5,333;388;715;953;957;971;1083;1096
8330,667_2020-08-24,667,7,218.51000000000002,3.48;17.96;25;58.3;44;34.77;35,527;559;559;765;765;1255;1255
8331,667_2020-08-25,667,4,100.0,10;35;50;5,389;719;906;1132
8332,667_2020-08-26,667,1,45.0,45,605
8333,667_2020-08-27,667,4,90.0,25;10;20;35,540;763;926;1153
8334,667_2020-08-29,667,8,152.79,3.42;3;22.59;8;47.56;20;26.22;22,481;481;549;549;751;751;929;929
8335,667_2020-09-01,667,4,102.0,10;60;22;10,369;714;1079;1380
8336,667_2020-09-02,667,3,87.0,35;22;30,516;524;917
8337,667_2020-09-03,667,3,112.0,70;22;20,699;903;1091
8338,667_2020-09-06,667,6,141.0,40;20;11;10;40;20,358;725;846;925;1129;1143
8339,667_2020-09-07,667,3,98.0,12;36;50,359;724;1188
8340,667_2020-09-08,667,3,55.0,10;15;30,366;740;890
8341,667_2020-09-09,667,1,50.0,50,689
8342,667_2020-09-10,667,2,70.0,20;50,213;647
8343,667_2020-09-11,667,3,85.0,30;25;30,343;724;1101
8344,667_2020-09-14,667,4,104.0,25;25;30;24,448;636;713;1082
8345,667_2020-09-15,667,2,66.0,41;25,522;1140
8346,667_2020-09-16,667,3,60.0,25;30;5,573;745;877
8347,667_2020-09-17,667,3,80.0,25;30;25,574;677;756
8348,67_2020-07-11,67,6,300.0,62.96;45;29.91;50;32.13;80,402;402;712;712;1097;1097
8349,67_2020-07-12,67,3,80.0,25;30;25,407;716;1090
8350,67_2020-07-13,67,2,115.0,45;70,480;1110
8351,67_2020-07-14,67,4,140.0,30;35;10;65,435;731;880;1103
8352,67_2020-07-19,67,3,132.0,38;25;69,408;705;1284
8353,67_2020-07-20,67,3,130.0,55;20;55,726;748;1096
8354,67_2020-07-21,67,3,161.0,40;51;70,467;1085;1102
8355,67_2020-07-22,67,3,148.0,38;50;60,411;743;1187
8356,67_2020-07-23,67,3,132.0,45;45;42,403;710;1067
8357,67_2020-07-24,67,8,319.27,68.16;45;59.01;45;11.53;10;50.57;30,404;404;737;737;982;982;1072;1072
8358,67_2020-07-25,67,6,326.04,68.16;45;58.7;45;64.18;45,407;407;709;709;1086;1086
8359,67_2020-07-26,67,3,145.0,45;70;30,436;1370;1372
8360,67_2020-07-27,67,3,126.0,18;60;48,887;888;1183
8361,67_2020-07-28,67,3,112.0,36;38;38,445;796;1158
8362,67_2020-07-29,67,3,123.0,48;15;60,584;1101;1102
8363,67_2020-07-30,67,3,120.0,30;60;30,568;915;1067
8364,67_2020-07-31,67,4,138.0,18;50;10;60,510;726;834;1182
8365,67_2020-08-01,67,5,139.7,45;12.7;10;38;34,411;568;568;800;1059
8366,67_2020-08-02,67,3,168.0,45;43;80,405;734;1107
8367,67_2020-08-03,67,5,146.0,40;25;10;56;15,587;737;747;1121;1250
8368,67_2020-08-04,67,3,122.0,40;50;32,551;755;1113
8369,670_2021-02-16,670,5,159.0,49;12;33;5;60,458;683;805;931;1135
8370,670_2021-02-17,670,8,127.0,3;44;5;30;15;10;10;10,477;590;605;773;854;1080;1088;1263
8371,670_2021-02-18,670,5,142.0,39;35;12;23;33,424;654;728;951;1196
8372,670_2021-02-19,670,6,112.0,20;4;40;30;15;3,417;552;662;838;1050;1164
8373,670_2021-02-20,670,8,159.0,3;90;30;5;5;10;10;6,451;462;766;843;861;1014;1048;1179
8374,670_2021-02-21,670,8,232.0,60;20;30;40;5;10;7;60,431;623;740;786;954;1134;1236;1272
8375,670_2021-02-22,670,9,237.0,60;30;5;5;30;35;60;7;5,482;621;625;627;805;916;1088;1201;1279
8376,670_2021-02-23,670,6,103.0,25;35;1;7;30;5,447;731;740;1076;1151;1170
8377,670_2021-02-24,670,7,130.0,30;40;2;30;20;3;5,477;648;660;1007;1017;1239;1246
8378,670_2021-02-25,670,7,150.0,40;38;34;29;2;5;2,450;587;730;1001;1017;1301;1304
8379,670_2021-02-26,670,6,205.0,35;28;60;2;35;45,392;627;765;777;1058;1216
8380,670_2021-02-27,670,5,198.0,95;42;24;32;5,492;793;1037;1072;1169
8381,670_2021-03-01,670,7,229.0,60;24;5;10;90;10;30,457;680;684;830;1066;1189;1225
8382,670_2021-03-02,670,7,107.0,23;20;15;5;20;12;12,442;585;596;945;1078;1089;1094
8383,670_2021-03-03,670,8,129.0,20;7;60;5;5;6;6;20,395;406;622;846;853;1029;1225;1243
8384,670_2021-03-04,670,9,207.0,40;15;35;6;6;35;30;35;5,408;452;659;854;977;1025;1035;1133;1141
8385,670_2021-03-05,670,5,185.0,30;20;60;15;60,484;495;803;1026;1052
8386,670_2021-03-06,670,9,207.0,35;5;30;10;28;9;40;20;30,458;600;748;765;867;876;1109;1132;1425
8387,670_2021-03-07,670,7,233.0,8;53;80;5;12;70;5,446;522;751;783;818;1030;1200
8388,670_2021-03-08,670,5,202.0,70;45;6;70;11,492;745;1063;1101;1211
8389,670_2021-03-09,670,9,211.0,50;24;24;4;4;45;18;18;24,411;423;628;774;776;964;974;1015;1114
8390,670_2021-03-10,670,5,154.0,50;35;60;4;5,465;651;944;1130;1139
8391,670_2021-03-11,670,6,260.0,10;60;80;65;40;5,426;455;682;944;954;1139
8392,670_2021-03-12,670,4,109.0,30;35;4;40,470;772;796;1041
8393,670_2021-03-13,670,4,170.0,40;10;80;40,563;591;864;1289
8394,670_2021-03-14,670,5,192.0,35;48;44;40;25,472;655;665;971;1001
8395,670_2021-03-15,670,5,112.0,23;19;25;30;15,451;626;824;1087;1203
8396,671_2020-10-11,671,7,141.0,17;35;15;8;21;10;35,451;599;752;764;1012;1124;1148
8397,671_2020-10-12,671,5,165.0,40;25;40;20;40,546;712;862;1086;1160
8398,671_2020-10-13,671,7,180.0,9;20;12;40;34;25;40,526;529;604;703;1017;1089;1120
8399,671_2020-10-14,671,5,160.0,25;30;29;36;40,534;753;890;1020;1065
8400,671_2020-10-15,671,5,150.0,45;30;25;20;30,515;631;756;973;1185
8401,671_2020-10-16,671,4,140.0,45;45;20;30,610;768;872;1138
8402,671_2020-10-17,671,4,110.0,30;35;15;30,488;734;773;1108
8403,671_2020-10-18,671,5,150.0,45;20;25;30;30,747;873;1061;1128;1260
8404,671_2020-10-19,671,6,209.0,40;12;45;40;22;50,496;615;780;978;1065;1140
8405,671_2020-10-20,671,4,146.0,40;17;29;60,132;444;580;1120
8406,671_2020-10-21,671,2,95.0,45;50,618;1170
8407,671_2020-10-22,671,4,107.0,20;20;50;17,555;832;1064;1237
8408,671_2020-10-23,671,3,151.0,30;61;60,520;804;1109
8409,671_2020-10-24,671,3,100.0,30;25;45,457;746;1132
8410,671_2020-10-25,671,5,164.0,40;50;19;25;30,457;748;1001;1065;1068
8411,671_2020-10-26,671,5,130.0,17;45;18;20;30,492;614;632;809;1125
8412,671_2020-10-27,671,4,113.0,35;20;28;30,499;586;769;1148
8413,671_2020-10-28,671,5,130.0,20;20;15;45;30,471;645;731;940;1089
8414,671_2020-10-29,671,4,145.0,50;45;25;25,601;769;1028;1080
8415,671_2020-10-30,671,3,120.0,30;45;45,528;788;875
8416,671_2020-10-31,671,6,172.0,15;40;20;40;27;30,479;489;766;786;977;1160
8417,671_2020-11-03,671,3,135.0,45;45;45,524;718;995
8418,671_2020-11-04,671,3,130.0,45;30;55,597;911;1083
8419,671_2020-11-05,671,4,150.0,45;40;20;45,590;773;1016;1100
8420,671_2020-11-06,671,4,100.0,30;20;25;25,510;523;632;767
8421,671_2020-11-07,671,5,165.0,25;45;25;25;45,477;661;822;1016;1238
8422,674_2020-03-26,674,7,126.14999999999999,0.91;23;39;10;13.24;5;35,420;458;700;800;928;928;948
8423,674_2020-03-27,674,8,133.0,23;20;10;10;25;25;10;10,440;700;819;891;1026;1150;1339;1356
8424,674_2020-03-28,674,6,98.0,12;22;10;22;20;12,453;549;743;879;937;1148
8425,674_2020-03-29,674,5,84.0,10;35;24;10;5,777;877;1050;1128;1292
8426,674_2020-03-30,674,5,97.0,23;24;5;25;20,560;735;750;873;1125
8427,674_2020-04-02,674,8,123.0,23;10;35;10;25;10;5;5,293;592;618;741;1015;1035;1180;1363
8428,674_2020-04-05,674,5,95.0,23;20;20;22;10,510;670;705;755;930
8429,674_2020-04-06,674,6,156.0,23;30;50;23;10;20,477;735;780;1020;1143;1296
8430,674_2020-04-09,674,8,126.0,23;10;20;15;23;10;15;10,633;634;692;829;932;952;979;1012
8431,674_2020-04-10,674,4,76.0,24;10;22;20,550;780;960;1142
8432,674_2020-04-11,674,6,155.0,33;33;25;10;14;40,570;750;930;960;1110;1143
8433,674_2020-04-12,674,5,105.0,23;22;10;30;20,480;723;723;837;1035
8434,674_2020-04-13,674,5,108.0,23;25;10;15;35,450;737;782;830;1140
8435,674_2020-04-14,674,6,88.0,23;10;10;25;10;10,297;555;641;706;919;1180
8436,674_2020-04-17,674,7,134.0,24;20;10;5;25;10;40,210;545;673;771;795;887;960
8437,674_2020-04-18,674,4,98.0,5;50;20;23,600;870;1009;1230
8438,674_2020-04-19,674,3,93.0,35;23;35,510;803;960
8439,674_2020-04-20,674,5,100.0,25;25;10;35;5,450;720;856;990;1339
8440,674_2020-04-21,674,8,187.88,24.89;23;41.04;20;33.49;12;23.46;10,345;345;709;709;824;824;1069;1069
8441,676_2019-10-31,676,8,284.56,1.71;15;36.51;40;58.17;0.23;57.94;75,428;428;728;728;1035;1035;1035;1035
8442,676_2019-11-02,676,4,189.0,35;90;14;50,398;733;976;1101
8443,676_2019-11-03,676,8,331.36,37.48;25;37.06;90;55.01;60;11.81;15,392;392;728;728;1057;1057;1263;1263
8444,676_2019-11-05,676,4,150.0,35;50;15;50,399;731;1158;1196
8445,676_2019-11-06,676,3,200.0,20;100;80,496;798;1055
8446,676_2019-11-07,676,4,195.0,20;70;75;30,434;684;1055;1268
8447,676_2019-11-08,676,6,323.71999999999997,30.61;35;59.3;110;28.81;60,410;410;724;724;1078;1078
8448,676_2019-11-10,676,6,314.92,34.18;35;51.42;90;54.32;50,434;434;726;726;1141;1141
8449,676_2019-11-11,676,6,347.41,34.18;35;58.19;90;60.04;70,412;412;725;725;1059;1059
8450,676_2019-11-12,676,4,210.0,35;80;65;30,396;720;1031;1260
8451,676_2019-11-13,676,2,60.0,35;25,503;733
8452,676_2019-11-14,676,6,319.68,37.01;25;52.9;60;64.77;80,459;459;688;688;1049;1049
8453,676_2019-11-16,676,3,160.0,35;80;45,395;725;1159
8454,676_2019-11-17,676,3,160.0,35;40;85,398;758;1048
8455,676_2019-11-18,676,4,205.0,5;100;70;30,395;715;1030;1282
8456,676_2019-11-19,676,3,125.0,20;55;50,456;710;1055
8457,676_2019-11-20,676,4,160.0,20;50;60;30,502;792;1068;1288
8458,676_2019-11-21,676,6,245.44,34.53;25;21.35;35;69.56;60,518;518;702;702;1001;1001
8459,676_2019-11-23,676,3,205.0,55;100;50,610;829;1148
8460,676_2019-11-24,676,5,200.0,70;20;25;70;15,512;893;920;1034;1250
8461,676_2019-11-25,676,3,190.0,35;80;75,395;715;1047
8462,676_2019-11-26,676,4,190.0,20;80;50;40,406;706;1074;1129
8463,676_2019-11-27,676,3,165.0,35;50;80,458;697;1138
8464,677_2020-07-17,677,6,246.23000000000002,19;45;17;20;73.23;72,467;626;874;874;1254;1254
8465,677_2020-07-18,677,1,39.0,39,523
8466,677_2020-07-19,677,5,144.0,19;36;20;34;35,547;879;1112;1187;1217
8467,677_2020-07-24,677,4,127.0,42;25;13;47,513;688;891;1099
8468,677_2020-07-25,677,1,34.0,34,556
8469,677_2020-07-26,677,1,44.0,44,439
8470,677_2020-07-31,677,1,35.0,35,682
8471,677_2020-08-03,677,1,38.0,38,629
8472,677_2020-08-04,677,3,62.0,12;35;15,508;591;745
8473,677_2020-08-05,677,1,34.0,34,574
8474,677_2020-08-07,677,4,86.7,24.84;12;14.86;35,630;630;823;823
8475,677_2020-08-09,677,2,47.0,15;32,505;899
8476,677_2020-08-10,677,2,80.0,52;28,645;909
8477,677_2020-08-11,677,4,59.0,12;3;28;16,479;682;1076;1080
8478,677_2020-08-12,677,2,54.0,45;9,607;966
8479,677_2020-08-13,677,1,40.0,40,784
8480,678_2019-12-02,678,8,91.07,10.42;12;5.83;7;9.65;9;22.17;15,654;654;875;875;1022;1022;1038;1038
8481,678_2019-12-05,678,4,50.0,5;11;28;6,698;825;1057;1287
8482,678_2019-12-06,678,5,126.0,28;18;22;28;30,475;650;743;1050;1119
8483,678_2019-12-08,678,6,54.47,8;2;7.47;7;16;14,435;716;751;751;1035;1316
8484,678_2019-12-09,678,4,90.0,6;44;14;26,773;990;1054;1224
8485,678_2019-12-10,678,2,33.0,23;10,784;1115
8486,678_2019-12-11,678,9,101.66,18.25;17;9.86;14;8.41;16;8.13;0.01;10,527;527;718;718;971;971;1093;1093;1093
8487,678_2019-12-12,678,4,39.21,2.75;6;12.46;18,503;503;1058;1058
8488,678_2019-12-13,678,3,66.0,27;25;14,727;728;1002
8489,678_2019-12-17,678,6,32.89,2.77;10;3.12;6;3;8,511;511;778;778;1055;1055
8490,678_2019-12-18,678,4,83.0,8;9;24;42,479;799;940;1089
8491,678_2019-12-19,678,5,67.0,21;8;20;12;6,486;885;897;1149;1223
8492,678_2019-12-20,678,4,99.0,28;10;16;45,647;777;961;1123
8493,678_2019-12-21,678,3,39.0,8;9;22,526;724;1028
8494,678_2019-12-22,678,3,36.0,8;8;20,702;712;1045
8495,678_2019-12-23,678,5,78.0,20;14;26;12;6,652;758;907;1025;1330
8496,678_2019-12-24,678,6,51.089999999999996,2.26;5;13.37;10;4.46;16,488;488;1115;1115;1314;1314
8497,678_2019-12-25,678,8,157.20999999999998,1.52;6;9.86;9;37.42;9.44;27.97;56,552;552;675;675;1089;1089;1089;1089
8498,678_2019-12-26,678,4,91.0,24;50;3;14,500;705;992;1023
8499,678_2019-12-27,678,6,137.13,25.28;28;14.95;7;47.9;14,524;524;684;684;983;983
8500,678_2019-12-28,678,2,36.0,10;26,637;1041
8501,678_2019-12-29,678,4,65.0,8;8;4;45,442;653;848;1095
8502,683_2019-08-14,683,8,216.02,18.6;35;4.67;20;26.16;40;46.59;25,498;498;752;752;1116;1116;1141;1141
8503,683_2019-08-15,683,8,207.57999999999998,2.53;6;7.43;8;90.71;60;17.91;15,504;504;781;781;1101;1101;1326;1326
8504,683_2019-08-16,683,8,357.23,16.59;26;52.75;6.59;46.16;20;109.14;80,557;557;887;887;887;887;1112;1112
8505,683_2019-08-17,683,8,279.6,12.65;12;15.49;10;107.9;40;51.56;30,500;500;741;741;934;934;1040;1040
8506,683_2019-08-18,683,5,127.0,6;26;25;25;45,498;665;784;1035;1200
8507,683_2019-08-19,683,3,87.0,10;60;17,575;1183;1359
8508,683_2019-08-20,683,5,93.0,30;7;40;6;10,520;840;1126;1235;1360
8509,683_2019-08-21,683,6,173.66,1.27;5;48.12;45;39.27;35,558;558;739;739;1092;1092
8510,683_2019-08-22,683,8,211.01,36.23;35;15.22;14;55.95;40;7.61;7,731;731;1045;1045;1098;1098;1352;1352
8511,683_2019-08-23,683,3,93.0,20;55;18,588;795;1140
8512,683_2019-08-24,683,4,58.0,8;10;10;30,597;710;943;1203
8513,683_2019-08-25,683,3,130.0,10;60;60,495;750;1140
8514,683_2019-08-26,683,4,255.77,78.59;60;82.18;35,534;534;1120;1120
8515,683_2019-08-27,683,6,213.85,2.53;5;47.35;22;86.97;50,523;523;766;766;1100;1100
8516,683_2019-08-29,683,8,323.89,9.5;5;125;45;55.17;20;39.22;25,523;523;727;727;1140;1140;1266;1266
8517,683_2019-08-30,683,2,100.0,50;50,540;1130
8518,683_2019-08-31,683,3,67.0,7;20;40,586;837;1200
8519,683_2019-09-01,683,3,150.0,60;70;20,640;1025;1260
8520,683_2019-09-02,683,3,49.0,4;10;35,512;670;1035
8521,683_2019-09-03,683,3,70.0,20;20;30,720;1040;1080
8522,683_2019-09-04,683,4,98.0,16;25;12;45,509;661;1020;1155
8523,683_2019-09-05,683,5,130.0,15;30;10;50;25,430;719;789;907;1200
8524,683_2019-09-06,683,4,57.0,7;8;7;35,584;822;974;1185
8525,683_2019-09-07,683,5,141.0,45;40;25;24;7,554;768;1060;1132;1420
8526,683_2019-09-08,683,4,158.0,18;20;50;70,556;706;950;1093
8527,683_2019-09-09,683,8,268.47,45.42;25;12.3;12;37.3;25;51.45;60,495;495;935;935;1135;1135;1315;1315
8528,683_2019-09-10,683,8,269.73,42.37;40;8.54;9;65.83;45;33.99;25,573;573;942;942;1138;1138;1258;1258
8529,69_2020-12-01,69,7,198.66,30;50;11;50;5;37.66;15,445;729;753;1147;1169;1185;1185
8530,69_2020-12-02,69,4,117.0,12;50;10;45,454;724;1109;1127
8531,69_2020-12-05,69,6,172.0,42;10;25;35;5;55,649;799;835;944;1026;1168
8532,69_2020-12-06,69,5,126.0,12;39;19;43;13,584;809;830;1050;1126
8533,69_2020-12-07,69,5,160.0,28;42;55;20;15,449;732;1083;1125;1187
8534,69_2020-12-09,69,8,227.70000000000002,16.57;18;26.95;45;42.06;55;9.12;15,448;448;729;729;1094;1094;1191;1191
8535,69_2020-12-12,69,5,135.0,30;15;20;15;55,589;778;862;1036;1121
8536,69_2020-12-13,69,5,144.0,20;55;15;42;12,619;783;1002;1106;1206
8537,69_2020-12-14,69,4,143.0,20;55;48;20,476;737;1112;1158
8538,69_2020-12-16,69,8,354.38,77.63;26;100.13;55;37.49;50;3.13;5,450;450;690;690;1139;1139;1186;1186
8539,69_2020-12-17,69,4,105.0,26;25;42;12,460;758;1102;1252
8540,69_2020-12-18,69,4,139.0,25;42;20;52,510;770;1050;1155
8541,69_2020-12-19,69,5,112.0,30;8;10;15;49,564;765;772;966;1025
8542,69_2020-12-20,69,5,143.0,30;30;25;40;18,552;751;938;1098;1137
8543,69_2020-12-21,69,5,159.0,32;55;45;17;10,450;763;1110;1147;1230
8544,69_2020-12-22,69,6,235.19,17.06;30;34.01;50;54.12;50,453;453;774;774;1106;1106
8545,69_2020-12-24,69,3,103.0,20;28;55,475;723;1076
8546,69_2020-12-25,69,4,114.0,25;22;25;42,444;678;878;1142
8547,69_2020-12-26,69,4,120.0,25;40;10;45,473;762;930;1089
8548,69_2020-12-27,69,5,106.0,10;25;15;18;38,211;486;759;940;1105
8549,69_2020-12-28,69,3,94.0,14;35;45,466;733;1108
8550,692_2020-07-23,692,3,108.0,35;35;38,570;727;854
8551,692_2020-07-24,692,4,68.0,20;20;3;25,541;752;947;1064
8552,692_2020-07-25,692,3,77.0,12;20;45,470;1159;1330
8553,692_2020-07-26,692,4,140.42000000000002,34.56;36;33.86;36,762;762;1106;1106
8554,692_2020-07-28,692,6,263.04999999999995,35;23;76.95;55;48.1;25,733;733;1053;1053;1359;1359
8555,692_2020-07-30,692,3,71.0,23;25;23,854;1191;1298
8556,692_2020-07-31,692,3,88.0,20;23;45,584;750;1100
8557,692_2020-08-01,692,3,80.0,30;35;15,753;1303;1303
8558,692_2020-08-03,692,4,103.75,29.29;16;5.46;53,503;503;1118;1118
8559,692_2020-08-04,692,2,65.0,35;30,807;1192
8560,692_2020-08-05,692,4,126.0,12;24;25;65,500;965;976;1134
8561,692_2020-08-06,692,2,45.0,15;30,521;739
8562,692_2020-08-07,692,2,90.0,25;65,559;1147
8563,692_2020-08-08,692,2,30.0,5;25,548;727
8564,692_2020-08-09,692,2,40.0,25;15,461;1115
8565,692_2020-08-10,692,3,82.0,15;17;50,28;859;1109
8566,692_2020-08-12,692,2,62.0,50;12,542;838
8567,692_2020-08-13,692,2,65.0,10;55,1028;1229
8568,692_2020-08-14,692,6,221.29,43.37;15;33.89;12;72.03;45,432;432;793;793;1127;1127
8569,692_2020-08-15,692,6,161.71,25.4;24;36.27;15;31.04;30,583;583;892;892;1104;1104
8570,695_2020-12-21,695,5,119.0,27;15;32;20;25,539;793;1042;1207;1318
8571,695_2020-12-22,695,4,107.0,20;4;41;42,486;624;809;1224
8572,695_2020-12-23,695,5,92.0,22;13;30;10;17,382;569;820;989;1185
8573,695_2020-12-24,695,5,140.0,17;16;2;60;45,489;731;1016;1085;1248
8574,695_2020-12-25,695,6,166.0,27;45;20;4;45;25,399;719;988;1104;1190;1367
8575,695_2020-12-26,695,3,167.0,72;45;50,449;819;1205
8576,695_2020-12-27,695,3,72.0,17;30;25,375;785;1340
8577,695_2020-12-28,695,6,210.0,50;57;25;20;22;36,525;850;1073;1105;1224;1437
8578,695_2020-12-29,695,6,145.0,20;7;30;35;33;20,489;676;753;938;1111;1248
8579,695_2020-12-30,695,5,130.0,27;25;10;43;25,600;861;960;1200;1347
8580,695_2020-12-31,695,5,150.0,46;34;4;16;50,488;761;928;986;1280
8581,695_2021-01-01,695,4,121.0,34;34;33;20,664;908;1118;1170
8582,695_2021-01-02,695,5,149.0,8;50;30;20;41,390;570;748;850;1251
8583,695_2021-01-03,695,4,111.0,40;10;25;36,353;660;790;1294
8584,695_2021-01-04,695,4,119.0,56;20;23;20,649;1080;1121;1267
8585,695_2021-01-05,695,5,147.0,27;10;31;29;50,450;570;655;825;1257
8586,695_2021-01-06,695,6,134.0,20;40;30;17;10;17,400;510;833;1032;1160;1336
8587,695_2021-01-07,695,8,203.0,50;10;15;21;1;22;45;39,455;643;754;788;927;974;1126;1226
8588,695_2021-01-08,695,5,181.0,27;30;34;30;60,456;589;801;847;1147
8589,695_2021-01-09,695,3,97.0,47;25;25,565;807;1235
8590,695_2021-01-10,695,2,70.0,35;35,805;1226
8591,695_2021-01-11,695,6,177.0,30;26;30;60;5;26,518;704;807;931;1267;1288
8592,695_2021-01-12,695,4,155.0,38;45;42;30,399;795;920;1274
8593,695_2021-01-13,695,4,139.0,49;25;45;20,390;751;1143;1280
8594,695_2021-01-14,695,6,236.0,30;15;45;31;55;60,390;690;774;1061;1063;1271
8595,695_2021-01-15,695,5,154.0,30;53;10;31;30,396;787;915;1022;1125
8596,695_2021-01-16,695,4,171.0,49;63;32;27,385;789;986;1290
8597,695_2021-01-17,695,5,157.0,27;17;45;23;45,360;685;803;885;1230
8598,702_2019-11-15,702,2,122.27000000000001,62.27;60,35;35
8599,702_2019-11-18,702,4,106.0,7;27;12;60,613;783;1230;1380
8600,702_2019-11-23,702,5,171.0,60;7;4;30;70,120;885;1005;1212;1396
8601,702_2019-11-24,702,8,151.0,7;25;9;25;15;35;5;30,772;925;985;1013;1185;1208;1250;1411
8602,702_2019-11-25,702,5,114.0,7;20;30;7;50,594;728;1203;1269;1311
8603,702_2019-11-26,702,6,190.89,14.27;15;24.62;40;32;65,795;795;1232;1232;1351;1351
8604,702_2019-11-28,702,6,131.0,7;14;5;30;20;55,618;755;1029;1187;1245;1409
8605,702_2019-11-29,702,3,71.0,7;60;4,612;1296;1390
8606,702_2019-11-30,702,8,149.0,45;30;9;20;9;20;5;11,47;66;901;1010;1092;1245;1362;1400
8607,702_2019-12-01,702,2,57.0,55;2,67;788
8608,702_2019-12-02,702,6,126.0,7;18;12;9;15;65,612;714;745;862;1196;1393
8609,702_2019-12-03,702,4,87.0,7;5;15;60,629;795;1186;1368
8610,702_2019-12-06,702,4,72.0,7;5;30;30,603;812;1290;1432
8611,702_2019-12-07,702,5,91.0,7;9;30;15;30,760;1144;1268;1283;1336
8612,702_2019-12-08,702,8,175.0,35;7;6;9;6;2;65;45,14;700;735;870;1092;1160;1298;1321
8613,702_2019-12-09,702,4,102.0,7;10;50;35,747;751;1215;1429
8614,704_2019-07-30,704,8,113.45,14.42;6;9.8;18;34.85;27;1.38;2,370;370;570;570;869;869;1260;1260
8615,704_2019-07-31,704,3,66.0,5;5;56,393;791;1091
8616,704_2019-08-03,704,2,63.0,5;58,638;899
8617,704_2019-08-04,704,4,58.0,5;41;9;3,365;722;871;1058
8618,704_2019-08-07,704,5,122.0,7;10;9;46;50,524;786;966;1098;1287
8619,704_2019-08-08,704,6,250.82,9.61;53;37.39;20;58.82;72,485;485;777;777;1158;1158
8620,704_2019-08-10,704,5,143.0,2;5;122;3;11,429;490;798;1096;1265
8621,704_2019-08-11,704,2,85.0,9;76,513;1052
8622,704_2019-08-12,704,5,55.0,19;2;7;8;19,268;576;592;1094;1349
8623,704_2019-08-13,704,8,307.13,49.33;11;63.95;27;21.92;19;38.93;76,504;504;752;752;798;798;1050;1050
8624,704_2019-08-14,704,8,315.1700000000001,1.87;6;52.63;6.77;45.86;15;117.04;70,410;410;637;637;637;637;1179;1179
8625,704_2019-08-15,704,3,70.0,6;4;60,556;765;935
8626,704_2019-08-16,704,5,161.0,42;20;34;45;20,538;823;875;1053;1100
8627,704_2019-08-17,704,1,40.0,40,773
8628,704_2019-08-18,704,2,140.0,80;60,449;1081
8629,704_2019-08-19,704,3,123.0,62;29;32,489;819;1362
8630,704_2019-08-20,704,1,100.0,100,856
8631,704_2019-08-21,704,3,37.0,12;14;11,308;335;1335
8632,704_2019-08-22,704,4,154.0,11;64;76;3,401;826;1179;1262
8633,704_2019-08-23,704,8,182.21999999999997,1.71;2;20.18;22;17.13;22;21.2;76,541;541;593;593;800;800;1107;1107
8634,704_2019-08-25,704,5,146.0,12;6;19;5;104,384;688;709;1098;1385
8635,707_2019-05-12,707,2,121.05,61.05;60,1073;1073
8636,707_2019-05-14,707,3,242.0,62;120;60,742;962;1277
8637,707_2019-05-15,707,3,185.0,80;70;35,671;1014;1215
8638,707_2019-05-16,707,8,291.65999999999997,16.85;17;47.59;35;81.47;15;31.75;47,570;570;752;752;914;914;1057;1057
8639,707_2019-05-17,707,2,139.99,79.99;60,882;882
8640,707_2019-05-18,707,3,154.0,74;40;40,876;1108;1264
8641,707_2019-05-19,707,2,120.0,60;60,764;1186
8642,707_2019-05-20,707,4,202.0,47;80;60;15,661;782;1187;1246
8643,707_2019-05-22,707,6,282.18,70.17;40;62.07;40;32.94;37,744;744;1119;1119;1386;1386
8644,707_2019-05-24,707,4,142.61,3.88;4;74.73;60,763;763;1198;1198
8645,707_2019-05-25,707,3,117.0,47;30;40,677;927;1207
8646,707_2019-05-26,707,3,150.0,50;50;50,677;703;1168
8647,707_2019-05-27,707,2,127.0,47;80,1011;1301
8648,707_2019-05-29,707,2,243.76,123.76;120,888;888
8649,707_2019-05-30,707,6,265.63,44.74;20;45.71;47;48.18;60,560;560;1148;1148;1221;1221
8650,707_2019-05-31,707,3,136.0,29;47;60,536;567;1151
8651,707_2019-06-01,707,1,60.0,60,597
8652,707_2019-06-02,707,2,120.0,40;80,609;1083
8653,707_2019-06-03,707,1,50.0,50,763
8654,707_2019-06-04,707,6,289.57000000000005,55.42;45;69.57;24.71;44.87;50,690;690;1292;1292;1292;1292
8655,707_2019-06-05,707,6,312.9,90.6;70;66.15;31.18;34.97;20,764;764;1337;1337;1337;1337
8656,707_2019-06-06,707,5,226.0,45;32;29;40;80,448;470;825;989;1139
8657,707_2019-06-07,707,3,125.0,40;40;45,664;794;1196
8658,707_2019-06-08,707,3,126.0,41;60;25,788;960;1366
8659,71_2020-07-16,71,6,236.28000000000003,90.31;58;10.86;33;14.11;30,708;708;744;744;867;867
8660,71_2020-07-17,71,4,172.0,68;22;13;69,725;988;1067;1264
8661,71_2020-07-18,71,6,277.0,55;25;100;18;46;33,562;601;862;961;1106;1254
8662,71_2020-07-19,71,4,187.0,68;33;68;18,553;970;1158;1191
8663,71_2020-07-20,71,2,124.0,91;33,644;915
8664,71_2020-07-21,71,2,71.0,58;13,614;672
8665,71_2020-07-22,71,4,231.28,28.08;91;29.2;83,672;672;1145;1145
8666,71_2020-07-23,71,8,277.37,16.74;83;0.72;16;52.58;55;20.33;33,690;690;772;772;940;940;1069;1069
8667,71_2020-07-24,71,3,176.0,83;63;30,595;1223;1316
8668,71_2020-07-25,71,1,45.0,45,491
8669,71_2020-07-26,71,4,243.0,83;83;53;24,729;771;1287;1315
8670,71_2020-07-27,71,4,189.0,83;17;63;26,612;868;964;1245
8671,71_2020-07-28,71,2,138.0,83;55,647;1224
8672,71_2020-07-31,71,2,88.0,53;35,689;850
8673,71_2020-08-01,71,2,139.0,83;56,570;1088
8674,71_2020-08-02,71,2,141.0,82;59,588;1115
8675,71_2020-08-07,71,1,73.0,73,609
8676,71_2020-08-08,71,2,142.0,83;59,682;939
8677,71_2020-08-09,71,4,181.0,83;13;59;26,661;705;1162;1190
8678,71_2020-08-10,71,3,172.0,83;26;63,483;775;998
8679,715_2019-04-24,715,4,207.0,12;60;55;80,345;414;795;1059
8680,715_2019-04-25,715,5,180.0,35;20;65;30;30,404;555;791;992;1254
8681,715_2019-04-26,715,8,352.28,2.63;8;34.62;65;32.6;28;111.43;70,363;363;496;496;829;829;1119;1119
8682,715_2019-04-28,715,5,194.0,8;60;20;38;68,341;447;695;796;1168
8683,715_2019-04-30,715,6,319.38,2.63;8;59.99;72;96.76;80,466;466;701;701;1090;1090
8684,715_2019-05-01,715,5,158.0,65;5;18;30;40,496;661;805;876;1309
8685,715_2019-05-02,715,5,160.0,8;8;48;28;68,346;410;729;874;1139
8686,715_2019-05-05,715,4,186.0,68;50;48;20,606;880;1128;1280
8687,715_2019-05-08,715,5,210.0,10;72;48;60;20,338;510;835;1100;1119
8688,715_2019-05-09,715,6,248.0,10;10;60;68;60;40,340;410;558;826;1101;1275
8689,715_2019-05-10,715,5,221.0,10;70;68;58;15,356;446;702;1055;1093
8690,715_2019-05-11,715,4,200.0,10;72;70;48,333;478;738;1051
8691,715_2019-05-12,715,5,174.0,10;50;48;48;18,340;450;780;1127;1322
8692,715_2019-05-13,715,6,217.0,10;45;20;27;80;35,360;643;764;907;1107;1379
8693,715_2019-05-16,715,7,249.0,10;60;50;28;18;18;65,334;400;720;755;876;920;1210
8694,715_2019-05-17,715,5,245.0,10;72;68;75;20,372;465;878;1112;1264
8695,715_2019-05-18,715,5,208.0,10;40;72;68;18,357;434;755;1031;1227
8696,715_2019-05-19,715,6,238.0,10;70;68;25;25;40,454;465;792;894;1200;1232
8697,716_2019-07-14,716,7,219.0,28;45;25;19;42;25;35,432;732;786;885;1040;1239;1308
8698,716_2019-07-15,716,6,194.0,28;55;30;30;16;35,445;682;1038;1139;1191;1305
8699,716_2019-07-16,716,5,178.0,28;55;52;18;25,417;680;1078;1278;1314
8700,716_2019-07-19,716,5,134.0,28;30;25;35;16,441;740;825;1067;1282
8701,716_2019-07-22,716,5,184.0,28;55;18;45;38,412;729;843;1069;1227
8702,716_2019-07-23,716,4,170.0,28;55;42;45,411;780;1069;1260
8703,716_2019-07-24,716,5,149.0,28;55;25;16;25,422;703;1061;1261;1295
8704,716_2019-07-25,716,5,178.0,28;55;32;38;25,433;750;1063;1264;1315
8705,716_2019-07-26,716,4,118.0,28;55;15;20,425;670;1075;1224
8706,716_2019-07-29,716,7,199.0,28;55;18;30;20;20;28,439;672;690;1069;1200;1258;1303
8707,716_2019-07-30,716,4,156.0,28;30;28;70,445;1065;1295;1410
8708,716_2019-07-31,716,6,194.0,28;65;18;25;38;20,425;690;845;1071;1254;1312
8709,716_2019-08-01,716,5,192.0,28;70;30;42;22,445;740;1067;1240;1280
8710,716_2019-08-02,716,3,113.0,28;55;30,440;1070;1259
8711,716_2019-08-05,716,6,201.0,28;60;25;25;38;25,445;745;943;1073;1260;1305
8712,716_2019-08-06,716,5,168.0,28;55;15;30;40,430;775;806;1063;1250
8713,723_2021-02-20,723,3,40.0,10;15;15,527;738;1185
8714,723_2021-02-21,723,4,75.0,32;10;10;23,440;734;758;1211
8715,723_2021-02-22,723,6,130.0,30;22;35;30;5;8,408;719;890;1133;1272;1340
8716,723_2021-02-23,723,4,70.0,12;22;15;21,480;591;834;1149
8717,723_2021-02-24,723,3,58.0,10;20;28,495;665;825
8718,723_2021-02-28,723,3,73.0,43;15;15,419;904;1168
8719,723_2021-03-01,723,3,74.0,18;24;32,532;900;1021
8720,723_2021-03-02,723,2,50.0,38;12,736;1264
8721,723_2021-03-03,723,3,62.0,28;22;12,600;772;1181
8722,723_2021-03-04,723,2,53.0,35;18,474;1125
8723,723_2021-03-05,723,2,36.0,18;18,578;910
8724,723_2021-03-06,723,2,30.0,12;18,441;1115
8725,723_2021-03-07,723,3,52.0,12;25;15,463;750;1176
8726,723_2021-03-08,723,3,67.0,24;15;28,600;870;1290
8727,723_2021-03-09,723,4,63.0,16;27;8;12,621;855;1000;1122
8728,723_2021-03-10,723,1,60.0,60,467
8729,723_2021-03-11,723,2,43.0,18;25,465;1174
8730,723_2021-03-12,723,4,88.0,25;8;21;34,469;787;852;1102
8731,723_2021-03-13,723,2,38.0,18;20,668;883
8732,723_2021-03-14,723,2,48.0,33;15,509;787
8733,729_2019-09-01,729,6,254.97,29.58;65;90.64;30;9.75;30,466;466;791;791;1149;1149
8734,729_2019-09-02,729,5,198.0,8;65;15;50;60,405;523;630;837;1106
8735,729_2019-09-04,729,6,260.24,40.53;65;62.1;33;39.61;20,564;564;804;804;1125;1125
8736,729_2019-09-05,729,4,165.0,65;20;30;50,492;685;757;1105
8737,729_2019-09-06,729,2,135.0,60;75,528;1174
8738,729_2019-09-07,729,8,338.93999999999994,49.76;60;15.66;15;53.85;40;64.67;40,492;492;564;564;748;748;1087;1087
8739,729_2019-09-08,729,6,333.02000000000004,54.53;65;75.01;50;68.48;20,487;487;770;770;1099;1099
8740,729_2019-09-09,729,3,140.0,60;40;40,509;823;1100
8741,729_2019-09-11,729,8,264.34000000000003,36.35;65;12.57;20;24.42;15;51;40,516;516;684;684;745;745;1083;1083
8742,729_2019-09-12,729,3,130.0,65;50;15,536;803;1172
8743,729_2019-09-13,729,4,190.0,65;15;40;70,510;690;795;1140
8744,729_2019-09-14,729,3,145.0,60;50;35,526;988;1153
8745,729_2019-09-15,729,3,80.0,50;15;15,510;765;1154
8746,729_2019-09-16,729,3,155.0,65;30;60,540;772;1136
8747,729_2019-09-17,729,6,276.95000000000005,47.34;65;43.37;45;53.24;23,577;577;768;768;1113;1113
8748,729_2019-09-18,729,6,236.83999999999997,45.58;65;45.15;30;21.11;30,545;545;817;817;1156;1156
8749,729_2019-09-19,729,3,155.0,65;50;40,526;790;1131
8750,729_2019-09-20,729,4,165.0,65;20;60;20,543;660;810;1117
8751,729_2019-09-21,729,4,145.0,65;40;20;20,480;809;1170;1239
8752,729_2019-09-22,729,3,130.0,65;40;25,514;743;1116
8753,729_2019-09-23,729,3,115.0,65;20;30,511;789;1214
8754,729_2019-09-24,729,9,311.29,60.77;65;26.95;37.5;40;26.76;25;14.31;15,511;511;682;747;747;1138;1138;1148;1148
8755,729_2019-09-25,729,6,200.32999999999998,0.63;5;86.32;50;28.38;30,638;638;752;752;1061;1061
8756,729_2019-09-26,729,2,105.0,65;40,534;826
8757,729_2019-09-27,729,2,95.0,45;50,530;811
8758,733_2020-01-17,733,5,285.0,20;25;90;75;75,543;620;773;1027;1170
8759,733_2020-01-20,733,5,235.0,25;20;60;60;70,582;650;794;1077;1247
8760,733_2020-01-21,733,6,270.0,20;45;30;20;90;65,491;796;822;900;1102;1380
8761,733_2020-01-24,733,5,195.0,20;20;45;20;90,546;573;820;977;1101
8762,733_2020-01-25,733,4,306.98,68.55;60;58.43;120,629;629;1098;1098
8763,733_2020-01-27,733,7,350.0,20;60;45;30;120;30;45,20;643;874;924;1115;1204;1430
8764,733_2020-01-28,733,5,280.0,20;25;55;90;90,485;607;820;1069;1248
8765,733_2020-01-29,733,5,210.0,20;25;45;30;90,522;715;877;900;1127
8766,733_2020-02-02,733,4,290.0,60;90;60;80,601;842;1113;1425
8767,733_2020-02-03,733,5,220.0,20;20;45;45;90,373;547;782;1090;1380
8768,733_2020-02-04,733,6,212.0,20;20;45;27;90;10,480;535;809;833;1140;1230
8769,733_2020-02-05,733,5,230.0,20;25;45;90;50,523;645;755;1081;1320
8770,733_2020-02-06,733,5,295.0,20;25;65;75;110,533;672;811;1091;1417
8771,733_2020-02-10,733,4,310.0,60;90;120;40,552;799;1100;1371
8772,733_2020-02-11,733,4,245.0,5;60;90;90,5;582;850;1092
8773,734_2019-08-09,734,8,264.38,28.38;55;8.98;5;4.68;20;92.34;50,556;556;760;760;912;912;1160;1160
8774,734_2019-08-13,734,4,190.0,45;60;60;25,611;1107;1169;1300
8775,734_2019-08-14,734,3,133.0,43;30;60,635;753;1092
8776,734_2019-08-15,734,4,172.0,48;60;24;40,551;778;904;1164
8777,734_2019-08-16,734,4,159.0,45;25;24;65,543;759;873;1081
8778,734_2019-08-19,734,4,247.0,42;65;65;75,428;718;816;1018
8779,734_2019-08-20,734,3,194.0,74;40;80,620;912;1048
8780,734_2019-08-21,734,4,222.0,44;57;70;51,632;767;1039;1181
8781,734_2019-08-22,734,4,205.0,30;55;40;80,599;781;817;1037
8782,734_2019-08-23,734,6,228.0,43;45;46;18;65;11,426;638;758;921;1011;1262
8783,734_2019-08-24,734,6,153.0,30;20;15;11;47;30,430;611;720;886;1092;1191
8784,734_2019-08-27,734,5,201.0,60;60;15;55;11,608;782;1012;1119;1288
8785,734_2019-08-28,734,5,200.0,49;20;64;47;20,591;766;911;1128;1234
8786,734_2019-08-29,734,7,196.0,50;18;30;11;30;32;25,410;664;762;859;986;1094;1260
8787,734_2019-08-30,734,8,334.18,55.41;62;24.64;18;31.95;17;70.18;55,433;433;752;752;862;862;1149;1149
8788,734_2019-09-01,734,5,150.0,60;10;29;11;40,417;720;845;1005;1135
8789,734_2019-09-02,734,3,170.0,50;55;65,419;723;992
8790,734_2019-09-03,734,3,144.0,44;45;55,576;867;1136
8791,734_2019-09-04,734,4,186.0,36;70;30;50,590;737;771;1038
8792,734_2019-09-05,734,4,175.0,50;36;29;60,418;765;871;1146
8793,735_2020-02-11,735,5,83.0,10;10;18;20;25,489;752;908;1115;1283
8794,735_2020-02-12,735,6,86.0,10;8;12;13;25;18,387;725;823;886;1054;1268
8795,735_2020-02-14,735,8,95.43,2.37;12;24.63;20;16.87;12;2.56;5,422;422;905;905;1177;1177;1364;1364
8796,735_2020-02-15,735,5,128.0,15;28;25;30;30,569;761;1023;1125;1426
8797,735_2020-02-16,735,4,97.0,26;28;18;25,637;936;1077;1276
8798,735_2020-02-17,735,6,108.0,15;12;20;25;26;10,477;570;772;1048;1119;1288
8799,735_2020-02-19,735,8,200.41000000000003,5.41;8;14.01;13;24.5;35;60.49;40,753;753;820;820;1065;1065;1348;1348
8800,735_2020-02-22,735,5,128.0,16;10;35;35;32,563;704;729;955;1256
8801,735_2020-02-23,735,5,118.0,16;12;30;30;30,549;680;761;962;1090
8802,735_2020-02-24,735,5,121.0,10;40;21;30;20,378;790;872;1069;1190
8803,735_2020-02-26,735,6,148.38,16.36;16;33.08;20;42.94;20,398;398;769;769;1086;1086
8804,735_2020-02-27,735,5,93.0,15;10;15;13;40,343;692;725;776;1116
8805,735_2020-02-28,735,5,120.0,12;30;35;30;13,376;697;1072;1157;1278
8806,735_2020-02-29,735,5,126.0,16;40;30;32;8,524;832;871;1069;1368
8807,735_2020-03-01,735,4,74.0,12;10;32;20,527;805;881;1076
8808,735_2020-03-02,735,5,68.0,12;2;13;16;25,391;653;780;814;1036
8809,735_2020-03-05,735,5,103.0,12;25;13;23;30,392;722;851;894;1051
8810,735_2020-03-06,735,4,80.0,12;20;25;23,382;763;1172;1237
8811,735_2020-03-07,735,4,67.0,22;16;17;12,555;926;942;1205
8812,735_2020-03-08,735,6,109.0,25;10;6;25;30;13,554;771;962;1035;1067;1249
8813,735_2020-03-09,735,4,97.0,12;45;15;25,399;711;1046;1238
8814,740_2020-06-26,740,4,135.0,15;15;45;60,478;742;890;1003
8815,740_2020-06-27,740,3,135.0,35;40;60,387;734;1160
8816,740_2020-06-28,740,8,338.24,37.61;40;52.71;40;15.66;15;72.26;65,411;411;720;720;741;741;1069;1069
8817,740_2020-06-29,740,8,304.91999999999996,36.1;35;63.84;45;44.8;55;10.18;15,387;387;733;733;1197;1197;1275;1275
8818,740_2020-06-30,740,3,150.0,35;45;70,394;733;1125
8819,740_2020-07-01,740,4,175.0,30;65;20;60,385;740;1143;1202
8820,740_2020-07-02,740,5,194.0,13;36;70;60;15,450;635;885;1106;1278
8821,740_2020-07-03,740,4,175.0,40;60;55;20,585;860;1125;1243
8822,740_2020-07-08,740,3,220.0,45;55;120,390;730;1255
8823,740_2020-07-09,740,3,168.0,53;80;35,390;730;1170
8824,740_2020-07-10,740,3,188.0,63;85;40,544;828;1174
8825,740_2020-07-11,740,5,194.0,50;52;17;60;15,395;730;1138;1174;1370
8826,740_2020-07-12,740,3,162.0,80;12;70,727;1080;1170
8827,740_2020-07-15,740,5,240.0,50;65;55;40;30,396;725;1148;1283;1322
8828,740_2020-07-16,740,5,215.0,30;35;50;20;80,473;672;725;1015;1238
8829,740_2020-07-17,740,4,201.0,45;50;70;36,517;780;902;1045
8830,740_2020-07-18,740,3,175.0,60;60;55,391;738;1147
8831,740_2020-07-19,740,4,143.0,50;45;40;8,395;745;1143;1269
8832,740_2020-07-22,740,4,180.0,30;45;65;40,460;480;833;1010
8833,740_2020-07-23,740,7,288.0,60;60;30;25;45;60;8,550;737;897;1077;1192;1227;1423
8834,741_2020-08-29,741,5,130.0,35;35;10;10;40,463;756;840;893;1068
8835,741_2020-08-30,741,4,110.0,25;10;35;40,374;626;764;1090
8836,741_2020-08-31,741,3,95.0,35;25;35,441;834;1044
8837,741_2020-09-01,741,5,118.0,25;10;35;8;40,387;660;767;911;1118
8838,741_2020-09-02,741,4,125.0,40;40;10;35,370;783;980;1049
8839,741_2020-09-03,741,4,75.0,25;10;20;20,436;702;738;1043
8840,741_2020-09-04,741,4,67.0,7;15;10;35,442;823;944;1055
8841,741_2020-09-05,741,5,140.0,35;10;35;20;40,356;597;762;893;1044
8842,741_2020-09-06,741,3,115.0,40;40;35,369;765;1046
8843,741_2020-09-07,741,6,131.85,35;35;16.85;10;25;10,375;751;992;992;1110;1142
8844,741_2020-09-08,741,4,131.13,35;16.13;35;45,323;743;743;1098
8845,741_2020-09-09,741,3,100.0,35;25;40,334;788;1067
8846,741_2020-09-10,741,3,115.0,45;35;35,375;724;1161
8847,741_2020-09-11,741,6,91.67999999999999,8;15.3;15;18.38;10;25,491;780;780;855;855;1108
8848,741_2020-09-12,741,6,133.0,25;10;8;35;15;40,444;627;735;792;1005;1102
8849,741_2020-09-13,741,4,105.0,35;30;15;25,378;749;1085;1101
8850,741_2020-09-14,741,3,70.0,5;35;30,340;727;1136
8851,741_2020-09-15,741,4,110.0,25;10;35;40,350;557;754;1084
8852,741_2020-09-16,741,6,172.79000000000002,40;30;8.93;20;43.86;30,482;755;975;975;1065;1065
8853,741_2020-09-17,741,6,128.0,15;10;40;8;40;15,426;587;737;870;1061;1168
8854,741_2020-09-18,741,2,75.0,40;35,469;749
8855,741_2020-09-19,741,3,120.0,40;40;40,442;735;1086
8856,741_2020-09-20,741,4,115.0,35;35;5;40,375;690;954;1067
8857,741_2020-09-22,741,8,162.66000000000003,34.07;25;15.11;10;17.34;20;6.14;35,360;360;708;708;808;808;1063;1063
8858,741_2020-09-23,741,4,105.0,35;35;25;10,369;710;1080;1161
8859,741_2020-09-24,741,5,87.0,10;35;12;15;15,522;769;930;1038;1171
8860,741_2020-09-25,741,4,100.0,40;10;40;10,411;667;819;969
8861,742_2020-04-10,742,8,194.33,94.51;17;13.85;15;25;0.97;8;20,480;480;570;570;772;975;975;1099
8862,742_2020-04-11,742,5,71.0,4;25;18;6;18,410;467;705;809;1170
8863,742_2020-04-12,742,4,62.0,4;4;30;24,384;457;504;791
8864,742_2020-04-13,742,3,61.0,22;15;24,480;885;1205
8865,742_2020-04-14,742,6,97.0,4;3;20;35;11;24,523;563;574;781;870;1109
8866,742_2020-04-15,742,8,158.39999999999998,1.71;4;42.47;28;21.69;15;25.53;20,483;483;516;516;747;747;1117;1117
8867,742_2020-04-16,742,8,170.46,1.71;4;4.62;3;57.84;24;60.29;15,515;515;521;521;779;779;1117;1117
8868,742_2020-04-17,742,8,222.73,7.96;20;23.48;8;10.15;16;101.14;36,563;563;720;720;773;773;1120;1120
8869,742_2020-04-19,742,4,71.0,3;20;32;16,421;496;749;1233
8870,742_2020-04-20,742,4,135.0,40;20;35;40,498;600;774;1155
8871,742_2020-04-22,742,8,169.74,41.78;16;3.58;2;29.57;16;48.81;12,830;830;1026;1026;1124;1124;1230;1230
8872,742_2020-04-23,742,8,238.24,42.38;20;34.76;15;21.38;12;76.72;16,464;464;630;630;765;765;1112;1112
8873,742_2020-04-24,742,3,47.0,17;12;18,509;764;1121
8874,742_2020-04-25,742,4,68.0,16;15;7;30,469;543;754;1105
8875,742_2020-04-26,742,4,87.0,26;24;25;12,465;860;1095;1260
8876,742_2020-04-27,742,3,82.0,22;35;25,514;750;1082
8877,742_2020-04-28,742,2,46.0,28;18,755;1097
8878,742_2020-05-01,742,4,63.0,16;13;7;27,570;670;778;1288
8879,742_2020-05-02,742,8,266.73,28.38;5;19.06;12;59.51;15;95.78;32,485;485;638;638;810;810;1170;1170
8880,742_2020-05-04,742,3,88.0,28;32;28,540;812;1233
8881,742_2020-05-05,742,4,57.0,15;7;15;20,496;508;735;1076
8882,742_2020-05-07,742,3,33.0,20;5;8,477;811;1102
8883,748_2021-02-25,748,6,116.0,28;6;35;10;25;12,412;554;698;856;1059;1131
8884,748_2021-02-26,748,5,82.0,26;20;5;15;16,397;685;1046;1060;1234
8885,748_2021-02-27,748,4,76.0,25;25;10;16,438;735;1039;1273
8886,748_2021-03-01,748,6,239.38,41.3;30;57.85;20;60.23;30,469;469;794;794;1080;1080
8887,748_2021-03-02,748,5,139.0,30;35;12;50;12,420;795;972;1110;1257
8888,748_2021-03-03,748,5,115.0,26;12;40;25;12,416;562;785;1075;1216
8889,748_2021-03-04,748,6,112.0,25;20;10;15;26;16,423;653;762;886;1075;1217
8890,748_2021-03-09,748,6,145.0,30;10;25;20;50;10,450;652;731;853;1129;1259
8891,748_2021-03-10,748,6,124.0,30;10;10;7;22;45,348;550;650;780;950;1199
8892,748_2021-03-11,748,5,106.0,26;10;20;25;25,471;545;750;890;1070
8893,748_2021-03-12,748,5,113.0,26;25;15;40;7,456;660;885;1095;1339
8894,748_2021-03-13,748,5,115.0,6;26;20;25;38,41;430;560;683;1040
8895,748_2021-03-14,748,4,119.0,26;35;45;13,435;805;1095;1310
8896,748_2021-03-16,748,5,102.0,26;35;15;16;10,429;695;866;1114;1133
8897,748_2021-03-17,748,4,114.0,26;35;45;8,435;770;1085;1239
8898,748_2021-03-18,748,5,129.0,26;27;16;50;10,420;726;851;1065;1320
8899,748_2021-03-20,748,8,250.16,48.7;26;35.93;10;79.78;35;4.75;10,373;373;794;794;1077;1077;1096;1096
8900,748_2021-03-21,748,5,126.0,26;15;30;45;10,410;615;795;1120;1256
8901,748_2021-03-22,748,7,137.0,26;15;25;16;35;10;10,405;465;660;850;1040;1145;1282
8902,748_2021-03-23,748,7,100.0,20;20;10;10;10;25;5,485;612;815;907;1009;1090;1305
8903,748_2021-03-24,748,6,108.0,26;10;20;15;30;7,375;562;735;950;1125;1265
8904,749_2019-12-22,749,9,253.60999999999999,27.37;17;20;6;20;36.26;34;56.98;36,762;762;762;915;915;918;918;1104;1104
8905,749_2019-12-24,749,2,80.0,45;35,465;813
8906,749_2019-12-25,749,3,115.0,20;30;65,565;616;1326
8907,749_2019-12-26,749,1,48.0,48,578
8908,749_2019-12-27,749,1,40.0,40,1200
8909,749_2020-01-01,749,6,158.68,19.44;28;30.36;40;15.88;25,660;660;730;730;1185;1185
8910,749_2020-01-02,749,4,127.0,20;28;54;25,552;636;749;1040
8911,749_2020-01-04,749,3,125.0,35;45;45,639;780;1185
8912,749_2020-01-05,749,3,95.0,20;30;45,545;930;1180
8913,749_2020-01-07,749,2,65.0,20;45,529;704
8914,749_2020-01-10,749,8,190.85,33.45;36;10.52;15;24.1;24;27.78;20,634;634;676;676;971;971;998;998
8915,749_2020-01-11,749,2,105.0,25;80,764;1143
8916,749_2020-01-12,749,3,105.0,35;45;25,520;751;795
8917,749_2020-01-13,749,3,113.0,20;48;45,540;715;1215
8918,749_2020-01-14,749,4,130.0,40;20;30;40,150;537;700;1200
8919,749_2020-01-15,749,2,62.0,45;17,412;508
8920,749_2020-01-17,749,6,108.26,25.51;24;7.89;25;10.86;15,663;663;685;685;893;893
8921,756_2020-06-06,756,4,120.0,10;40;45;25,520;749;1108;1232
8922,756_2020-06-07,756,3,115.0,35;25;55,812;860;1165
8923,756_2020-06-08,756,4,135.0,15;50;40;30,541;720;846;1155
8924,756_2020-06-10,756,6,261.78,54.11;45;79.32;45;13.35;25,628;628;1078;1078;1221;1221
8925,756_2020-06-11,756,5,118.0,20;45;23;25;5,493;722;875;1140;1159
8926,756_2020-06-12,756,4,109.0,27;15;32;35,517;729;993;1116
8927,756_2020-06-13,756,3,90.0,45;20;25,482;783;1150
8928,756_2020-06-14,756,1,45.0,45,798
8929,756_2020-06-15,756,1,65.0,65,1390
8930,756_2020-06-17,756,9,226.87,13.78;30;24.16;25;25.24;15;64.23;15;14.46,598;598;708;708;729;729;1114;1114;1145
8931,756_2020-06-18,756,8,273.36,33.33;50;15.51;25;33.29;45;51.23;20,520;520;673;673;753;753;1109;1109
8932,756_2020-06-19,756,6,191.48000000000002,27.76;25;33.29;55;20.43;30,542;542;757;757;1144;1144
8933,756_2020-06-20,756,3,120.0,25;45;50,485;866;1186
8934,756_2020-06-21,756,3,130.0,45;40;45,556;848;1142
8935,756_2020-06-22,756,2,100.0,45;55,682;1125
8936,756_2020-06-23,756,3,109.0,40;19;50,810;991;1266
8937,756_2020-06-24,756,3,95.0,25;45;25,525;744;1192
8938,756_2020-06-25,756,3,90.0,40;15;35,503;916;1119
8939,756_2020-06-26,756,5,165.0,45;15;35;35;35,544;730;773;840;1208
8940,756_2020-06-27,756,3,160.0,65;30;65,540;780;1185
8941,756_2020-06-28,756,3,100.0,15;45;40,584;765;1141
8942,756_2020-06-29,756,2,65.0,40;25,623;915
8943,756_2020-06-30,756,3,135.0,75;35;25,650;771;1189
8944,756_2020-07-01,756,6,205.14,25.41;40;39.97;20;49.76;30,558;558;718;718;1104;1104
8945,756_2020-07-02,756,4,142.85,39.64;25;58.21;20,735;735;1261;1261
8946,756_2020-07-03,756,3,110.0,45;35;30,540;741;1260
8947,760_2020-03-22,760,7,106.0,20;20;8;15;10;9;24,57;569;771;883;912;1088;1103
8948,760_2020-03-23,760,4,98.0,43;20;15;20,595;807;1056;1184
8949,760_2020-03-26,760,7,127.0,25;22;10;15;35;12;8,604;799;930;987;1128;1212;1367
8950,760_2020-03-27,760,4,80.0,15;20;25;20,633;806;933;1080
8951,760_2020-03-28,760,7,107.0,15;18;25;7;20;12;10,571;697;853;872;1005;1176;1246
8952,760_2020-03-29,760,8,236.6,40.54;27;31.95;15;24.77;27;45.34;25,570;570;631;631;813;813;1137;1137
8953,760_2020-04-01,760,9,143.47,1.46;21.82;20;11.69;5;30.53;20;17.97;15,560;702;702;944;944;965;965;1117;1117
8954,760_2020-04-02,760,4,90.0,35;20;5;30,666;955;1020;1157
8955,760_2020-04-03,760,5,110.0,30;25;20;15;20,545;794;911;1085;1242
8956,760_2020-04-04,760,5,101.0,27;19;10;30;15,584;764;851;1133;1201
8957,760_2020-04-07,760,6,108.0,20;18;30;15;5;20,431;498;758;916;1121;1301
8958,760_2020-04-08,760,4,88.0,30;18;15;25,432;586;735;1141
8959,760_2020-04-09,760,4,78.0,15;25;18;20,510;735;977;1109
8960,760_2020-04-10,760,5,93.0,20;25;23;10;15,495;795;1019;1090;1270
8961,760_2020-04-11,760,6,110.0,25;15;15;25;20;10,508;605;684;800;1066;1100
8962,760_2020-04-14,760,6,113.0,25;25;20;5;20;18,406;603;915;1161;1232;1260
8963,760_2020-04-15,760,5,125.0,25;25;25;20;30,352;525;748;940;1081
8964,760_2020-04-16,760,7,112.0,25;25;17;5;10;5;25,350;497;638;775;1016;1069;1193
8965,760_2020-04-17,760,7,157.0,25;20;15;27;25;20;25,351;436;570;692;884;1076;1202
8966,760_2020-04-18,760,5,100.0,30;15;10;25;20,500;738;902;1125;1279
8967,761_2020-03-25,761,6,112.0,9;40;8;15;18;22,438;614;623;784;915;1227
8968,761_2020-03-26,761,4,118.0,16;50;32;20,520;521;896;1297
8969,761_2020-03-29,761,5,159.0,61;13;30;10;45,575;716;806;1044;1244
8970,761_2020-04-01,761,7,108.0,8;7;40;3;17;11;22,461;506;570;730;768;884;1224
8971,761_2020-04-04,761,7,104.0,5;8;26;5;15;18;27,432;542;672;770;987;1204;1300
8972,761_2020-04-05,761,7,109.0,8;6;7;25;18;30;15,430;548;580;633;879;1246;1345
8973,761_2020-04-06,761,4,96.0,7;34;50;5,465;601;822;1218
8974,761_2020-04-09,761,3,99.0,7;50;42,483;488;1130
8975,761_2020-04-10,761,7,118.0,10;40;10;10;10;20;18,425;636;824;902;1230;1316;1391
8976,761_2020-04-11,761,5,110.0,40;20;4;10;36,593;817;896;1004;1170
8977,761_2020-04-12,761,5,113.0,38;15;25;20;15,558;600;897;972;1150
8978,761_2020-04-15,761,5,155.0,15;54;36;20;30,543;610;759;953;1211
8979,761_2020-04-16,761,5,103.0,8;40;10;15;30,467;560;624;873;1260
8980,761_2020-04-17,761,6,104.0,15;16;40;15;10;8,455;590;828;1039;1265;1335
8981,761_2020-04-18,761,5,111.0,38;15;30;10;18,565;709;918;1018;1250
8982,761_2020-04-19,761,6,102.0,8;45;9;10;20;10,580;730;845;903;1180;1339
8983,762_2020-02-12,762,8,273.35,56.87;42;23.95;35;27.54;23;29.99;35,529;529;779;779;1002;1002;1161;1161
8984,762_2020-02-13,762,8,253.88,30.42;41;34.96;28;42.25;7.68;34.57;35,559;559;777;777;1167;1167;1167;1167
8985,762_2020-02-14,762,4,129.0,41;40;20;28,522;805;885;1213
8986,762_2020-02-15,762,4,102.0,42;20;25;15,489;673;862;1153
8987,762_2020-02-16,762,8,253.10000000000002,44.4;41;29.2;35;19.36;15;39.14;30,517;517;736;736;981;981;1170;1170
8988,762_2020-02-17,762,6,288.65999999999997,35.49;41;81.6;35;60.57;35,520;520;765;765;1170;1170
8989,762_2020-02-18,762,3,60.0,40;10;10,540;893;1170
8990,762_2020-02-19,762,6,188.94,38.56;42;23.81;30;24.57;30,557;557;800;800;1183;1183
8991,762_2020-02-21,762,5,118.0,41;12;15;15;35,540;801;912;1092;1141
8992,762_2020-02-22,762,6,206.41,36.29;45;26.4;30;38.72;30,526;526;776;776;1132;1132
8993,762_2020-02-24,762,3,97.0,42;30;25,540;795;1107
8994,762_2020-02-25,762,3,107.0,40;37;30,499;787;1139
8995,762_2020-02-26,762,3,90.0,35;25;30,519;806;1180
8996,762_2020-02-27,762,6,207.4,38.56;35;37.4;35;41.44;20,487;487;758;758;1131;1131
8997,762_2020-02-28,762,6,164.82,33.43;41;20.47;30;19.92;20,558;558;839;839;1199;1199
8998,762_2020-02-29,762,3,90.0,42;30;18,502;855;1220
8999,762_2020-03-01,762,4,114.0,42;30;30;12,507;832;1133;1186
9000,762_2020-03-02,762,3,106.0,41;45;20,453;782;1140
9001,762_2020-03-03,762,3,97.0,12;45;40,507;708;1140
9002,762_2020-03-04,762,3,105.0,40;40;25,506;856;1189
9003,762_2020-03-05,762,2,82.0,42;40,566;837
9004,762_2020-03-06,762,3,73.0,40;13;20,545;1063;1209
9005,762_2020-03-07,762,4,118.0,30;18;25;45,566;790;995;1110
9006,762_2020-03-08,762,6,205.91,37.66;31;12.08;38;67.17;20,709;709;888;888;1179;1179
9007,762_2020-03-09,762,8,349.74,37.93;41;91.85;4.68;87.18;35;28.1;24,540;540;743;743;743;743;771;771
9008,762_2020-03-10,762,4,142.0,42;30;35;35,524;886;1219;1251
9009,766_2020-11-03,766,3,136.0,40;37;59,473;730;1133
9010,766_2020-11-04,766,4,195.0,41;68;54;32,480;817;1125;1308
9011,766_2020-11-05,766,4,152.0,43;28;57;24,558;820;1129;1309
9012,766_2020-11-06,766,3,150.0,58;16;76,625;843;1047
9013,766_2020-11-07,766,1,57.0,57,1095
9014,766_2020-11-08,766,4,133.0,43;59;6;25,433;940;1063;1234
9015,766_2020-11-09,766,3,124.0,43;45;36,515;821;1065
9016,766_2020-11-10,766,4,204.0,42;62;28;72,590;845;1030;1105
9017,766_2020-11-11,766,5,238.0,73;14;58;38;55,614;801;938;987;1239
9018,766_2020-11-12,766,2,96.0,42;54,701;1116
9019,766_2020-11-13,766,3,155.0,52;47;56,656;875;1105
9020,766_2020-11-14,766,3,154.0,55;53;46,494;935;1212
9021,766_2020-11-15,766,4,148.0,40;32;11;65,366;629;645;1082
9022,766_2020-11-16,766,4,189.0,53;46;48;42,543;726;1191;1322
9023,766_2020-11-17,766,3,162.0,43;53;66,510;914;1218
9024,766_2020-11-18,766,2,118.0,63;55,787;1117
9025,766_2020-11-19,766,4,185.0,39;43;63;40,660;821;1070;1372
9026,766_2020-11-20,766,4,160.0,69;12;32;47,599;744;1002;1148
9027,766_2020-11-21,766,2,97.0,67;30,1040;1287
9028,766_2020-11-22,766,4,133.0,43;16;54;20,462;732;1099;1237
9029,766_2020-11-23,766,2,131.0,43;88,454;1070
9030,766_2020-11-24,766,4,142.0,43;44;37;18,481;844;1172;1266
9031,766_2020-11-25,766,3,164.0,53;36;75,521;838;1133
9032,766_2020-11-26,766,2,75.0,61;14,620;1276
9033,766_2020-11-27,766,7,151.0,14;46;12;18;3;14;44,616;641;823;871;897;950;1115
9034,766_2020-11-28,766,2,96.0,43;53,485;1005
9035,766_2020-11-29,766,4,198.0,43;55;68;32,476;735;1068;1111
9036,766_2020-11-30,766,4,91.0,13;48;6;24,826;1037;1068;1247
9037,767_2020-12-02,767,4,202.0,98;24;56;24,704;1051;1193;1351
9038,767_2020-12-03,767,3,146.0,79;33;34,704;1167;1281
9039,767_2020-12-06,767,5,226.0,35;75;21;65;30,509;711;1015;1183;1266
9040,767_2020-12-07,767,4,119.0,17;50;12;40,641;741;988;1155
9041,767_2020-12-08,767,5,167.0,23;26;12;85;21,564;714;1019;1138;1332
9042,767_2020-12-10,767,4,322.09000000000003,117.36;70;69.73;65,717;717;1234;1234
9043,767_2020-12-13,767,5,215.0,10;90;10;85;20,565;705;1008;1088;1309
9044,767_2020-12-14,767,4,143.0,21;67;30;25,645;766;1070;1303
9045,767_2020-12-15,767,4,141.0,40;12;64;25,636;1060;1126;1199
9046,767_2020-12-16,767,5,161.0,24;51;21;40;25,617;721;970;1173;1242
9047,767_2020-12-18,767,6,228.95000000000002,45.43;65;18.74;13;66.78;20,703;703;1049;1049;1077;1077
9048,767_2020-12-19,767,6,167.0,24;65;11;15;42;10,473;714;870;1044;1280;1282
9049,767_2020-12-20,767,3,154.0,74;15;65,702;721;1205
9050,767_2020-12-21,767,4,235.0,95;20;90;30,739;941;1142;1266
9051,767_2020-12-22,767,4,146.0,20;66;30;30,654;926;1184;1266
9052,767_2020-12-25,767,5,211.0,24;80;22;65;20,520;704;908;1104;1182
9053,767_2020-12-26,767,2,83.0,58;25,701;1003
9054,767_2020-12-27,767,5,163.0,12;58;20;18;55,593;706;718;959;1109
9055,767_2020-12-28,767,3,151.0,61;30;60,697;893;1153
9056,767_2020-12-29,767,3,188.0,55;40;93,592;840;1118
9057,769_2020-09-21,769,5,91.0,45;15;11;10;10,853;959;1121;1325;1403
9058,769_2020-09-22,769,5,84.0,10;12;30;20;12,803;829;952;968;1132
9059,769_2020-09-23,769,4,109.0,15;9;25;60,902;974;1183;1196
9060,769_2020-09-24,769,4,82.0,10;12;45;15,855;855;1182;1424
9061,769_2020-09-25,769,9,282.78999999999996,0.7;57.11;40;41.45;30;27.11;40;31.42;15,760;807;807;1035;1035;1099;1099;1105;1105
9062,769_2020-09-26,769,9,272.15,0.7;53.12;55;11.81;10;20.4;8;53.12;60,598;795;795;1106;1106;1155;1155;1257;1257
9063,769_2020-09-27,769,5,100.0,10;10;15;15;50,727;826;949;1121;1171
9064,769_2020-09-28,769,3,90.0,10;20;60,16;874;1299
9065,769_2020-09-29,769,5,134.0,20;40;12;50;12,6;73;1005;1126;1266
9066,769_2020-10-01,769,8,133.92999999999998,13.52;25;21.65;7;20.68;20;11.08;15,631;631;716;716;1123;1123;1285;1285
9067,769_2020-10-02,769,5,97.0,7;10;10;50;20,456;640;1017;1193;1374
9068,769_2020-10-05,769,4,95.0,15;10;30;40,735;766;940;1172
9069,769_2020-10-06,769,6,127.0,10;12;20;30;15;40,773;934;973;1127;1203;1274
9070,769_2020-10-07,769,3,117.0,17;50;50,632;901;1260
9071,769_2020-10-08,769,3,55.0,10;15;30,824;981;1367
9072,769_2020-10-09,769,4,159.0,10;64;60;25,761;885;1145;1417
9073,769_2020-10-10,769,3,105.0,20;40;45,791;961;1243
9074,769_2020-10-12,769,6,208.70999999999998,41.98;10;19.75;15;65.98;56,952;952;1058;1058;1180;1180
9075,769_2020-10-13,769,3,75.0,15;10;50,846;963;1107
9076,769_2020-10-14,769,5,116.0,1;10;45;20;40,651;757;852;1281;1313
9077,769_2020-10-15,769,6,126.1,1.17;10;4.56;15;50.37;45,833;833;1014;1014;1147;1147
9078,769_2020-10-16,769,8,95.74000000000001,1.65;10;11.45;20;2.35;10;30.29;10,659;659;915;915;1202;1202;1216;1216
9079,769_2020-10-17,769,7,133.0,15;13;17;18;10;30;30,542;710;778;905;1132;1185;1205
9080,769_2020-10-18,769,4,82.0,40;2;15;25,752;1052;1240;1343
9081,77_2020-06-12,77,8,208.28,62.19;70;11.63;22;13.73;4.18;9.55;15,800;800;1048;1048;1133;1133;1133;1133
9082,77_2020-06-14,77,5,152.0,20;15;35;22;60,476;656;760;856;1190
9083,77_2020-06-15,77,4,117.0,20;22;35;40,524;713;928;1165
9084,77_2020-06-16,77,8,208.39,9.41;22;2.86;15;44.89;40;44.23;30,500;500;745;745;756;756;1184;1184
9085,77_2020-06-17,77,4,232.88,51.76;40;101.12;40,498;498;1207;1207
9086,77_2020-06-18,77,3,130.0,40;40;50,552;939;1347
9087,77_2020-06-19,77,2,93.0,40;53,809;1159
9088,77_2020-06-20,77,8,312.94,24.06;16;62.56;50;21.4;20;68.92;50,575;575;792;792;995;995;1111;1111
9089,77_2020-06-21,77,2,55.0,25;30,534;769
9090,77_2020-06-22,77,4,118.0,20;20;48;30,500;659;830;1157
9091,77_2020-06-23,77,3,125.0,50;15;60,388;766;1157
9092,77_2020-06-24,77,8,290.76,80.45;88;16.92;40;20.19;1.29;18.91;25,475;475;814;814;1214;1214;1214;1214
9093,77_2020-06-25,77,2,80.0,40;40,747;1006
9094,77_2020-06-26,77,8,314.02,87.48;60;39.78;50;20.88;2.17;18.71;35,597;597;823;823;1106;1106;1106;1106
9095,77_2020-06-27,77,9,272.48,20;25.22;16;47.29;30;19.88;20;48.09;46,485;596;596;738;738;984;984;1122;1122
9096,77_2020-06-28,77,4,105.0,20;20;15;50,407;586;799;1156
9097,77_2020-06-29,77,2,45.0,15;30,561;1259
9098,77_2020-06-30,77,2,90.0,50;40,766;1198
9099,77_2020-07-01,77,2,70.0,50;20,776;1334
9100,77_2020-07-02,77,2,120.0,70;50,681;1201
9101,77_2020-07-03,77,1,50.0,50,1283
9102,77_2020-07-04,77,3,105.0,40;35;30,626;836;1222
9103,77_2020-07-05,77,3,132.0,32;50;50,578;766;1135
9104,77_2020-07-06,77,4,120.0,20;20;30;50,628;701;765;1121
9105,77_2020-07-07,77,4,152.0,20;32;40;60,388;642;766;1207
9106,77_2020-07-08,77,2,87.0,40;47,763;1208
9107,77_2020-07-09,77,4,201.68,33.57;35;73.11;60,647;647;1131;1131
9108,771_2020-09-26,771,4,148.0,28;45;10;65,499;723;942;1165
9109,771_2020-09-27,771,3,133.0,23;45;65,525;714;1178
9110,771_2020-09-28,771,6,239.58,16.84;23;38.06;45;60.68;56,537;537;711;711;1171;1171
9111,771_2020-09-30,771,3,129.0,25;40;64,500;772;1187
9112,771_2020-10-01,771,3,118.0,23;35;60,462;730;1198
9113,771_2020-10-02,771,3,150.0,28;58;64,487;739;1162
9114,771_2020-10-04,771,6,297.45,10.39;32;48.31;64;78.75;64,499;499;751;751;1164;1164
9115,771_2020-10-05,771,3,124.0,23;35;66,476;752;1177
9116,771_2020-10-06,771,6,205.57999999999998,22.37;23;9.91;35;49.3;66,482;482;742;742;1182;1182
9117,771_2020-10-07,771,6,254.95000000000002,17.22;30;47.27;45;53.46;62,473;473;735;735;1171;1171
9118,771_2020-10-08,771,3,135.0,23;46;66,485;790;1166
9119,771_2020-10-09,771,3,126.0,23;35;68,483;751;1183
9120,771_2020-10-11,771,8,235.53000000000003,16.53;32;9.02;0.44;8.59;45;55.95;68,475;475;726;726;726;726;1189;1189
9121,771_2020-10-12,771,3,118.0,23;35;60,503;724;1189
9122,771_2020-10-13,771,3,118.0,23;35;60,489;774;1175
9123,771_2020-10-14,771,3,146.0,28;56;62,459;742;1176
9124,771_2020-10-15,771,3,128.0,23;45;60,484;806;1189
9125,771_2020-10-16,771,3,136.0,28;48;60,471;746;1191
9126,771_2020-10-17,771,8,253.68,16.73;23;47.22;42;32.36;12.28;20.09;60,468;468;759;759;1178;1178;1178;1178
9127,771_2020-10-18,771,6,225.92000000000002,11.13;30;35.74;45;44.05;60,467;467;773;773;1180;1180
9128,771_2020-10-19,771,3,136.0,23;45;68,476;732;1177
9129,771_2020-10-20,771,3,127.0,23;36;68,487;728;1195
9130,771_2020-10-21,771,2,98.0,30;68,491;1176
9131,771_2020-10-22,771,3,131.0,23;46;62,486;753;1182
9132,771_2020-10-23,771,3,130.0,23;45;62,484;738;1178
9133,773_2020-08-28,773,5,180.10999999999999,51.6;25;33.51;20;50,360;360;1000;1000;1108
9134,773_2020-08-29,773,4,102.64999999999999,27.99;40;14.66;20,510;510;935;935
9135,773_2020-08-31,773,7,187.8,31;17.99;30;33.51;18;31.3;26,405;812;812;998;998;1109;1109
9136,773_2020-09-01,773,8,214.57,19.99;9.7;10.29;28;7.5;23;56.09;60,455;455;455;455;930;930;1080;1080
9137,773_2020-09-02,773,3,96.0,30;16;50,420;955;1170
9138,773_2020-09-03,773,3,58.0,30;11;17,406;581;801
9139,773_2020-09-04,773,3,75.0,25;35;15,390;990;1130
9140,773_2020-09-05,773,6,247.09,21.61;15;85.24;51.81;33.43;40,754;754;1248;1248;1248;1248
9141,773_2020-09-06,773,6,199.11,51.81;40;10.56;16;40.74;40,840;840;938;938;1215;1215
9142,773_2020-09-07,773,3,65.0,30;20;15,390;761;960
9143,773_2020-09-08,773,1,40.0,40,863
9144,773_2020-09-09,773,2,31.0,15;16,833;1166
9145,773_2020-09-10,773,2,52.0,40;12,420;1131
9146,773_2020-09-12,773,4,173.07,20.35;28;64.72;60,552;552;1170;1170
9147,773_2020-09-13,773,2,38.0,15;23,540;1170
9148,773_2020-09-14,773,3,76.0,3;48;25,570;1170;1331
9149,773_2020-09-15,773,2,50.0,20;30,480;1230
9150,773_2020-09-17,773,4,135.0,50;40;15;30,390;860;1202;1397
9151,773_2020-09-18,773,1,45.0,45,976
9152,773_2020-09-19,773,2,110.0,50;60,690;1170
9153,773_2020-09-20,773,1,40.0,40,850
9154,773_2020-09-21,773,6,184.26000000000002,32.71;43;47.34;30;16.21;15,534;534;778;778;1281;1281
9155,773_2020-09-22,773,6,240.76999999999998,23.29;15;53.26;25;74.22;50,454;454;723;723;1219;1219
9156,773_2020-09-23,773,2,60.0,30;30,480;1102
9157,775_2019-11-12,775,8,160.0,26.81;20;27.1;4;34.25;13;20.84;14,478;478;930;930;960;960;1249;1249
9158,775_2019-11-13,775,4,100.43,32;23.43;25;20,544;668;668;820
9159,775_2019-11-14,775,3,52.0,32;8;12,512;693;780
9160,775_2019-11-15,775,3,80.64,35.64;30;15,523;523;978
9161,775_2019-11-16,775,2,59.0,27;32,582;821
9162,775_2019-11-17,775,1,40.0,40,496
9163,775_2019-11-18,775,2,64.0,35;29,550;885
9164,775_2019-11-19,775,2,54.0,25;29,513;1230
9165,775_2019-11-20,775,3,77.75,30;23.75;24,658;925;925
9166,775_2019-11-21,775,3,80.02,30;30.02;20,473;630;630
9167,775_2019-11-22,775,1,35.0,35,515
9168,78_2020-12-24,78,9,323.72,62.53;40;33.53;30;9.97;10;82.69;50;5,465;465;745;745;800;800;1095;1095;1345
9169,78_2020-12-25,78,5,153.0,40;30;50;15;18,502;720;1115;1227;1384
9170,78_2020-12-28,78,1,35.0,35,430
9171,78_2020-12-31,78,6,197.51999999999998,27.82;40;23.3;15;61.4;30,512;512;716;716;979;979
9172,78_2021-01-01,78,4,140.0,40;35;45;20,502;756;1207;1371
9173,78_2021-01-02,78,3,135.0,40;65;30,502;756;1125
9174,78_2021-01-03,78,7,185.49,40;35;60;20.49;10;10;10,545;843;1102;1230;1230;1307;1312
9175,78_2021-01-04,78,3,110.0,40;35;35,544;801;1200
9176,78_2021-01-05,78,4,115.0,40;40;20;15,595;860;1143;1145
9177,78_2021-01-06,78,3,55.0,15;20;20,880;1230;1350
9178,78_2021-01-07,78,3,150.0,40;30;80,385;860;1230
9179,78_2021-01-10,78,4,140.0,20;15;35;70,510;655;1160;1388
9180,78_2021-01-11,78,1,40.0,40,565
9181,78_2021-01-12,78,2,115.0,40;75,570;845
9182,78_2021-01-14,78,6,265.25,27.49;40;42.92;30;64.84;60,553;553;747;747;1297;1297
9183,78_2021-01-16,78,5,190.0,30;25;15;20;100,510;825;1230;1335;1385
9184,78_2021-01-17,78,4,122.0,30;30;30;32,495;715;835;1132
9185,78_2021-01-18,78,3,110.0,30;30;50,524;775;1290
9186,78_2021-01-19,78,5,195.0,35;45;15;20;80,560;775;1155;1211;1260
9187,78_2021-01-20,78,4,155.0,35;10;35;75,570;885;1293;1298
9188,781_2020-05-28,781,5,190.0,30;65;15;60;20,500;752;885;1075;1198
9189,781_2020-05-29,781,6,182.0,27;55;8;15;45;32,580;774;782;967;1076;1203
9190,781_2020-06-01,781,6,220.0,35;25;70;20;55;15,584;688;806;1040;1065;1086
9191,781_2020-06-02,781,4,180.0,35;80;15;50,527;773;911;1115
9192,781_2020-06-03,781,6,227.0,30;30;60;15;60;32,24;424;759;984;1057;1234
9193,781_2020-06-08,781,4,170.0,35;60;60;15,482;728;1057;1074
9194,781_2020-06-09,781,5,212.0,30;65;25;60;32,531;743;877;1070;1246
9195,781_2020-06-10,781,4,145.0,30;40;30;45,570;753;936;1070
9196,781_2020-06-13,781,6,202.0,20;60;20;40;30;32,540;752;917;1045;1053;1216
9197,781_2020-06-14,781,5,237.0,60;60;15;70;32,547;733;826;1131;1301
9198,781_2020-06-15,781,4,165.0,30;50;65;20,568;767;1057;1091
9199,781_2020-06-16,781,5,185.0,20;65;15;55;30,510;736;888;1071;1205
9200,781_2020-06-17,781,6,185.0,30;50;20;5;50;30,606;758;859;931;1068;1207
9201,781_2020-06-20,781,4,165.0,5;75;15;70,511;740;980;1077
9202,781_2020-06-21,781,5,202.0,32;75;15;50;30,528;714;886;1098;1224
9203,781_2020-06-22,781,4,150.0,35;30;10;75,556;815;1034;1073
9204,781_2020-06-23,781,5,185.0,30;50;15;60;30,488;748;883;1045;1249
9205,781_2020-06-24,781,6,160.0,25;45;15;40;5;30,581;790;987;1082;1157;1240
9206,791_2020-02-26,791,4,149.35999999999999,1.99;63;52.37;32,907;907;1241;1241
9207,791_2020-02-27,791,2,68.0,63;5,510;841
9208,791_2020-02-28,791,2,51.0,8;43,443;929
9209,791_2020-03-04,791,4,175.13,26.95;15;101.18;32,585;585;808;808
9210,791_2020-03-05,791,1,46.0,46,930
9211,791_2020-03-11,791,1,55.0,55,1170
9212,791_2020-03-12,791,6,170.57999999999998,45.58;32;21.5;8.06;13.44;50,780;780;1140;1140;1140;1140
9213,791_2020-03-13,791,2,40.0,15;25,975;1320
9214,791_2020-03-20,791,1,60.0,60,1060
9215,791_2020-03-21,791,1,52.0,52,1080
9216,791_2020-03-22,791,1,51.0,51,1200
9217,796_2019-04-12,796,6,318.34000000000003,38.22;37;53.34;61;58.78;70,650;650;799;799;1162;1162
9218,796_2019-04-15,796,3,189.0,80;29;80,689;948;1097
9219,796_2019-04-16,796,3,186.0,79;17;90,740;928;1131
9220,796_2019-04-17,796,5,338.0,63;80;35;80;80,551;744;838;1107;1355
9221,796_2019-04-18,796,4,177.0,35;53;29;60,544;742;899;1101
9222,796_2019-04-21,796,6,312.25,22.16;15;83.54;70;61.55;60,633;633;716;716;1094;1094
9223,796_2019-04-23,796,4,282.0,40;102;50;90,592;807;1089;1326
9224,796_2019-04-24,796,5,242.0,50;70;17;45;60,533;796;913;1118;1317
9225,796_2019-04-25,796,8,335.35,25.13;25;57.3;80;25.56;20;52.36;50,677;677;833;833;969;969;1100;1100
9226,796_2019-04-27,796,5,270.0,50;25;65;45;85,600;690;756;1096;1321
9227,796_2019-04-28,796,4,250.0,40;90;80;40,624;755;1127;1376
9228,796_2019-04-29,796,4,245.0,50;55;60;80,619;827;1109;1321
9229,796_2019-04-30,796,3,181.0,56;60;65,567;824;1102
9230,796_2019-05-01,796,4,210.0,50;50;55;55,686;862;1134;1410
9231,796_2019-05-04,796,5,255.0,50;50;50;55;50,549;775;935;1120;1215
9232,796_2019-05-05,796,4,185.0,55;60;55;15,584;748;1148;1408
9233,796_2019-05-06,796,3,130.0,60;25;45,870;1174;1392
9234,796_2019-05-07,796,5,255.0,15;45;50;60;85,500;550;795;1102;1343
9235,796_2019-05-08,796,3,150.0,50;50;50,622;775;1112
9236,80_2019-12-25,80,3,95.0,40;15;40,625;863;1213
9237,80_2019-12-26,80,6,144.0,30;35;22;15;20;22,535;746;757;1061;1089;1238
9238,80_2019-12-27,80,4,85.0,20;20;35;10,713;911;1139;1363
9239,80_2019-12-29,80,8,261.3,26.05;25;22.98;22;40.31;35;45.96;44,568;568;704;704;1056;1056;1078;1078
9240,80_2019-12-30,80,8,178.0,30;13;15;28;28;19;30;15,536;793;812;974;1013;1042;1146;1165
9241,80_2019-12-31,80,5,147.0,30;28;25;19;45,615;664;731;913;1152
9242,80_2020-01-03,80,8,136.0,18;5;20;15;25;18;20;15,582;818;824;825;1114;1227;1259;1269
9243,80_2020-01-06,80,6,141.0,18;30;5;15;37;36,493;682;1073;1078;1261;1424
9244,80_2020-01-07,80,9,200.0,30;34;10;30;15;40;12;19;10,664;675;807;851;914;1143;1199;1235;1279
9245,80_2020-01-08,80,6,180.0,50;25;35;35;20;15,719;989;1083;1243;1303;1355
9246,80_2020-01-10,80,5,120.0,40;20;5;30;25,660;839;977;1088;1232
9247,80_2020-01-13,80,7,177.0,35;30;16;18;18;45;15,621;717;804;826;1052;1107;1351
9248,80_2020-01-14,80,6,151.0,30;30;21;18;32;20,588;772;816;1075;1138;1249
9249,80_2020-01-15,80,6,163.0,36;20;18;34;20;35,590;837;860;876;1117;1253
9250,80_2020-01-16,80,8,323.0,11;35;15;25;15;153;19;50,673;683;865;949;995;1030;1113;1164
9251,80_2020-01-17,80,5,146.0,32;30;45;20;19,649;803;1079;1264;1345
9252,80_2020-01-18,80,8,327.44,26.95;25;73.47;50;21.98;21;59.04;50,718;718;774;774;1035;1035;1114;1114
9253,80_2020-01-20,80,7,161.0,30;16;10;25;19;25;36,546;697;760;834;945;1038;1111
9254,80_2020-01-21,80,7,207.0,40;18;20;54;15;18;42,529;833;854;872;987;1109;1153
9255,811_2020-11-02,811,5,124.0,25;35;2;45;17,465;705;810;1110;1236
9256,811_2020-11-03,811,5,112.0,14;55;12;22;9,462;764;845;1165;1410
9257,811_2020-11-04,811,3,95.0,32;30;33,509;749;1157
9258,811_2020-11-05,811,5,119.0,20;21;21;10;47,574;835;876;1065;1255
9259,811_2020-11-06,811,6,115.0,20;47;10;30;4;4,431;811;848;1174;1253;1274
9260,811_2020-11-07,811,4,129.0,41;48;4;36,494;768;884;1139
9261,811_2020-11-08,811,4,95.0,16;45;1;33,489;759;839;1127
9262,811_2020-11-09,811,4,128.0,40;43;10;35,498;759;1078;1196
9263,811_2020-11-10,811,3,88.0,20;35;33,462;785;1156
9264,811_2020-11-11,811,4,138.0,40;33;27;38,464;750;917;1223
9265,811_2020-11-12,811,5,152.0,35;16;33;23;45,563;739;765;952;1240
9266,811_2020-11-13,811,3,107.0,35;38;34,566;795;1190
9267,811_2020-11-14,811,3,125.0,11;45;69,604;837;1189
9268,811_2020-11-15,811,4,122.0,15;75;31;1,485;753;1151;1228
9269,811_2020-11-16,811,4,86.0,28;32;1;25,477;774;837;1152
9270,811_2020-11-17,811,4,86.0,20;50;3;13,451;774;859;1245
9271,811_2020-11-18,811,5,119.0,44;37;4;3;31,468;786;903;1120;1232
9272,811_2020-11-19,811,3,116.0,25;44;47,570;814;1203
9273,811_2020-11-20,811,6,117.0,25;47;2;21;3;19,452;806;876;923;964;1214
9274,811_2020-11-21,811,5,105.0,26;3;42;3;31,511;631;768;847;1086
9275,811_2020-11-22,811,5,96.0,25;4;42;1;24,477;567;742;834;1096
9276,811_2020-11-23,811,5,130.0,4;46;35;2;43,273;491;727;854;1143
9277,811_2020-11-24,811,4,142.0,20;55;63;4,482;741;1260;1372
9278,811_2020-11-25,811,4,159.0,4;30;75;50,360;493;785;1197
9279,811_2020-11-26,811,6,155.0,45;16;30;24;34;6,522;696;807;951;1223;1346
9280,811_2020-11-27,811,6,150.0,45;11;37;45;8;4,460;611;809;1240;1318;1326
9281,811_2020-11-28,811,3,110.0,20;58;32,487;739;1135
9282,811_2020-11-29,811,4,144.0,25;45;49;25,467;762;1155;1312
9283,812_2021-02-04,812,5,134.0,35;16;36;35;12,464;687;776;1006;1315
9284,812_2021-02-05,812,3,120.0,25;60;35,467;755;1425
9285,812_2021-02-06,812,4,140.0,35;55;20;30,470;787;1187;1345
9286,812_2021-02-07,812,2,65.0,25;40,85;823
9287,812_2021-02-08,812,3,64.0,30;32;2,859;1202;1401
9288,812_2021-02-09,812,4,110.0,15;30;30;35,49;974;974;1377
9289,812_2021-02-10,812,2,80.0,35;45,537;827
9290,812_2021-02-11,812,3,90.0,10;45;35,468;870;1235
9291,812_2021-02-12,812,2,90.0,35;55,455;756
9292,812_2021-02-13,812,3,135.0,35;55;45,463;857;1343
9293,812_2021-02-14,812,1,40.0,40,774
9294,812_2021-02-15,812,1,40.0,40,973
9295,812_2021-02-16,812,2,60.0,30;30,773;1109
9296,812_2021-02-17,812,2,65.0,30;35,811;1268
9297,812_2021-02-18,812,2,56.0,31;25,474;771
9298,812_2021-02-19,812,2,85.0,30;55,465;757
9299,812_2021-02-20,812,3,125.0,30;55;40,460;754;1195
9300,812_2021-02-21,812,2,71.0,30;41,470;759
9301,812_2021-02-22,812,2,68.0,38;30,267;1313
9302,812_2021-02-23,812,3,103.0,40;35;28,403;808;1327
9303,812_2021-02-24,812,1,45.0,45,684
9304,812_2021-02-25,812,6,185.0,35;20;30;30;45;25,34;480;565;634;775;977
9305,812_2021-02-26,812,3,153.0,38;70;45,474;765;1328
9306,812_2021-02-27,812,5,159.0,40;35;34;25;25,570;821;978;1199;1263
9307,812_2021-02-28,812,4,145.0,35;70;15;25,410;712;1289;1364
9308,816_2020-09-21,816,4,163.0,40;20;15;88,467;612;701;1055
9309,816_2020-09-22,816,3,105.0,50;25;30,566;720;1062
9310,816_2020-09-23,816,3,115.0,45;50;20,495;760;1020
9311,816_2020-09-24,816,3,115.0,50;25;40,645;710;1039
9312,816_2020-09-25,816,4,130.0,35;40;35;20,650;800;922;1050
9313,816_2020-09-26,816,3,144.0,50;40;54,498;725;1083
9314,816_2020-09-27,816,3,150.0,40;40;70,510;897;1200
9315,816_2020-09-28,816,2,110.0,60;50,551;1123
9316,816_2020-09-29,816,3,120.0,40;30;50,655;823;1020
9317,816_2020-09-30,816,3,100.0,40;10;50,458;885;1001
9318,816_2020-10-01,816,3,140.0,50;50;40,625;743;1111
9319,816_2020-10-02,816,3,140.0,50;50;40,465;780;1167
9320,816_2020-10-03,816,3,105.0,50;5;50,450;779;1180
9321,816_2020-10-04,816,2,110.0,50;60,465;732
9322,816_2020-10-05,816,3,160.0,50;60;50,420;843;1055
9323,816_2020-10-06,816,3,145.0,50;45;50,655;787;1043
9324,816_2020-10-07,816,3,150.0,50;50;50,457;795;1015
9325,816_2020-10-08,816,3,130.0,50;30;50,617;810;1089
9326,816_2020-10-09,816,3,130.0,50;60;20,457;841;1201
9327,816_2020-10-10,816,3,125.0,50;25;50,421;806;1199
9328,816_2020-10-11,816,3,145.0,60;35;50,520;870;1200
9329,816_2020-10-12,816,3,140.0,50;50;40,526;723;1080
9330,816_2020-10-13,816,3,120.0,50;30;40,621;730;1030
9331,816_2020-10-14,816,3,140.0,50;40;50,462;777;1020
9332,816_2020-10-15,816,3,145.0,50;40;55,671;781;1060
9333,816_2020-10-16,816,3,115.0,50;50;15,439;683;1092
9334,816_2020-10-17,816,3,120.0,50;30;40,457;749;1051
9335,816_2020-10-18,816,3,95.0,40;40;15,427;774;1158
9336,824_2019-11-13,824,8,347.16,49.96;51;5.92;6;76.19;110;17.09;31,714;714;984;984;1161;1161;1362;1362
9337,824_2019-11-16,824,4,255.0,30;70;50;105,597;732;775;1135
9338,824_2019-11-17,824,4,164.0,52;62;15;35,506;735;950;1410
9339,824_2019-11-18,824,4,241.0,71;80;60;30,623;745;1161;1212
9340,824_2019-11-19,824,4,253.0,68;80;50;55,685;875;1140;1280
9341,824_2019-11-20,824,4,284.0,100;56;40;88,670;895;995;1161
9342,824_2019-11-25,824,5,294.0,78;45;45;81;45,675;768;1026;1140;1382
9343,824_2019-11-26,824,4,250.0,53;54;88;55,664;688;1165;1328
9344,824_2019-11-27,824,4,322.0,120;35;142;25,655;968;1158;1335
9345,824_2019-11-28,824,6,295.0,25;55;80;10;80;45,2;570;750;974;1060;1089
9346,824_2019-11-29,824,4,246.0,30;75;94;47,624;735;1200;1321
9347,824_2019-11-30,824,3,177.0,42;45;90,932;938;1149
9348,824_2019-12-05,824,3,145.0,50;65;30,807;1160;1292
9349,824_2019-12-06,824,3,260.0,69;100;91,668;817;1108
9350,824_2019-12-07,824,5,295.0,53;66;42;45;89,653;788;1053;1137;1190
9351,824_2019-12-08,824,5,323.0,60;80;30;96;57,591;795;975;1185;1275
9352,829_2020-01-13,829,4,108.0,35;15;35;23,492;652;737;1129
9353,829_2020-01-15,829,8,310.53,52.09;30;62.87;30;10.05;5;80.52;40,568;568;846;846;862;862;1141;1141
9354,829_2020-01-18,829,3,105.0,35;30;40,559;754;1171
9355,829_2020-01-19,829,2,80.0,50;30,669;1155
9356,829_2020-01-24,829,3,105.0,25;35;45,375;870;1142
9357,829_2020-01-25,829,3,65.0,25;20;20,544;834;934
9358,829_2020-01-26,829,4,95.0,30;10;25;30,605;622;847;1170
9359,829_2020-01-27,829,3,120.0,40;35;45,597;913;1122
9360,829_2020-01-28,829,2,65.0,30;35,730;1186
9361,829_2020-01-30,829,6,299.48,35.1;45;92.19;2.51;89.68;35,554;554;1169;1169;1169;1169
9362,829_2020-01-31,829,3,150.0,55;45;50,578;913;1108
9363,829_2020-02-01,829,3,125.0,50;45;30,582;863;1210
9364,829_2020-02-02,829,4,185.0,40;60;45;40,603;704;851;1177
9365,829_2020-02-03,829,6,327.52,45.98;40;96.45;40;75.09;30,622;622;827;827;1183;1183
9366,829_2020-02-05,829,5,205.0,40;40;40;40;45,543;664;820;874;1142
9367,829_2020-02-06,829,3,93.0,45;30;18,551;1088;1327
9368,829_2020-02-07,829,6,249.0,12;30;35;80;50;42,505;608;842;971;1159;1197
9369,829_2020-02-08,829,3,110.0,40;30;40,600;763;1114
9370,830_2019-09-26,830,3,102.0,38;32;32,905;930;1124
9371,830_2019-09-27,830,5,116.0,24;24;24;16;28,351;556;817;851;1041
9372,830_2019-10-04,830,7,205.0,8;53;8;36;32;40;28,342;352;546;756;816;1101;1126
9373,830_2019-10-05,830,9,231.0,20;20;45;45;45;12;16;12;16,269;404;470;558;747;783;884;1200;1409
9374,830_2019-10-06,830,9,225.0,45;20;20;20;10;45;25;20;20,32;473;652;801;898;1055;1063;1234;1382
9375,830_2019-10-07,830,9,250.0,20;45;24;35;20;12;50;20;24,515;702;731;812;987;1035;1056;1067;1138
9376,830_2019-10-10,830,6,248.0,48;16;39;25;70;50,623;728;937;961;1066;1255
9377,830_2019-10-11,830,7,288.0,28;45;20;55;20;20;100,373;490;639;735;1005;1132;1431
9378,830_2019-10-12,830,8,225.0,20;17;20;46;17;32;35;38,410;526;606;786;966;1057;1136;1285
9379,830_2019-10-15,830,9,242.0,20;20;42;20;16;12;36;40;36,341;507;710;718;912;1011;1113;1277;1434
9380,830_2019-10-16,830,8,248.0,64;16;28;48;32;36;12;12,549;658;828;1044;1293;1308;1433;1437
9381,830_2019-10-17,830,5,198.0,16;48;38;64;32,457;548;623;748;1137
9382,830_2019-10-18,830,7,180.0,64;20;22;8;12;32;22,120;572;721;800;840;1053;1299
9383,831_2020-02-27,831,2,80.0,45;35,734;1085
9384,831_2020-02-28,831,3,92.0,45;22;25,600;819;1025
9385,831_2020-02-29,831,5,255.0,25;50;50;85;45,568;653;876;1000;1125
9386,831_2020-03-01,831,2,90.0,35;55,573;865
9387,831_2020-03-02,831,4,164.03,27.23;35;76.8;25,773;773;1078;1078
9388,831_2020-03-03,831,5,156.48,33.11;45;47.02;10;21.35,594;594;808;808;986
9389,831_2020-03-04,831,3,110.0,45;35;30,517;704;1065
9390,831_2020-03-05,831,4,136.0,25;45;29;37,582;613;786;1005
9391,831_2020-03-06,831,4,160.0,25;45;45;45,570;679;846;1032
9392,831_2020-03-07,831,3,155.0,45;45;65,578;818;1074
9393,831_2020-03-08,831,4,150.0,25;45;55;25,587;632;1049;1222
9394,831_2020-03-09,831,5,168.14,0.09;27;45;71.05;25,623;623;703;1147;1147
9395,831_2020-03-10,831,6,107.76,0.09;25;45;5;17.67;15,553;553;662;876;1025;1025
9396,831_2020-03-11,831,6,240.96999999999997,4.93;22;67.21;45;64.83;37,532;532;715;715;1066;1066
9397,831_2020-03-13,831,5,105.0,2;5;48;30;20,675;675;754;1028;1083
9398,831_2020-03-14,831,2,60.0,45;15,855;1012
9399,831_2020-03-15,831,4,84.0,4;35;20;25,683;805;961;1170
9400,831_2020-03-16,831,4,130.0,15;55;45;15,598;830;1103;1174
9401,831_2020-03-17,831,6,189.43,0.85;4;59.8;45;47.78;32,686;686;911;911;1073;1073
9402,831_2020-03-18,831,6,134.70000000000002,0.09;20;51.78;45;12.83;5,743;743;857;857;1083;1083
9403,831_2020-03-19,831,5,131.0,20;45;5;45;16,548;649;767;1018;1109
9404,831_2020-03-20,831,3,127.0,35;47;45,662;906;1098
9405,831_2020-03-21,831,1,45.0,45,581
9406,831_2020-03-22,831,4,72.0,37;15;5;15,631;632;832;864
9407,831_2020-03-23,831,3,150.0,45;50;55,579;958;1110
9408,831_2020-03-24,831,4,105.0,15;5;65;20,601;850;950;1118
9409,831_2020-03-25,831,3,45.3,25;15.3;5,631;1058;1058
9410,834_2020-06-15,834,4,109.0,18;6;53;32,548;1125;1149;1214
9411,834_2020-06-16,834,5,150.0,8;63;1;49;29,556;599;1068;1183;1254
9412,834_2020-06-18,834,4,264.62,7.89;8;186.73;62,525;525;1128;1128
9413,834_2020-06-19,834,3,72.0,16;35;21,577;1133;1239
9414,834_2020-06-20,834,4,115.0,25;29;25;36,672;741;1123;1301
9415,834_2020-06-21,834,3,141.0,69;45;27,490;1212;1213
9416,834_2020-06-22,834,8,180.56,23.68;18;18.76;16;16.77;30;31.35;26,623;623;640;640;1134;1134;1275;1275
9417,834_2020-06-23,834,8,278.85,55;62;22.69;38;18.23;19;34.93;29,581;581;848;848;1133;1133;1189;1189
9418,834_2020-06-24,834,8,262.07,56.31;63;22.69;19;10.12;8;39.95;43,586;586;898;898;1127;1127;1150;1150
9419,834_2020-06-25,834,6,223.67,56.05;63;17.36;25;33.26;29,636;636;1214;1214;1260;1260
9420,834_2020-06-26,834,3,123.0,65;26;32,568;824;1177
9421,834_2020-06-27,834,2,79.0,53;26,1149;1269
9422,834_2020-06-28,834,4,167.0,43;63;29;32,584;818;1217;1260
9423,834_2020-07-01,834,3,97.0,38;16;43,567;869;1121
9424,834_2020-07-02,834,3,147.0,63;28;56,677;875;1173
9425,834_2020-07-03,834,3,149.0,65;28;56,580;797;1231
9426,834_2020-07-04,834,3,144.0,49;34;61,493;753;1037
9427,834_2020-07-05,834,4,90.0,35;8;18;29,594;631;1104;1298
9428,834_2020-07-07,834,8,319.46999999999997,54.88;65;42.26;3.97;38.29;27;52.07;36,571;571;723;723;723;723;1179;1179
9429,834_2020-07-08,834,3,133.0,65;15;53,665;978;1201
9430,834_2020-07-09,834,4,144.0,22;65;10;47,557;769;1129;1157
9431,834_2020-07-10,834,3,75.0,24;6;45,542;805;1144
9432,834_2020-07-11,834,3,131.0,65;21;45,639;993;1143
9433,834_2020-07-12,834,3,126.0,32;35;59,617;849;1085
9434,838_2020-05-30,838,6,172.57999999999998,2.18;40;17.01;40;43.39;30,450;450;854;854;1151;1151
9435,838_2020-06-01,838,3,152.0,60;40;52,511;811;992
9436,838_2020-06-02,838,1,60.0,60,747
9437,838_2020-06-03,838,6,215.14,2.18;35;63.38;60;24.58;30,480;480;814;814;1114;1114
9438,838_2020-06-04,838,6,139.06,2.18;40;18.83;28;32.05;18,480;480;810;810;848;848
9439,838_2020-06-05,838,3,165.0,55;60;50,510;810;1125
9440,838_2020-06-06,838,2,140.0,80;60,75;1095
9441,838_2020-06-07,838,1,55.0,55,895
9442,838_2020-06-08,838,2,75.0,55;20,746;1131
9443,838_2020-06-10,838,2,105.0,40;65,480;1185
9444,838_2020-06-11,838,3,145.0,40;55;50,450;846;1140
9445,838_2020-06-12,838,3,179.59,99.59;60;20,561;561;1125
9446,838_2020-06-14,838,2,100.0,60;40,780;1284
9447,838_2020-06-15,838,2,95.0,25;70,863;1107
9448,838_2020-06-16,838,3,125.0,50;35;40,923;1140;1225
9449,838_2020-06-19,838,3,107.18,2.18;40;65,510;510;770
9450,838_2020-06-23,838,2,60.0,35;25,1125;1320
9451,838_2020-06-24,838,3,120.0,40;45;35,465;810;1125
9452,838_2020-06-25,838,3,105.0,40;25;40,540;795;1236
9453,838_2020-06-26,838,4,167.7,2.18;40;60.52;65,480;480;765;765
9454,839_2020-08-30,839,6,95.0,4;19;35;7;15;15,564;695;885;1038;1199;1318
9455,839_2020-08-31,839,5,76.0,4;21;15;21;15,593;718;947;1205;1319
9456,839_2020-09-01,839,6,131.0,4;33;19;38;4;33,585;767;897;954;1080;1265
9457,839_2020-09-04,839,4,99.0,4;24;28;43,595;741;945;1254
9458,839_2020-09-10,839,6,77.0,4;24;25;4;4;16,604;743;971;1171;1218;1315
9459,839_2020-09-11,839,6,73.0,4;20;25;4;16;4,641;717;930;1208;1255;1317
9460,839_2020-09-12,839,6,128.0,34;27;7;28;16;16,602;780;1050;1170;1280;1362
9461,839_2020-09-13,839,6,91.0,4;15;15;16;35;6,570;680;870;966;1144;1271
9462,839_2020-09-15,839,6,96.0,4;18;16;2;40;16,561;637;779;781;1110;1292
9463,839_2020-09-16,839,7,157.0,4;4;33;33;40;25;18,563;578;641;668;768;960;1245
9464,839_2020-09-17,839,4,82.0,38;15;19;10,694;925;967;1356
9465,839_2020-09-18,839,6,124.0,4;23;18;25;33;21,570;828;957;1138;1251;1402
9466,839_2020-09-19,839,6,90.0,4;28;4;4;22;28,567;675;885;885;969;1144
9467,839_2020-09-20,839,7,123.0,4;33;16;19;12;22;17,558;581;738;843;890;922;1362
9468,839_2020-09-21,839,2,32.0,4;28,556;666
9469,839_2020-09-22,839,7,69.0,4;6;7;4;18;18;12,580;685;765;811;893;984;1295
9470,839_2020-09-25,839,5,102.0,4;40;24;19;15,627;630;936;1277;1304
9471,839_2020-09-26,839,4,54.0,4;18;4;28,640;725;926;1241
9472,84_2020-05-24,84,4,130.0,40;15;40;35,420;660;709;1099
9473,84_2020-05-25,84,5,158.26,30;40;28.26;30;30,424;753;1066;1066;1284
9474,84_2020-05-26,84,3,115.0,40;45;30,377;752;1052
9475,84_2020-05-27,84,4,120.0,40;35;20;25,396;759;1075;1291
9476,84_2020-05-28,84,3,110.0,40;30;40,437;692;1020
9477,84_2020-05-29,84,3,100.0,40;30;30,390;1119;1358
9478,84_2020-05-31,84,8,337.47,45.53;35;16.36;25;74.56;40;56.02;45,406;406;636;636;752;752;1070;1070
9479,84_2020-06-01,84,6,256.52,27.29;30;65.11;40;49.12;45,402;402;800;800;1066;1066
9480,84_2020-06-02,84,3,120.0,30;45;45,425;764;1096
9481,84_2020-06-03,84,8,272.95,58.47;35;31.6;2.19;29.41;40;36.28;40,440;440;751;751;751;751;1061;1061
9482,84_2020-06-04,84,6,270.85,71.12;40;13.76;45;55.97;45,487;487;679;679;1087;1087
9483,84_2020-06-05,84,2,70.0,40;30,443;767
9484,84_2020-06-06,84,2,75.0,40;35,420;1103
9485,84_2020-06-07,84,2,65.0,35;30,396;1343
9486,84_2020-06-08,84,3,105.0,35;35;35,389;753;1041
9487,84_2020-06-09,84,3,125.0,40;40;45,412;714;1049
9488,84_2020-06-10,84,3,120.0,35;40;45,425;718;1092
9489,84_2020-06-11,84,3,130.0,45;50;35,479;706;1088
9490,84_2020-06-12,84,2,80.0,35;45,434;1092
9491,84_2020-06-13,84,8,303.70000000000005,38.4;35;82.58;40;36.36;0.37;35.99;35,420;420;749;749;1087;1087;1087;1087
9492,84_2020-06-14,84,6,222.11,35.25;35;26.16;40;40.7;45,412;412;751;751;1090;1090
9493,84_2020-06-16,84,1,40.0,40,1046
9494,84_2020-06-17,84,1,40.0,40,1104
9495,84_2020-06-18,84,3,125.0,40;45;40,475;763;1156
9496,84_2020-06-19,84,3,115.0,40;40;35,521;741;1080
9497,84_2020-06-20,84,6,279.5,58.47;35;91.89;40;19.14;35,467;467;737;737;1121;1121
9498,843_2020-09-16,843,3,47.0,5;24;18,480;725;1117
9499,843_2020-09-17,843,3,56.0,8;13;35,414;696;1079
9500,843_2020-09-18,843,6,91.71000000000001,2.81;5;24.71;13;16.19;30,507;507;668;668;1090;1090
9501,843_2020-09-19,843,6,113.46000000000001,24.26;20;14.26;23;14.94;17,483;483;712;712;1062;1062
9502,843_2020-09-20,843,3,73.0,17;23;33,539;708;1025
9503,843_2020-09-21,843,4,57.0,17;17;16;7,507;667;1081;1247
9504,843_2020-09-22,843,3,71.0,17;24;30,480;697;1097
9505,843_2020-09-23,843,6,136.9,19.9;17;54.57;22;11.43;12,421;421;691;691;1083;1083
9506,843_2020-09-24,843,7,147.04,29.55;16;20.72;21;2.52;41.25;16,410;410;701;701;894;1039;1039
9507,843_2020-09-25,843,8,123.11999999999999,2.81;5;19.3;16;12.71;18;34.3;15,505;505;707;707;979;979;1101;1101
9508,843_2020-09-27,843,3,80.0,30;20;30,558;851;1092
9509,843_2020-09-28,843,3,127.0,30;82;15,529;905;1319
9510,843_2020-09-29,843,3,80.0,30;30;20,140;440;1117
9511,843_2020-09-30,843,6,133.65,27.95;27;26.84;30;11.86;10,403;403;742;742;1088;1088
9512,843_2020-10-01,843,6,195.14,33.9;27;24.7;30;49.54;30,421;421;745;745;1073;1073
9513,843_2020-10-02,843,3,85.0,30;20;35,521;785;1220
9514,843_2020-10-03,843,3,90.0,30;30;30,409;845;1095
9515,843_2020-10-04,843,3,81.0,21;30;30,440;733;1063
9516,843_2020-10-05,843,4,123.0,21;35;40;27,464;825;887;1103
9517,843_2020-10-06,843,4,92.0,4;18;40;30,497;691;957;1069
9518,843_2020-10-08,843,8,234.76999999999998,30.11;30;10.74;30;30.35;16;52.57;35,403;403;584;584;694;694;1076;1076
9519,843_2020-10-09,843,4,110.0,30;25;20;35,515;754;995;1124
9520,843_2020-10-10,843,4,100.0,30;20;20;30,513;786;918;1084
9521,843_2020-10-11,843,3,75.0,35;10;30,499;709;1096
9522,843_2020-10-12,843,3,86.0,32;16;38,492;721;1143
9523,843_2020-10-13,843,3,54.0,15;5;34,733;1049;1084
9524,85_2021-04-07,85,4,78.0,13;20;20;25,806;885;1260;1277
9525,85_2021-04-08,85,4,87.0,20;7;25;35,699;795;893;1245
9526,85_2021-04-09,85,4,70.0,10;15;15;30,665;805;1200;1290
9527,85_2021-04-10,85,5,80.0,25;9;11;25;10,790;905;909;1279;1349
9528,85_2021-04-11,85,5,102.0,15;20;20;12;35,653;924;1014;1123;1284
9529,85_2021-04-12,85,3,65.0,15;30;20,618;866;1338
9530,85_2021-04-13,85,3,50.0,20;15;15,725;825;1362
9531,85_2021-04-14,85,5,69.0,7;12;20;15;15,677;782;923;1354;1373
9532,85_2021-04-15,85,6,96.0,30;18;15;10;15;8,690;783;891;899;1313;1329
9533,85_2021-04-16,85,6,106.0,20;20;10;18;20;18,712;860;1026;1095;1170;1345
9534,85_2021-04-17,85,5,95.0,15;15;20;15;30,672;824;882;1297;1306
9535,85_2021-04-18,85,6,130.0,30;15;5;20;20;40,719;822;957;960;1149;1353
9536,85_2021-04-19,85,4,63.0,20;10;15;18,701;843;899;1355
9537,85_2021-04-20,85,3,73.0,30;8;35,750;840;1335
9538,85_2021-04-21,85,4,85.0,15;25;20;25,668;933;1384;1405
9539,85_2021-04-22,85,6,109.0,35;8;25;22;5;14,729;901;1064;1254;1301;1317
9540,85_2021-04-23,85,6,120.0,20;15;35;10;20;20,668;797;925;1030;1153;1262
9541,85_2021-04-24,85,6,83.0,18;15;10;12;10;18,679;810;902;1270;1287;1320
9542,85_2021-04-25,85,4,67.0,18;25;2;22,514;757;962;1204
9543,85_2021-04-26,85,3,90.0,25;20;45,680;880;1334
9544,85_2021-04-27,85,5,79.0,35;25;5;3;11,840;1358;1383;1411;1411
9545,85_2021-04-28,85,5,73.0,18;5;35;5;10,510;727;808;921;1389
9546,85_2021-04-29,85,5,94.0,25;14;5;15;35,658;926;1087;1170;1292
9547,85_2021-04-30,85,5,91.0,18;12;16;20;25,762;913;1030;1168;1290
9548,85_2021-05-01,85,5,123.0,40;25;25;15;18,523;720;856;1095;1153
9549,85_2021-05-02,85,7,169.0,2;15;6;28;38;35;45,568;764;886;980;1041;1185;1263
9550,85_2021-05-03,85,5,102.0,20;35;15;14;18,686;782;1321;1324;1373
9551,85_2021-05-04,85,3,66.0,18;8;40,571;760;1357
9552,852_2020-09-15,852,7,199.0,16;20;15;20;45;50;33,605;713;772;928;1007;1195;1262
9553,852_2020-09-17,852,6,163.37,44.11;20;20.91;15;28.35;35,590;590;804;804;954;954
9554,852_2020-09-18,852,5,149.0,5;38;6;10;90,603;642;713;978;1258
9555,852_2020-09-19,852,4,90.0,15;15;45;15,761;912;1110;1320
9556,852_2020-09-22,852,4,153.0,48;30;45;30,609;770;981;1094
9557,852_2020-09-25,852,4,110.0,5;30;30;45,693;817;1073;1200
9558,852_2020-09-26,852,5,145.0,20;45;30;35;15,653;761;863;981;1320
9559,852_2020-09-27,852,3,150.0,20;90;40,600;720;1140
9560,852_2020-09-28,852,4,160.0,15;10;45;90,620;765;849;1080
9561,852_2020-09-29,852,3,150.0,50;50;50,691;945;1236
9562,852_2020-09-30,852,5,120.0,20;15;5;45;35,630;795;812;949;1095
9563,852_2020-10-01,852,4,125.0,30;5;45;45,603;709;942;1200
9564,852_2020-10-02,852,4,244.7,37.76;60;106.94;40,698;698;918;918
9565,852_2020-10-03,852,5,211.10999999999999,40;45.91;50;20.2;55,658;948;948;1200;1200
9566,852_2020-10-04,852,4,65.0,5;15;15;30,703;788;868;941
9567,852_2020-10-05,852,4,150.0,40;20;30;60,780;930;990;1283
9568,852_2020-10-06,852,4,155.0,35;30;45;45,590;739;1066;1187
9569,852_2020-10-07,852,4,110.0,5;45;15;45,688;792;865;1200
9570,852_2020-10-08,852,7,229.88,30;12.32;10;42.89;35;44.67;55,684;701;701;900;900;1110;1110
9571,852_2020-10-09,852,3,125.0,20;45;60,640;844;1157
9572,852_2020-10-10,852,3,140.0,45;5;90,694;815;1181
9573,854_2020-09-29,854,3,83.0,40;25;18,578;910;1274
9574,854_2020-09-30,854,3,112.0,12;85;15,630;915;1320
9575,854_2020-10-08,854,1,60.0,60,1250
9576,854_2020-10-09,854,2,90.0,30;60,870;1275
9577,854_2020-10-10,854,2,73.0,63;10,930;1280
9578,854_2020-10-11,854,2,76.0,46;30,957;1280
9579,854_2020-10-12,854,3,65.0,18;39;8,654;892;1284
9580,854_2020-10-14,854,2,83.0,45;38,945;1421
9581,854_2020-10-16,854,2,35.0,30;5,863;1296
9582,854_2020-10-17,854,3,52.0,8;30;14,775;1282;1368
9583,854_2020-10-18,854,3,65.0,35;15;15,898;1287;1295
9584,854_2020-10-23,854,4,135.0,15;25;15;80,620;804;916;1215
9585,854_2020-10-25,854,3,60.0,15;15;30,510;632;826
9586,854_2020-10-26,854,2,110.0,55;55,794;1172
9587,856_2020-12-28,856,4,62.0,1;42;18;1,636;1067;1326;1346
9588,856_2020-12-29,856,4,72.0,1;1;10;60,441;586;1123;1135
9589,856_2020-12-30,856,5,145.0,20;40;38;27;20,533;551;860;888;1139
9590,856_2020-12-31,856,3,108.0,20;58;30,838;1046;1068
9591,856_2021-01-01,856,2,89.0,29;60,920;1160
9592,856_2021-01-02,856,4,145.0,32;6;32;75,64;563;818;1110
9593,856_2021-01-03,856,6,159.0,24;35;45;40;6;9,792;942;966;1019;1241;1294
9594,856_2021-01-04,856,4,118.0,6;12;60;40,536;731;1146;1370
9595,856_2021-01-05,856,4,136.0,6;45;55;30,701;864;1148;1274
9596,856_2021-01-06,856,2,55.0,25;30,779;1152
9597,856_2021-01-07,856,6,158.0,15;25;20;45;35;18,390;681;704;1085;1123;1358
9598,856_2021-01-08,856,3,60.0,25;5;30,1077;1118;1390
9599,856_2021-01-09,856,4,95.0,20;10;40;25,1110;1148;1275;1430
9600,856_2021-01-10,856,5,114.0,26;6;30;12;40,23;583;695;1107;1114
9601,856_2021-01-11,856,4,66.0,6;15;5;40,610;955;1138;1152
9602,856_2021-01-12,856,3,118.0,33;35;50,860;1068;1127
9603,856_2021-01-13,856,6,160.0,20;25;20;15;45;35,33;740;760;905;1310;1336
9604,856_2021-01-14,856,2,56.0,46;10,1162;1378
9605,856_2021-01-15,856,2,60.0,10;50,880;1185
9606,856_2021-01-16,856,3,96.0,43;45;8,885;1100;1270
9607,856_2021-01-17,856,2,120.0,55;65,1084;1199
9608,856_2021-01-19,856,2,57.0,35;22,931;1392
9609,856_2021-01-20,856,1,45.0,45,983
9610,856_2021-01-21,856,2,81.0,16;65,720;1134
9611,856_2021-01-22,856,2,100.0,65;35,1080;1396
9612,856_2021-01-23,856,5,176.0,6;65;35;45;25,482;495;909;1214;1320
9613,856_2021-01-24,856,5,222.0,65;12;70;50;25,844;1038;1241;1390;1395
9614,862_2020-09-10,862,4,106.0,11;30;35;30,663;876;1134;1301
9615,862_2020-09-11,862,2,70.0,50;20,772;1120
9616,862_2020-09-12,862,2,90.0,50;40,638;1105
9617,862_2020-09-13,862,3,104.0,30;44;30,549;733;1140
9618,862_2020-09-14,862,2,70.0,30;40,467;1205
9619,862_2020-09-15,862,2,110.0,50;60,676;1140
9620,862_2020-09-16,862,2,90.0,30;60,660;1110
9621,862_2020-09-17,862,3,105.0,50;30;25,575;729;1083
9622,862_2020-09-18,862,2,120.0,60;60,792;1115
9623,862_2020-09-19,862,3,113.0,14;49;50,630;775;1170
9624,862_2020-09-20,862,3,121.0,11;50;60,631;802;1076
9625,862_2020-09-21,862,2,110.0,50;60,626;1220
9626,862_2020-09-22,862,2,95.0,50;45,620;1251
9627,862_2020-09-23,862,3,155.0,45;50;60,648;720;1050
9628,862_2020-09-24,862,2,100.0,50;50,812;1126
9629,862_2020-09-25,862,2,100.0,50;50,729;1101
9630,862_2020-09-26,862,2,55.0,30;25,699;1207
9631,862_2020-09-27,862,2,105.0,60;45,758;1140
9632,862_2020-09-28,862,3,110.0,60;20;30,515;821;1192
9633,862_2020-09-29,862,2,80.0,50;30,629;1140
9634,862_2020-09-30,862,2,95.0,45;50,633;1201
9635,862_2020-10-01,862,2,49.0,19;30,760;1110
9636,862_2020-10-02,862,2,64.0,19;45,729;1131
9637,862_2020-10-03,862,2,80.0,30;50,765;1141
9638,862_2020-10-04,862,2,120.0,60;60,810;1140
9639,862_2020-10-05,862,2,45.0,15;30,825;1138
9640,862_2020-10-06,862,2,90.0,40;50,759;1103
9641,862_2020-10-07,862,3,137.0,55;22;60,573;735;1096
9642,865_2020-07-08,865,2,222.0,94;128,656;1137
9643,865_2020-07-09,865,4,230.0,30;65;80;55,426;678;867;887
9644,865_2020-07-10,865,1,97.0,97,694
9645,865_2020-07-11,865,3,330.0,115;95;120,544;850;1231
9646,865_2020-07-12,865,1,90.0,90,589
9647,865_2020-07-14,865,1,97.0,97,637
9648,865_2020-07-15,865,2,155.0,35;120,654;1021
9649,865_2020-07-16,865,1,35.0,35,576
9650,865_2020-07-17,865,2,217.0,133;84,648;1173
9651,865_2020-07-18,865,2,210.0,90;120,591;914
9652,870_2020-06-04,870,6,293.0,30;40;90;70;38;25,303;545;752;1080;1160;1270
9653,870_2020-06-05,870,4,201.0,28;128;30;15,332;705;1057;1142
9654,870_2020-06-07,870,8,277.53999999999996,27.77;30;34.32;16;53.72;9.34;44.39;62,436;436;774;774;1002;1002;1002;1002
9655,870_2020-06-08,870,4,195.0,40;72;8;75,371;814;903;1074
9656,870_2020-06-09,870,4,120.0,28;41;20;31,621;845;924;1176
9657,870_2020-06-12,870,5,107.0,14;47;5;30;11,388;691;840;1026;1088
9658,870_2020-06-15,870,4,171.0,20;44;85;22,423;707;1033;1188
9659,870_2020-06-16,870,4,104.0,22;22;10;50,592;786;885;1053
9660,870_2020-06-17,870,3,186.0,20;75;91,536;775;1089
9661,870_2020-06-18,870,4,156.0,20;61;15;60,446;709;977;1072
9662,870_2020-06-19,870,5,191.0,25;28;98;10;30,368;651;750;852;1069
9663,870_2020-06-22,870,4,320.0,70;90;80;80,395;761;1061;1246
9664,870_2020-06-23,870,3,235.0,60;90;85,584;751;1099
9665,870_2020-06-24,870,4,320.0,60;75;110;75,454;723;1059;1202
9666,870_2020-06-27,870,4,277.0,80;42;90;65,487;751;1038;1119
9667,870_2020-06-28,870,4,240.0,50;80;50;60,362;778;1050;1206
9668,870_2020-06-29,870,3,225.0,80;110;35,383;738;1063
9669,873_2019-03-14,873,6,258.98,50.93;44;56.53;2.85;53.67;51,736;736;1168;1168;1168;1168
9670,873_2019-03-15,873,3,58.0,17;29;12,562;861;1189
9671,873_2019-03-16,873,6,227.17000000000002,27.95;38;38.82;83;21.4;18,619;619;777;777;1382;1382
9672,873_2019-03-18,873,2,45.0,26;19,604;784
9673,873_2019-03-19,873,2,60.0,35;25,796;1164
9674,873_2019-03-20,873,8,230.2,21.4;21;45.3;34;31.25;1.7;29.55;46,490;490;783;783;1151;1151;1151;1151
9675,873_2019-03-21,873,5,129.43,21.4;17;30;47.03;14,549;549;800;1336;1336
9676,873_2019-03-22,873,2,44.0,14;30,590;787
9677,873_2019-03-23,873,3,69.0,17;30;22,648;770;1103
9678,873_2019-03-24,873,8,286.46999999999997,24.77;0.63;24.14;38;104.58;30;31.35;33,465;465;465;465;769;769;1281;1281
9679,873_2019-03-25,873,6,191.11,3.03;7;48.84;89;18.24;25,642;642;831;831;1196;1196
9680,873_2019-03-26,873,4,94.0,19;17;24;34,494;680;771;1229
9681,873_2019-03-27,873,3,85.0,28;29;28,492;724;1201
9682,873_2019-03-28,873,2,65.0,35;30,963;1206
9683,873_2019-03-29,873,3,66.0,17;25;24,511;882;1284
9684,873_2019-03-30,873,6,178.49,27.69;17;36.4;47;26.4;24,485;485;730;730;1313;1313
9685,873_2019-03-31,873,8,176.57,27.69;17;1.02;25;33.93;10.18;23.75;38,606;606;784;784;1160;1160;1160;1160
9686,873_2019-04-01,873,2,45.0,10;35,917;970
9687,873_2019-04-02,873,2,48.0,21;27,806;1152
9688,873_2019-04-03,873,2,92.0,58;34,1020;1423
9689,873_2019-04-04,873,3,92.0,27;30;35,944;1231;1405
9690,873_2019-04-06,873,3,89.0,10;22;57,536;785;1188
9691,873_2019-04-07,873,6,102.34,21.4;14;3.12;24;16.82;23,505;505;806;806;1347;1347
9692,873_2019-04-08,873,7,163.69,26.95;15;17;5.82;10;65.92;23,501;501;787;985;985;1145;1145
9693,873_2019-04-09,873,4,117.0,19;51;21;26,497;795;895;1285
9694,886_2019-08-27,886,3,115.0,22;48;45,473;774;1083
9695,886_2019-08-28,886,8,258.4,14.35;20;68.5;40;20.09;30;29.46;36,504;504;677;677;743;743;1063;1063
9696,886_2019-08-29,886,6,181.23000000000002,7.14;7;41.31;38;41.78;46,504;504;670;670;1067;1067
9697,886_2019-08-30,886,4,95.0,34;7;29;25,709;874;1038;1213
9698,886_2019-08-31,886,2,66.0,25;41,540;1055
9699,886_2019-09-01,886,3,108.0,25;38;45,540;705;1095
9700,886_2019-09-02,886,8,279.45000000000005,11.55;10;69.1;45;14.36;20;67.44;42,519;519;720;720;953;953;1047;1047
9701,886_2019-09-03,886,4,82.85,14.35;20;18.5;30,510;510;674;674
9702,886_2019-09-04,886,5,206.16,0.31;53.25;38;69.6;45,525;667;667;1055;1055
9703,886_2019-09-05,886,4,233.20999999999998,50.83;37;97.38;48,675;675;1088;1088
9704,886_2019-09-06,886,1,40.0,40,715
9705,886_2019-09-07,886,2,54.0,12;42,520;720
9706,886_2019-09-08,886,3,112.0,7;40;65,547;730;1159
9707,886_2019-09-09,886,8,293.15,14.35;25;54.24;34;78.99;40;18.57;28,501;501;673;673;1037;1037;1125;1125
9708,886_2019-09-10,886,4,174.76,47.37;45;44.39;38,716;716;1081;1081
9709,886_2019-09-11,886,5,122.0,28;10;28;28;28,571;730;840;1090;1125
9710,886_2019-09-12,886,2,66.0,38;28,700;1080
9711,886_2019-09-13,886,2,58.0,20;38,517;1080
9712,886_2019-09-14,886,3,86.0,38;28;20,735;1080;1215
9713,886_2019-09-15,886,5,111.0,15;30;18;20;28,535;590;1070;1190;1225
9714,886_2019-09-16,886,5,83.0,7;7;20;29;20,420;620;700;1080;1234
9715,886_2019-09-17,886,6,211.67000000000002,14.62;20;30.27;23;80.78;43,502;502;702;702;1089;1089
9716,886_2019-09-18,886,6,219.53,14.35;20;64.74;37;39.44;44,564;564;733;733;1079;1079
9717,886_2019-09-19,886,3,87.0,38;34;15,600;760;1025
9718,886_2019-09-20,886,5,77.0,7;18;7;15;30,525;705;900;1143;1149
9719,888_2020-05-26,888,4,178.0,48;30;30;70,593;804;1173;1223
9720,888_2020-05-27,888,5,157.0,32;7;30;20;68,556;677;784;1096;1187
9721,888_2020-05-30,888,3,95.0,30;30;35,532;739;1103
9722,888_2020-06-02,888,3,172.0,52;40;80,603;954;1190
9723,888_2020-06-03,888,5,170.0,72;20;40;4;34,531;750;945;1080;1185
9724,888_2020-06-04,888,5,184.0,44;40;30;30;40,518;809;1124;1135;1296
9725,888_2020-06-07,888,4,150.0,45;30;25;50,563;998;1048;1220
9726,888_2020-06-08,888,4,120.0,30;5;5;80,630;835;873;1195
9727,888_2020-06-09,888,3,120.0,60;10;50,588;881;1170
9728,888_2020-06-11,888,7,278.59000000000003,0.73;58.55;52;72.81;37;42.5;15,490;580;580;826;826;1086;1086
9729,888_2020-06-12,888,4,145.0,60;30;20;35,606;849;1128;1173
9730,888_2020-06-13,888,5,139.0,38;30;8;40;23,537;790;826;1094;1245
9731,888_2020-06-14,888,4,150.0,60;30;20;40,542;810;1129;1190
9732,888_2020-06-15,888,4,170.0,70;40;30;30,555;865;1143;1180
9733,888_2020-06-18,888,4,192.0,72;30;20;70,485;765;1136;1191
9734,888_2020-06-19,888,3,112.0,42;10;60,541;972;1124
9735,888_2020-06-20,888,3,87.0,42;15;30,547;802;1160
9736,889_2020-08-18,889,8,76.0,13;12;6;3;6;6;10;20,456;635;857;1033;1051;1102;1132;1225
9737,889_2020-08-19,889,4,61.0,13;17;15;16,502;630;831;1021
9738,889_2020-08-22,889,6,60.0,5;11;1;15;15;13,7;624;782;844;1078;1148
9739,889_2020-08-23,889,4,97.0,18;10;13;56,503;714;867;1016
9740,889_2020-08-24,889,5,114.0,50;15;25;4;20,481;647;955;1183;1371
9741,889_2020-08-26,889,6,87.09,11.23;22;23.19;10;7.67;13,510;510;788;788;964;964
9742,889_2020-08-28,889,7,68.36,7.2;18;14.11;1.14;12.97;5;9.94,493;493;729;729;729;729;1012
9743,889_2020-08-29,889,6,246.0,18;28;20;60;80;40,524;714;903;1079;1094;1223
9744,889_2020-08-30,889,6,204.0,3;26;20;45;60;50,722;967;1000;1067;1142;1368
9745,889_2020-08-31,889,3,81.0,50;30;1,522;756;1179
9746,889_2020-09-03,889,8,211.48,7.2;18;8.55;10;54.1;55;33.63;25,530;530;706;706;841;841;1103;1103
9747,889_2020-09-05,889,3,75.0,30;20;25,742;1161;1278
9748,889_2020-09-06,889,4,81.0,13;20;20;28,403;535;991;1168
9749,889_2020-09-07,889,3,93.0,50;13;30,787;1064;1244
9750,889_2020-09-08,889,9,127.49000000000001,1.78;5;10.92;20;4.92;6;30.25;46;2.62,550;550;552;552;652;652;849;849;1249
9751,889_2020-09-09,889,8,149.84,11.07;5;28.24;34;19;8;24.53;20,513;513;626;626;995;995;1298;1298
9752,889_2020-09-10,889,5,105.0,10;40;10;20;25,571;735;987;1215;1273
9753,889_2020-09-11,889,5,65.0,10;18;13;10;14,450;623;731;989;1234
9754,889_2020-09-12,889,6,73.0,16;10;10;20;2;15,493;660;901;1099;1242;1297
9755,889_2020-09-13,889,4,107.0,17;25;25;40,543;787;1140;1196
9756,889_2020-09-14,889,4,170.0,30;10;100;30,675;837;886;1116
9757,890_2020-06-03,890,4,200.0,50;60;35;55,509;792;957;1070
9758,890_2020-06-04,890,2,110.0,60;50,700;1095
9759,890_2020-06-05,890,3,130.0,35;60;35,663;991;1177
9760,890_2020-06-06,890,4,180.0,45;30;60;45,645;869;1048;1360
9761,890_2020-06-07,890,5,203.0,60;15;38;60;30,642;657;762;1159;1353
9762,890_2020-06-08,890,4,165.0,35;25;40;65,576;639;724;1095
9763,890_2020-06-09,890,3,180.0,70;40;70,631;908;1120
9764,890_2020-06-10,890,5,180.0,50;30;35;15;50,479;583;831;841;1092
9765,890_2020-06-11,890,4,165.0,45;35;25;60,523;765;950;1120
9766,890_2020-06-12,890,2,80.0,50;30,645;874
9767,890_2020-06-13,890,4,190.0,50;50;45;45,580;698;987;1043
9768,890_2020-06-14,890,3,135.0,60;55;20,560;833;1259
9769,890_2020-06-15,890,4,185.0,60;35;65;25,523;833;1074;1302
9770,890_2020-06-16,890,4,165.0,40;40;40;45,556;679;886;974
9771,890_2020-06-17,890,5,198.0,35;40;18;45;60,506;521;794;822;1155
9772,890_2020-06-18,890,5,184.0,45;19;25;30;65,490;651;907;968;1180
9773,890_2020-06-19,890,3,165.0,60;45;60,616;945;1161
9774,890_2020-06-20,890,3,145.0,60;50;35,617;904;1145
9775,890_2020-06-21,890,3,140.0,50;50;40,546;881;1141
9776,890_2020-06-22,890,3,145.0,45;50;50,592;878;1190
9777,890_2020-06-23,890,4,200.0,65;45;60;30,614;814;1059;1191
9778,890_2020-06-24,890,3,190.0,65;60;65,554;847;1190
9779,890_2020-06-25,890,4,210.0,70;40;65;35,597;843;1069;1350
9780,890_2020-06-26,890,3,150.0,50;70;30,640;937;1280
9781,890_2020-06-27,890,3,180.0,65;60;55,613;930;1168
9782,890_2020-06-28,890,3,185.0,60;60;65,512;844;1185
9783,890_2020-06-29,890,3,165.0,60;45;60,495;865;1122
9784,890_2020-06-30,890,3,175.0,70;60;45,803;878;1095
9785,893_2020-04-15,893,6,182.41,77.66;29;17.87;20;17.88;20,630;630;1095;1095;1306;1306
9786,893_2020-04-19,893,2,110.0,60;50,694;1115
9787,893_2020-04-20,893,3,79.0,9;40;30,581;753;1164
9788,893_2020-04-21,893,3,74.0,19;40;15,475;840;1189
9789,894_2020-03-09,894,7,57.0,13;2;4;17;9;8;4,403;644;724;727;913;1054;1119
9790,894_2020-03-10,894,7,47.0,3;2;9;16;6;10;1,491;556;634;738;1081;1147;1279
9791,894_2020-03-11,894,6,40.0,2;8;4;6;18;2,662;732;751;981;1110;1147
9792,894_2020-03-12,894,9,69.0,12;10;6;6;6;6;11;6;6,432;542;757;873;981;1036;1089;1158;1170
9793,894_2020-03-13,894,6,48.0,8;6;19;5;6;4,701;1012;1083;1130;1182;1229
9794,894_2020-03-15,894,8,118.0,11;51;15;15;10;8;4;4,407;481;671;770;938;1094;1134;1153
9795,894_2020-03-16,894,6,37.0,10;6;4;4;12;1,468;615;956;1045;1071;1157
9796,894_2020-03-18,894,8,67.0,11;6;12;6;6;16;4;6,470;591;703;714;1072;1113;1177;1187
9797,894_2020-03-19,894,9,61.0,11;6;6;4;6;4;16;4;4,560;656;704;714;1046;1070;1112;1163;1178
9798,894_2020-03-20,894,5,69.0,10;11;8;6;34,363;496;695;696;1099
9799,894_2020-03-21,894,9,75.0,4;6;16;4;6;20;4;11;4,494;610;701;948;1042;1100;1154;1233;1239
9800,894_2020-03-22,894,9,98.0,25;6;16;6;10;6;12;6;11,503;648;806;862;877;1022;1080;1183;1258
9801,894_2020-03-23,894,7,72.0,11;10;16;6;6;6;17,442;622;752;824;958;994;1083
9802,894_2020-03-24,894,6,58.0,12;16;6;12;6;6,567;693;709;1065;1073;1142
9803,894_2020-03-25,894,6,63.0,12;18;6;9;12;6,566;661;699;1104;1156;1220
9804,894_2020-03-26,894,8,78.0,9;5;14;10;10;20;4;6,393;697;814;832;1038;1109;1200;1218
9805,894_2020-03-27,894,8,117.0,21;26;12;8;14;6;18;12,417;552;693;722;808;1007;1067;1091
9806,894_2020-03-28,894,8,94.0,6;27;10;10;6;26;1;8,441;484;719;989;1060;1126;1208;1228
9807,894_2020-03-29,894,8,114.0,28;38;14;2;6;6;14;6,435;510;683;856;869;1009;1071;1092
9808,894_2020-03-30,894,9,72.0,5;8;8;8;8;6;18;5;6,588;597;633;737;753;960;1059;1148;1160
9809,894_2020-03-31,894,6,53.0,5;10;8;18;8;4,484;693;704;1096;1114;1182
9810,894_2020-04-01,894,7,70.0,9;12;12;6;20;6;5,469;703;855;976;1132;1196;1197
9811,894_2020-04-02,894,6,67.0,6;12;14;5;6;24,384;505;683;780;997;1132
9812,894_2020-04-03,894,6,81.0,12;22;5;10;26;6,476;674;699;1028;1071;1259
9813,894_2020-04-04,894,7,76.0,12;5;18;6;26;3;6,551;608;698;1046;1099;1180;1192
9814,894_2020-04-05,894,6,122.0,30;48;8;6;6;24,470;622;757;788;1012;1084
9815,896_2020-01-22,896,3,175.0,45;65;65,456;770;1098
9816,896_2020-01-23,896,4,175.0,45;20;45;65,459;734;904;1092
9817,896_2020-01-24,896,3,165.0,70;45;50,751;923;1100
9818,896_2020-01-26,896,6,332.28,40.42;50;57.04;50;54.82;80,454;454;745;745;1236;1236
9819,896_2020-01-27,896,3,130.0,40;25;65,570;690;1110
9820,896_2020-01-31,896,2,120.0,55;65,498;763
9821,896_2020-02-03,896,3,160.0,50;60;50,480;750;1067
9822,896_2020-02-04,896,4,163.0,25;28;50;60,510;530;750;1100
9823,896_2020-02-07,896,3,125.0,40;55;30,452;750;1103
9824,896_2020-02-08,896,3,185.0,45;80;60,455;736;1110
9825,896_2020-02-09,896,3,190.0,45;65;80,465;780;1110
9826,896_2020-02-10,896,3,130.0,25;45;60,495;1100;1155
9827,896_2020-02-11,896,5,210.0,70;40;60;30;10,510;882;1278;1279;1279
9828,896_2020-02-12,896,6,326.78000000000003,33.24;45;57.65;75;70.89;45,440;440;753;753;1111;1111
9829,896_2020-02-14,896,4,165.0,45;35;40;45,493;751;898;1069
9830,896_2020-02-15,896,2,110.0,45;65,457;754
9831,896_2020-02-16,896,3,170.0,45;45;80,434;799;1110
9832,896_2020-02-17,896,3,90.0,20;45;25,547;870;1118
9833,896_2020-02-18,896,2,80.0,40;40,1004;1005
9834,897_2020-09-20,897,4,258.0,92;82;8;76,415;743;1007;1056
9835,897_2020-09-21,897,3,190.0,68;40;82,409;719;1025
9836,897_2020-09-22,897,3,260.0,92;103;65,450;788;1020
9837,897_2020-09-23,897,3,219.0,73;82;64,435;742;1053
9838,897_2020-09-26,897,3,212.0,45;37;130,443;731;1049
9839,897_2020-09-27,897,3,204.0,53;53;98,437;706;1019
9840,897_2020-09-30,897,3,189.0,92;40;57,418;756;1034
9841,897_2020-10-03,897,3,260.0,68;76;116,428;728;1029
9842,897_2020-10-04,897,3,258.0,70;70;118,425;755;1036
9843,897_2020-10-05,897,3,225.0,66;45;114,419;727;1039
9844,897_2020-10-06,897,3,179.0,59;45;75,441;787;1032
9845,897_2020-10-07,897,3,237.0,73;117;47,419;691;1032
9846,897_2020-10-08,897,2,186.0,106;80,725;1026
9847,897_2020-10-09,897,3,221.0,77;81;63,452;767;1026
9848,897_2020-10-10,897,3,198.0,89;38;71,388;720;1035
9849,897_2020-10-11,897,3,182.0,89;48;45,417;823;1080
9850,897_2020-10-12,897,3,165.0,78;20;67,405;693;1025
9851,897_2020-10-13,897,2,145.0,78;67,454;1041
9852,897_2020-10-14,897,3,243.0,89;67;87,390;741;1027
9853,897_2020-10-15,897,2,182.0,89;93,402;1035
9854,900_2019-12-05,900,5,84.0,20;18;18;20;8,563;871;1192;1213;1295
9855,900_2019-12-06,900,4,63.0,18;16;6;23,580;875;1058;1200
9856,900_2019-12-07,900,4,73.0,20;21;25;7,554;873;1170;1255
9857,900_2019-12-08,900,5,78.0,25;22;12;7;12,537;759;840;1074;1278
9858,900_2019-12-09,900,5,66.0,12;17;12;5;20,565;778;936;1045;1181
9859,900_2019-12-10,900,5,81.0,25;9;5;25;17,550;750;965;1188;1245
9860,900_2019-12-11,900,5,53.0,15;8;10;5;15,669;780;805;979;1146
9861,900_2019-12-12,900,4,70.0,23;25;10;12,527;794;1143;1267
9862,900_2019-12-13,900,4,74.0,13;27;4;30,540;792;1122;1249
9863,900_2019-12-14,900,4,60.0,15;5;7;33,545;795;905;1180
9864,900_2019-12-15,900,6,86.0,11;25;10;8;22;10,576;807;896;1143;1174;1189
9865,900_2019-12-16,900,3,54.0,12;12;30,562;802;1117
9866,900_2019-12-17,900,5,74.0,20;14;10;25;5,550;826;850;1253;1318
9867,900_2019-12-18,900,5,78.0,21;10;13;30;4,574;719;896;1178;1279
9868,900_2019-12-19,900,6,104.0,20;10;25;12;25;12,527;722;882;1133;1194;1220
9869,900_2019-12-20,900,4,74.0,24;15;10;25,566;842;1056;1199
9870,900_2019-12-21,900,3,60.0,20;30;10,585;960;1350
9871,900_2019-12-22,900,5,67.0,18;10;15;2;22,615;807;920;1080;1200
9872,900_2019-12-23,900,4,93.0,18;30;25;20,602;846;1160;1200
9873,900_2019-12-24,900,4,65.0,15;18;2;30,592;875;945;1184
9874,900_2019-12-25,900,5,74.0,10;1;22;6;35,542;727;791;1093;1180
9875,900_2019-12-26,900,5,91.0,25;30;12;20;4,529;776;892;1208;1236
9876,900_2019-12-27,900,5,78.0,23;18;5;20;12,564;760;991;1240;1265
9877,900_2019-12-28,900,4,84.0,28;23;13;20,690;870;964;1190
9878,900_2019-12-29,900,6,93.0,15;14;12;12;5;35,518;714;774;867;1082;1211
9879,900_2019-12-30,900,5,83.0,12;26;18;7;20,563;635;835;878;1177
9880,900_2019-12-31,900,5,71.0,20;15;4;2;30,537;782;826;980;1264
9881,900_2020-01-01,900,4,58.0,20;10;10;18,630;750;1163;1220
9882,905_2020-02-12,905,5,140.0,7;35;35;45;18,483;563;749;1123;1209
9883,905_2020-02-13,905,4,165.45,35;35;50.45;45,494;787;1144;1144
9884,905_2020-02-16,905,3,110.0,35;45;30,519;793;1290
9885,905_2020-02-17,905,4,102.0,17;30;20;35,128;475;911;1070
9886,905_2020-02-18,905,4,83.0,8;15;25;35,620;807;932;1354
9887,905_2020-02-19,905,3,99.0,35;40;24,409;1040;1323
9888,905_2020-02-20,905,4,95.0,30;25;30;10,139;529;1000;1148
9889,905_2020-02-21,905,8,199.6,32.25;40;23.82;30;39.75;15;3.78;15,685;685;888;888;1199;1199;1246;1246
9890,905_2020-02-22,905,6,206.13,24.32;30;24.42;35;62.39;30,602;602;792;792;1107;1107
9891,905_2020-02-23,905,5,130.0,25;30;20;35;20,612;758;900;1049;1097
9892,905_2020-02-24,905,5,110.0,25;15;30;15;25,594;745;806;885;1091
9893,905_2020-02-27,905,5,112.0,10;25;40;17;20,371;543;825;1083;1225
9894,905_2020-02-28,905,8,159.5,0.12;15;28.99;30;4.9;25;25.49;30,360;360;585;585;715;715;1396;1396
9895,905_2020-02-29,905,4,273.31,35.24;40;148.07;50,709;709;1087;1087
9896,905_2020-03-01,905,3,75.0,10;30;35,510;740;1230
9897,905_2020-03-02,905,3,77.0,35;12;30,497;750;783
9898,905_2020-03-03,905,4,100.0,30;10;25;35,611;779;958;1070
9899,905_2020-03-04,905,3,77.0,12;30;35,510;740;1412
9900,905_2020-03-05,905,4,112.0,30;30;12;40,141;705;1020;1185
9901,905_2020-03-06,905,3,60.0,15;10;35,71;658;697
9902,905_2020-03-07,905,4,115.0,45;25;15;30,437;684;710;1070
9903,905_2020-03-08,905,5,162.25,1.23;12;30;74.02;45,500;500;783;1170;1170
9904,905_2020-03-09,905,6,111.84,14.35;15;0.12;7;40.37;35,690;690;955;955;1151;1151
9905,905_2020-03-10,905,5,115.0,15;20;30;35;15,586;656;825;1123;1164
9906,907_2020-12-16,907,5,129.0,17;50;1;42;19,570;738;1032;1078;1211
9907,907_2020-12-17,907,7,188.0,6;15;33;13;26;60;35,368;602;729;746;826;1025;1353
9908,907_2020-12-18,907,6,190.0,15;57;31;25;38;24,632;871;1080;1165;1408;1420
9909,907_2020-12-19,907,5,146.0,23;20;40;22;41,746;768;1040;1106;1327
9910,907_2020-12-20,907,6,161.0,17;42;22;16;30;34,565;725;856;921;1001;1113
9911,907_2020-12-21,907,7,161.0,17;42;28;1;25;30;18,583;705;752;1029;1156;1186;1251
9912,907_2020-12-22,907,4,117.0,17;30;45;25,578;729;1220;1234
9913,907_2020-12-23,907,6,171.0,17;45;15;11;34;49,570;727;748;979;1166;1189
9914,907_2020-12-24,907,4,107.0,17;34;38;18,577;720;1105;1141
9915,907_2020-12-25,907,4,164.0,36;70;18;40,573;938;1151;1323
9916,907_2020-12-26,907,5,135.0,5;17;50;33;30,543;765;793;1117;1201
9917,907_2020-12-27,907,6,115.0,17;10;15;20;15;38,638;690;857;983;1004;1099
9918,907_2020-12-28,907,8,169.0,8;8;30;20;30;25;18;30,462;642;766;847;996;1058;1096;1115
9919,907_2020-12-29,907,6,157.0,17;6;48;28;22;36,513;792;867;980;1187;1302
9920,907_2020-12-30,907,4,114.0,40;20;35;19,490;501;764;1163
9921,907_2020-12-31,907,5,100.0,9;13;10;52;16,647;668;855;1111;1133
9922,907_2021-01-01,907,3,83.0,17;26;40,462;760;1001
9923,907_2021-01-02,907,7,153.0,5;34;18;22;19;15;40,592;801;844;1041;1091;1109;1231
9924,907_2021-01-03,907,2,98.0,35;63,727;1016
9925,907_2021-01-04,907,3,92.0,17;40;35,636;706;1061
9926,907_2021-01-05,907,4,122.0,17;45;25;35,591;722;842;1076
9927,907_2021-01-06,907,5,108.0,16;17;40;10;25,427;616;750;1061;1070
9928,907_2021-01-07,907,7,183.0,17;38;17;21;60;15;15,614;726;787;905;1102;1164;1216
9929,907_2021-01-08,907,3,77.0,35;17;25,611;804;1046
9930,907_2021-01-09,907,5,88.0,15;7;7;25;34,654;679;748;779;1135
9931,907_2021-01-10,907,3,102.0,17;45;40,581;720;1140
9932,907_2021-01-11,907,4,114.0,17;41;38;18,562;724;1070;1096
9933,907_2021-01-12,907,3,82.0,17;25;40,555;734;1189
9934,911_2020-07-04,911,2,67.0,22;45,920;1149
9935,911_2020-07-05,911,4,132.0,12;30;60;30,620;698;745;1188
9936,911_2020-07-06,911,1,70.0,70,1320
9937,911_2020-07-08,911,2,80.0,15;65,658;1011
9938,911_2020-07-09,911,2,75.0,45;30,655;870
9939,911_2020-07-10,911,3,115.0,25;20;70,724;951;1102
9940,911_2020-07-11,911,2,145.0,70;75,759;1142
9941,911_2020-07-12,911,1,40.0,40,1193
9942,911_2020-07-13,911,1,75.0,75,1093
9943,911_2020-07-15,911,3,110.0,30;5;75,738;847;1347
9944,911_2020-07-16,911,2,130.0,65;65,832;1089
9945,911_2020-07-17,911,2,130.0,60;70,686;1117
9946,911_2020-07-18,911,2,115.0,55;60,702;1231
9947,911_2020-07-19,911,4,220.0,65;30;80;45,39;735;1109;1377
9948,911_2020-07-21,911,1,70.0,70,1196
9949,911_2020-07-22,911,1,70.0,70,1140
9950,911_2020-07-23,911,1,35.0,35,1164
9951,911_2020-07-24,911,3,120.0,60;25;35,533;825;1120
9952,911_2020-07-25,911,2,95.0,35;60,898;1110
9953,911_2020-07-26,911,2,110.0,45;65,717;1092
9954,911_2020-07-27,911,2,72.0,52;20,717;1244
9955,911_2020-07-28,911,3,120.0,25;75;20,433;753;1109
9956,911_2020-07-29,911,1,40.0,40,1153
9957,911_2020-07-30,911,3,90.0,35;30;25,540;822;1175
9958,911_2020-07-31,911,2,95.0,35;60,592;1006
9959,920_2020-05-21,920,6,58.0,16;18;8;10;3;3,560;817;1137;1145;1153;1213
9960,920_2020-05-22,920,4,43.0,16;16;8;3,559;938;981;1174
9961,920_2020-05-23,920,7,54.0,23;2;8;7;2;5;7,528;697;901;1062;1221;1227;1359
9962,920_2020-05-24,920,8,75.0,8;16;8;4;5;19;6;9,538;563;815;822;831;1094;1155;1305
9963,920_2020-05-25,920,5,91.0,18;18;16;14;25,610;775;824;897;1159
9964,920_2020-05-26,920,5,64.0,16;5;25;10;8,564;690;904;1225;1320
9965,920_2020-05-27,920,7,60.0,16;7;15;7;1;7;7,584;832;1136;1141;1163;1197;1292
9966,920_2020-05-28,920,7,79.0,16;14;14;14;7;7;7,578;774;786;1188;1213;1281;1286
9967,920_2020-05-29,920,3,59.0,25;5;29,589;796;1095
9968,920_2020-05-30,920,8,87.0,16;3;17;20;12;7;4;8,525;714;720;1113;1119;1126;1157;1217
9969,920_2020-05-31,920,7,79.0,25;5;2;14;14;14;5,565;754;764;1095;1106;1129;1169
9970,920_2020-06-01,920,4,60.0,25;8;20;7,591;842;1141;1151
9971,920_2020-06-02,920,4,81.0,25;25;14;17,544;868;976;1134
9972,920_2020-06-03,920,4,95.0,40;10;27;18,544;750;924;1201
9973,920_2020-06-05,920,3,68.0,24;14;30,585;942;1145
9974,920_2020-06-06,920,3,35.0,24;1;10,577;897;1266
9975,920_2020-06-07,920,6,82.0,28;3;18;5;14;14,564;895;1103;1111;1127;1158
9976,920_2020-06-09,920,5,67.0,15;14;4;14;20,553;649;735;1037;1153
9977,920_2020-06-10,920,4,100.0,15;30;30;25,595;765;987;1171
9978,920_2020-06-11,920,2,60.0,30;30,570;1052
9979,920_2020-06-12,920,3,52.0,17;20;15,569;866;1061
9980,920_2020-06-13,920,3,60.0,15;25;20,589;766;1064
9981,920_2020-06-14,920,3,66.0,16;20;30,555;1089;1167
9982,920_2020-06-15,920,6,66.0,16;3;15;5;15;12,602;855;882;886;1137;1143
9983,920_2020-06-16,920,5,77.0,15;14;20;23;5,571;782;789;1109;1186
9984,930_2019-09-27,930,8,266.0,2.34;7;38.75;24;56.87;50;43.04;44,574;574;744;744;1122;1122;1258;1258
9985,930_2019-09-29,930,5,257.0,7;35;65;70;80,434;805;854;984;1193
9986,930_2019-10-01,930,5,327.0,65;150;7;50;55,540;675;838;1212;1262
9987,930_2019-10-02,930,6,241.27,2.34;7;49.67;32;50.26;100,582;582;795;795;1053;1053
9988,930_2019-10-03,930,6,348.78999999999996,2.34;7;47.24;40;102.21;150,577;577;877;877;1134;1134
9989,930_2019-10-07,930,3,200.0,25;50;125,546;809;1165
9990,930_2019-10-08,930,5,219.0,7;72;40;60;40,572;661;1126;1219;1240
9991,930_2019-10-09,930,4,151.0,7;32;62;50,572;750;1063;1166
9992,930_2019-10-10,930,8,292.35,2.34;7;33.25;35;49.69;40;65.07;60,595;595;778;778;917;917;1205;1205
9993,930_2019-10-11,930,8,275.49,2.34;7;49.69;45;32.27;40;39.19;60,583;583;866;866;1136;1136;1253;1253
9994,930_2019-10-12,930,4,277.0,7;50;120;100,585;834;1066;1230
9995,930_2019-10-13,930,4,146.0,7;50;45;44,573;692;948;1027
9996,930_2019-10-14,930,3,240.0,40;50;150,587;884;1191
9997,930_2019-10-15,930,2,205.0,55;150,607;786
9998,930_2019-10-16,930,4,217.0,7;45;105;60,558;753;1056;1293
9999,930_2019-10-19,930,2,182.0,7;175,560;1050
10000,930_2019-10-20,930,3,207.0,7;50;150,571;734;1041
10001,930_2019-10-21,930,3,97.0,7;40;50,540;684;978
10002,932_2020-03-27,932,4,53.31,13.54;5;24.77;10,720;720;1092;1092
10003,932_2020-03-28,932,4,55.14,18.63;10;16.51;10,738;738;1024;1024
10004,932_2020-03-29,932,4,69.83,12.55;6;41.28;10,722;722;1047;1047
10005,932_2020-03-30,932,2,125.0,45;80,774;1170
10006,932_2020-04-03,932,2,38.0,30;8,762;1126
10007,932_2020-04-05,932,2,47.0,35;12,750;1079
10008,932_2020-04-06,932,2,32.44,14.44;18,1141;1141
10009,932_2020-04-07,932,2,150.0,75;75,840;1200
10010,932_2020-04-09,932,2,32.0,8;24,723;1082
10011,932_2020-04-11,932,3,60.15,18;27.15;15,1124;1251;1251
10012,932_2020-04-16,932,3,50.0,8;12;30,746;1107;1201
10013,932_2020-04-18,932,3,32.61,12.61;8;12,811;811;1053
10014,932_2020-04-21,932,3,39.0,12;12;15,548;847;1146
10015,932_2020-04-22,932,3,42.0,12;12;18,600;724;1144
10016,933_2020-10-01,933,6,259.03,11.43;33;74.74;50;69.86;20,961;961;1299;1299;1428;1428
10017,933_2020-10-02,933,4,87.0,5;9;22;51,52;860;976;1099
10018,933_2020-10-04,933,8,226.07,7.97;8;41.73;25;58.03;38;32.34;15,552;552;569;569;871;871;1203;1203
10019,933_2020-10-05,933,3,104.0,30;55;19,789;1115;1374
10020,933_2020-10-06,933,4,83.0,3;30;30;20,29;932;1155;1225
10021,933_2020-10-07,933,8,281.08000000000004,69.52;44;45.9;30;31.54;30;21.12;9,856;856;1071;1071;1308;1308;1329;1329
10022,933_2020-10-08,933,6,216.61,33.99;15;34.88;40;59.74;33,89;89;1081;1081;1296;1296
10023,933_2020-10-09,933,4,134.0,9;50;30;45,690;871;1203;1352
10024,933_2020-10-10,933,6,152.54,6.62;9;23.1;37;41.82;35,599;599;838;838;1117;1117
10025,933_2020-10-11,933,6,171.63,0.67;3;52.59;30;45.37;40,57;57;796;796;1161;1161
10026,933_2020-10-12,933,1,40.0,40,951
10027,933_2020-10-13,933,3,54.0,9;30;15,536;845;1280
10028,933_2020-10-15,933,8,272.48,49.95;28;25.13;18;51.47;40;34.93;25,804;804;905;905;1106;1106;1368;1368
10029,933_2020-10-16,933,5,97.0,9;22;38;3;25,570;1019;1200;1289;1321
10030,933_2020-10-17,933,4,91.0,2;20;9;60,960;960;1108;1109
10031,933_2020-10-18,933,4,49.0,9;30;5;5,540;840;1002;1295
10032,933_2020-10-19,933,3,57.0,17;25;15,49;1343;1439
10033,933_2020-10-20,933,3,108.0,18;60;30,24;970;1363
10034,933_2020-10-22,933,8,273.27,39.79;30;43.05;30;67.72;25;22.71;15,944;944;1155;1155;1364;1364;1384;1384
10035,933_2020-10-23,933,5,120.0,16;9;60;5;30,580;707;960;1237;1290
10036,933_2020-10-24,933,2,85.0,45;40,991;1243
10037,933_2020-10-25,933,4,92.0,25;30;32;5,81;908;1204;1389
10038,933_2020-10-26,933,4,76.0,20;9;9;38,28;67;659;1000
10039,933_2020-10-27,933,4,142.0,10;40;2;90,30;911;1174;1371
10040,943_2021-03-29,943,8,307.75,43;26;56;37.75;20;20;20;85,434;672;787;996;996;1016;1019;1064
10041,943_2021-03-30,943,4,170.0,45;20;85;20,476;663;786;963
10042,943_2021-03-31,943,4,206.0,60;26;65;55,452;678;770;1090
10043,943_2021-04-01,943,6,255.0,60;20;15;20;95;45,449;693;905;919;1152;1172
10044,943_2021-04-03,943,7,324.72,67.54;55;20;85;2.18;30;65,482;482;608;744;816;816;1105
10045,943_2021-04-04,943,5,259.0,55;24;20;95;65,418;599;601;799;1209
10046,943_2021-04-05,943,4,235.0,20;95;25;95,600;748;980;1184
10047,943_2021-04-06,943,4,250.0,50;85;30;85,486;750;945;1129
10048,943_2021-04-07,943,5,259.0,60;26;38;75;60,475;687;815;851;1172
10049,943_2021-04-08,943,3,160.0,50;20;90,520;626;749
10050,943_2021-04-13,943,2,91.0,26;65,639;1063
10051,943_2021-04-14,943,4,240.0,50;60;75;55,446;746;900;1123
10052,943_2021-04-15,943,4,206.0,26;75;20;85,612;755;943;1080
10053,943_2021-04-16,943,5,251.0,55;26;85;20;65,470;620;711;733;808
10054,943_2021-04-17,943,4,246.0,65;26;80;75,547;670;743;1089
10055,943_2021-04-19,943,4,131.70999999999998,31.02;55;27.69;18,477;477;656;656
10056,943_2021-04-20,943,3,100.0,55;20;25,323;485;811
10057,943_2021-04-21,943,2,150.0,55;95,527;810
10058,943_2021-04-22,943,4,305.0,55;95;65;90,430;725;872;1185
10059,943_2021-04-23,943,6,301.0,55;26;45;55;55;65,443;592;649;734;889;1103
10060,943_2021-04-24,943,5,241.0,55;20;75;26;65,399;578;760;782;1065
10061,943_2021-04-25,943,3,176.0,65;26;85,455;653;1098
10062,945_2019-08-24,945,1,45.0,45,964
10063,945_2019-08-28,945,3,115.0,45;45;25,720;1245;1280
10064,945_2019-08-29,945,3,80.0,15;20;45,630;816;1139
10065,945_2019-08-30,945,2,75.0,45;30,732;1150
10066,945_2019-08-31,945,2,90.0,45;45,815;1140
10067,945_2019-09-03,945,1,45.0,45,900
10068,945_2019-09-04,945,6,342.19000000000005,30.23;45;110.98;66.76;44.22;45,720;720;1212;1212;1212;1212
10069,945_2019-09-05,945,4,116.07,15.18;30;25.89;45,646;646;1156;1156
10070,945_2019-09-06,945,1,45.0,45,778
10071,945_2019-09-07,945,1,45.0,45,892
10072,945_2019-09-08,945,1,45.0,45,752
10073,945_2019-09-09,945,1,45.0,45,784
10074,945_2019-09-10,945,4,145.0,35;45;45;20,657;720;1200;1355
10075,945_2019-09-11,945,2,90.0,45;45,799;1059
10076,945_2019-09-12,945,1,45.0,45,777
10077,945_2019-09-13,945,1,45.0,45,1074
10078,945_2019-09-14,945,2,90.0,45;45,766;1060
10079,945_2019-09-15,945,2,75.0,30;45,814;1140
10080,945_2019-09-16,945,1,45.0,45,630
10081,945_2019-09-17,945,1,45.0,45,1066
10082,946_2019-11-02,946,5,239.99,42;71.22;35;53.77;38,605;871;871;1235;1235
10083,946_2019-11-04,946,3,135.0,35;45;55,749;987;1262
10084,946_2019-11-05,946,4,212.87,62.91;35;69.96;45,706;706;1134;1134
10085,946_2019-11-06,946,6,314.28,69.2;35;87.21;50;34.87;38,591;591;892;892;1269;1269
10086,946_2019-11-07,946,3,122.0,30;40;52,311;695;1016
10087,946_2019-11-08,946,1,35.0,35,708
10088,946_2019-11-09,946,1,32.0,32,981
10089,946_2019-11-10,946,3,130.0,40;40;50,560;804;1226
10090,946_2019-11-11,946,6,237.51000000000002,50.33;35;28.16;36;43.02;45,518;518;715;715;910;910
10091,946_2019-11-12,946,6,223.98,62.91;1.26;61.65;35;28.16;35,628;628;628;628;1165;1165
10092,946_2019-11-13,946,8,222.48,23.93;30;35.58;30;26.98;3.61;23.38;49,575;575;1093;1093;1248;1248;1248;1248
10093,946_2019-11-14,946,2,75.0,30;45,815;1433
10094,946_2019-11-15,946,2,75.0,35;40,519;780
10095,946_2019-11-16,946,3,111.0,35;30;46,583;855;1275
10096,946_2019-11-17,946,2,83.0,40;43,636;1093
10097,946_2019-11-18,946,2,75.0,30;45,582;907
10098,946_2019-11-19,946,6,215.23000000000002,7.75;25;51.59;42;58.89;30,81;81;729;729;1093;1093
10099,946_2019-11-21,946,2,85.0,40;45,633;901
10100,946_2019-11-22,946,2,45.0,15;30,905;1322
10101,946_2019-11-23,946,3,100.0,35;35;30,708;848;1374
10102,946_2019-11-24,946,2,69.0,35;34,571;1400
10103,946_2019-11-25,946,2,75.0,45;30,775;1320
10104,946_2019-11-27,946,8,295.16,59.77;35;16.04;35;48.74;45;20.61;35,755;755;986;986;1351;1351;1379;1379
10105,946_2019-11-28,946,3,120.0,40;35;45,615;893;1311
10106,946_2019-11-29,946,2,72.0,37;35,570;875
10107,948_2020-02-17,948,7,106.0,5;20;10;20;27;22;2,573;709;1045;1158;1279;1290;1306
10108,948_2020-02-20,948,5,75.0,36;12;5;10;12,602;969;983;1105;1377
10109,948_2020-02-21,948,8,75.0,20;2;3;8;6;15;15;6,564;655;677;799;905;1045;1087;1184
10110,948_2020-02-24,948,3,46.0,10;11;25,700;1113;1230
10111,948_2020-02-27,948,4,73.0,8;15;10;40,613;893;1115;1242
10112,948_2020-02-28,948,7,42.0,5;4;2;7;10;10;4,559;659;769;887;1044;1201;1238
10113,948_2020-03-02,948,7,68.0,5;8;20;8;2;15;10,487;563;777;862;998;1104;1169
10114,948_2020-03-03,948,5,105.0,20;10;15;30;30,593;705;937;1110;1193
10115,948_2020-03-04,948,4,41.0,8;8;5;20,569;712;1360;1401
10116,948_2020-03-05,948,7,62.0,20;5;5;8;5;10;9,651;672;752;1062;1140;1170;1384
10117,948_2020-03-06,948,7,110.0,15;9;20;20;30;15;1,602;730;1001;1033;1117;1304;1362
10118,948_2020-03-07,948,7,148.0,8;24;40;15;20;1;40,475;723;865;1047;1107;1174;1207
10119,948_2020-03-10,948,8,139.0,3;15;15;5;45;20;21;15,469;650;685;782;930;1105;1158;1178
10120,948_2020-03-11,948,6,184.0,40;38;15;1;45;45,520;539;979;1138;1189;1247
10121,948_2020-03-12,948,8,118.0,5;6;15;20;12;40;5;15,660;755;819;898;927;1119;1226;1273
10122,948_2020-03-13,948,6,73.0,25;15;20;2;1;10,562;604;931;1107;1350;1393
10123,95_2020-08-09,95,8,238.07,46.61;13.26;33.37;35;29.52;45;15.31;20,421;421;421;421;763;763;1132;1132
10124,95_2020-08-11,95,8,283.15999999999997,23.8;1.53;22.27;25;88.77;35;56.79;30,554;554;554;554;809;809;1217;1217
10125,95_2020-08-12,95,3,75.0,15;30;30,481;722;1120
10126,95_2020-08-13,95,4,111.0,30;35;21;25,493;746;857;1155
10127,95_2020-08-14,95,4,96.0,17;20;34;25,548;732;806;1188
10128,95_2020-08-15,95,3,60.0,15;30;15,563;754;1118
10129,95_2020-08-16,95,3,63.0,35;13;15,526;772;1228
10130,95_2020-08-18,95,6,183.38,34.01;20;36.65;20;37.72;35,520;520;730;730;1223;1223
10131,95_2020-08-19,95,6,281.53,67.31;35;80.87;20;48.35;30,613;613;788;788;1136;1136
10132,95_2020-08-20,95,6,247.31,54.05;25;30.67;20;82.59;35,440;440;794;794;1206;1206
10133,95_2020-08-22,95,8,298.49,78.25;45;71.2;30;27.02;15.01;12.01;20,466;466;735;735;1147;1147;1147;1147
10134,95_2020-08-23,95,6,248.47000000000003,65.15;60;62.08;30;16.24;15,435;435;760;760;1140;1140
10135,95_2020-08-25,95,2,65.0,30;35,1140;1216
10136,95_2020-08-26,95,2,52.0,25;27,540;1221
10137,95_2020-08-27,95,3,105.0,30;15;60,478;730;1065
10138,95_2020-08-28,95,3,90.0,30;45;15,446;782;1241
10139,95_2020-08-29,95,8,227.56,20.91;25;76.56;35;25.04;11.26;13.79;20,445;445;715;715;1162;1162;1162;1162
10140,95_2020-08-30,95,8,211.53,23.48;15;28.41;30;20.33;13;61.31;20,369;369;744;744;987;987;1184;1184
10141,95_2020-08-31,95,2,60.0,30;30,720;1168
10142,95_2020-09-01,95,2,85.0,25;60,582;1157
10143,95_2020-09-03,95,2,60.0,30;30,420;720
10144,95_2020-09-04,95,2,60.0,30;30,425;1268
10145,953_2020-11-04,953,3,104.0,42;42;20,895;1125;1362
10146,953_2020-11-05,953,3,92.0,27;10;55,630;874;1140
10147,953_2020-11-06,953,6,142.0,20;16;50;11;20;25,487;490;725;906;1174;1214
10148,953_2020-11-07,953,4,110.0,30;10;25;45,630;767;947;1218
10149,953_2020-11-08,953,7,171.0,20;8;8;50;25;30;30,440;455;678;755;1090;1195;1229
10150,953_2020-11-09,953,4,112.0,30;45;7;30,825;1190;1259;1272
10151,953_2020-11-10,953,5,120.0,30;20;20;10;40,711;927;952;1178;1301
10152,953_2020-11-11,953,3,91.0,36;15;40,642;793;1161
10153,953_2020-11-12,953,4,122.0,30;27;40;25,650;908;1152;1242
10154,953_2020-11-13,953,5,115.0,20;40;20;5;30,496;726;1116;1214;1324
10155,953_2020-11-14,953,4,83.0,23;5;30;25,618;902;1203;1382
10156,953_2020-11-15,953,7,195.0,5;50;25;10;20;60;25,608;894;915;1090;1140;1156;1347
10157,953_2020-11-16,953,5,172.0,22;45;25;50;30,672;912;930;1188;1371
10158,953_2020-11-17,953,4,140.0,20;50;20;50,700;728;959;1235
10159,953_2020-11-18,953,4,141.0,8;55;25;53,604;862;1065;1291
10160,953_2020-11-19,953,4,97.0,32;25;20;20,645;778;910;1245
10161,953_2020-11-20,953,6,159.0,20;15;30;14;35;45,483;484;715;740;899;1115
10162,953_2020-11-21,953,4,102.0,15;45;22;20,635;815;901;1211
10163,953_2020-11-22,953,7,170.0,60;10;10;30;15;10;35,655;846;856;964;982;1148;1307
10164,953_2020-11-23,953,5,105.0,15;20;15;25;30,662;965;984;1094;1302
10165,953_2020-11-24,953,7,148.0,24;26;10;30;23;20;15,441;466;723;833;1167;1430;1436
10166,953_2020-11-25,953,8,196.0,35;10;42;20;18;15;40;16,720;739;767;944;977;1001;1127;1314
10167,953_2020-11-26,953,7,113.0,8;10;20;10;15;20;30,667;928;1070;1127;1176;1261;1353
10168,953_2020-11-27,953,5,160.0,10;45;35;35;35,658;826;969;1165;1384
10169,953_2020-11-28,953,4,112.0,30;32;15;35,773;799;1123;1223
10170,953_2020-11-29,953,5,144.0,37;30;40;23;14,630;901;1054;1359;1371
10171,953_2020-11-30,953,4,71.0,6;10;35;20,701;892;1100;1201
10172,953_2020-12-01,953,4,150.0,45;35;50;20,518;858;1114;1163
10173,956_2020-03-17,956,9,209.92000000000002,39.82;20;10.91;20;15.39;15;1.44;42.36;45,560;560;728;728;745;745;1202;1209;1209
10174,956_2020-03-18,956,4,221.0,45;45;86;45,768;785;1103;1155
10175,956_2020-03-19,956,6,294.16999999999996,10.12;40;49.07;45;49.98;100,566;566;770;770;1180;1180
10176,956_2020-03-20,956,2,246.3,196.3;50,468;468
10177,956_2020-03-21,956,4,115.0,40;45;15;15,514;718;893;1097
10178,956_2020-03-22,956,2,55.0,5;50,480;1385
10179,956_2020-03-23,956,6,332.39,44.88;45;102.06;65;30.45;45,413;413;771;771;1079;1079
10180,956_2020-03-24,956,6,119.44999999999999,4.22;15;10.27;20;34.96;35,577;577;819;819;1147;1147
10181,956_2020-03-25,956,3,100.0,15;15;70,469;829;1070
10182,956_2020-03-26,956,3,122.0,17;40;65,712;824;1059
10183,956_2020-03-27,956,2,35.0,20;15,429;957
10184,956_2020-04-05,956,3,190.0,45;45;100,451;837;1060
10185,958_2019-11-21,958,8,83.77,12;23;5.77;8;13;7;6;9,498;742;802;802;925;1063;1086;1365
10186,958_2019-11-22,958,4,53.0,11;18;16;8,540;732;894;1050
10187,958_2019-11-23,958,4,60.0,12;11;12;25,495;755;946;1050
10188,958_2019-11-24,958,4,70.0,11;24;4;31,495;756;968;1051
10189,958_2019-11-25,958,8,150.85999999999999,19.79;7;68.9;12;30.55;8;3.62;1,754;754;980;980;1079;1079;1317;1317
10190,958_2019-11-27,958,6,61.0,13;14;15;9;7;3,494;721;1050;1051;1168;1407
10191,958_2019-11-28,958,3,37.0,11;12;14,491;800;1326
10192,958_2019-12-01,958,4,72.0,10;17;10;35,429;675;884;1035
10193,958_2019-12-02,958,4,62.0,12;25;20;5,436;650;869;1201
10194,958_2019-12-03,958,8,219.52999999999997,73.69;12;15.44;18;43.29;28;21.11;8,422;422;657;657;1067;1067;1088;1088
10195,958_2019-12-05,958,6,64.0,13;25;2;3;15;6,458;726;779;1043;1079;1277
10196,958_2019-12-06,958,3,56.0,13;18;25,513;747;1032
10197,958_2019-12-07,958,8,180.99,15.34;12;14.62;12;64.31;12;35.72;15,679;679;952;952;954;954;1043;1043
10198,958_2019-12-09,958,4,62.0,14;18;15;15,380;660;875;1025
10199,958_2019-12-10,958,3,48.0,15;15;18,872;1050;1425
10200,958_2019-12-11,958,5,81.0,18;13;12;15;23,415;434;860;1038;1217
10201,958_2019-12-12,958,4,59.0,25;11;15;8,392;484;760;964
10202,958_2019-12-13,958,4,65.0,13;18;15;19,470;705;893;1081
10203,958_2019-12-14,958,8,194.41000000000003,31.59;13;16.24;12;68.9;12;22.68;18,417;417;683;683;845;845;1042;1042
10204,958_2019-12-15,958,8,146.24,29.77;11;27.08;30;17.76;10;14.63;6,427;427;857;857;1051;1051;1351;1351
10205,958_2019-12-16,958,4,68.0,11;18;4;35,435;677;917;1050
10206,958_2019-12-17,958,3,48.0,10;18;20,458;750;1050
10207,958_2019-12-18,958,3,53.0,11;24;18,441;750;1310
10208,963_2019-06-17,963,7,245.44,29.71;60;13.28;6.36;6.92;84.17;45,814;814;816;816;816;1233;1233
10209,963_2019-06-18,963,4,317.64,118.21;100;39.43;60,646;646;1179;1179
10210,963_2019-06-19,963,1,60.0,60,1176
10211,963_2019-06-20,963,2,135.0,75;60,825;1419
10212,963_2019-06-21,963,6,259.89,55.08;23;27.54;23;71.27;60,687;687;895;895;1300;1300
10213,963_2019-06-22,963,5,252.96,69.12;45;33.84;60;45,818;818;1125;1125;1312
10214,963_2019-06-23,963,2,105.0,45;60,833;1219
10215,963_2019-06-24,963,5,242.0,57;57;23;45;60,467;693;694;1062;1286
10216,963_2019-06-25,963,1,60.0,60,1146
10217,963_2019-06-26,963,4,196.0,52;24;60;60,715;835;921;1402
10218,963_2019-06-27,963,3,175.54,45;50.54;80,983;1094;1094
10219,963_2019-06-28,963,4,218.5,81.85;30;56.65;50,692;692;1144;1144
10220,963_2019-06-29,963,4,180.0,45;30;30;75,468;836;932;1259
10221,963_2019-06-30,963,2,68.0,23;45,682;907
10222,963_2019-07-01,963,2,155.0,80;75,765;1237
10223,963_2019-07-02,963,2,160.0,80;80,769;1147
10224,963_2019-07-03,963,2,105.0,60;45,815;1159
10225,963_2019-07-04,963,1,60.0,60,539
10226,963_2019-07-05,963,5,170.60999999999999,27.54;23;30;15.07;75,712;712;976;1423;1423
10227,963_2019-07-06,963,4,211.28,22.69;39;74.59;75,651;651;1405;1405
10228,963_2019-07-07,963,1,48.0,48,1045
10229,963_2019-07-08,963,3,105.0,15;30;60,784;1400;1423
10230,963_2019-07-09,963,1,38.0,38,625
10231,963_2019-07-10,963,1,60.0,60,1183
10232,963_2019-07-11,963,5,145.24,27.54;23;4.7;60;30,664;664;888;888;1430
10233,963_2019-07-13,963,1,80.0,80,752
10234,963_2019-07-14,963,1,30.0,30,582
10235,965_2020-01-17,965,7,215.12,44.81;50;19.27;20.33;15;40.71;25,668;668;841;850;850;1151;1151
10236,965_2020-01-19,965,4,132.0,46;40;23;23,580;949;956;991
10237,965_2020-01-20,965,3,108.0,50;20;38,490;869;1080
10238,965_2020-01-21,965,4,155.0,10;25;50;70,467;562;802;1070
10239,965_2020-01-24,965,4,137.0,20;32;60;25,618;761;1114;1140
10240,965_2020-01-25,965,3,110.0,15;35;60,555;701;1167
10241,965_2020-01-26,965,3,111.0,23;28;60,780;1048;1159
10242,965_2020-01-27,965,3,143.0,30;45;68,700;873;1197
10243,965_2020-01-29,965,8,273.42,55.91;45;13.72;20;21.73;20;77.06;20,594;594;846;846;907;907;1152;1152
10244,965_2020-01-31,965,8,276.74,56.64;25;12.92;15;26.73;45;20.45;75,547;547;923;923;944;944;1170;1170
10245,965_2020-02-01,965,8,334.28,72.07;50;18.6;25;49.6;40;39.01;40,584;584;833;833;1236;1236;1277;1277
10246,965_2020-02-02,965,4,142.6,19.56;15;38.04;70,552;552;1221;1221
10247,965_2020-02-03,965,3,100.0,45;35;20,538;828;1095
10248,965_2020-02-04,965,1,35.0,35,1058
10249,965_2020-02-06,965,4,155.0,40;15;45;55,716;870;884;1160
10250,965_2020-02-07,965,3,125.0,50;20;55,535;870;1203
10251,965_2020-02-08,965,4,130.0,60;40;20;10,571;1120;1128;1275
10252,965_2020-02-09,965,3,117.0,50;42;25,578;930;1110
10253,965_2020-02-10,965,2,60.0,10;50,550;675
10254,965_2020-02-11,965,3,127.0,27;30;70,640;682;1145
10255,965_2020-02-13,965,6,243.54000000000002,43.74;34;16.74;40;44.06;65,520;520;785;785;1214;1214
10256,966_2020-04-05,966,5,144.0,23;13;15;28;65,467;635;720;928;1009
10257,966_2020-04-06,966,5,112.0,23;13;36;20;20,490;672;800;1028;1213
10258,966_2020-04-09,966,4,125.0,24;30;11;60,547;723;870;1149
10259,966_2020-04-10,966,4,173.0,50;30;13;80,458;817;835;1080
10260,966_2020-04-12,966,8,230.79,19.2;24;30.35;36;8.58;13;39.66;60,544;544;699;699;858;858;1059;1059
10261,97_2020-09-04,97,7,138.0,55;9;25;1;24;5;19,381;629;798;1005;1111;1141;1205
10262,97_2020-09-05,97,8,228.0,54;4;53;23;34;25;25;10,394;659;757;926;1065;1106;1117;1330
10263,97_2020-09-08,97,8,262.05,19.2;26;74.3;40;31.94;41;19.61;10,489;489;805;805;1110;1110;1158;1158
10264,97_2020-09-09,97,8,215.0,52;43;23;19;17;4;38;19,504;745;756;892;907;1038;1060;1405
10265,97_2020-09-10,97,9,217.0,19;54;46;7;19;25;5;19;23,220;363;725;742;898;1079;1131;1209;1221
10266,97_2020-09-13,97,6,168.0,16;52;46;43;6;5,170;396;714;1089;1118;1121
10267,97_2020-09-16,97,6,161.0,42;15;55;15;5;29,488;691;786;1073;1097;1135
10268,97_2020-09-17,97,7,190.0,56;47;19;46;5;8;9,403;726;1036;1108;1206;1244;1268
10269,97_2020-09-18,97,6,189.0,56;4;46;36;15;32,395;671;779;1083;1101;1148
10270,97_2020-09-22,97,7,142.0,24;25;28;18;19;13;15,449;655;756;869;981;1019;1032
10271,97_2020-09-23,97,8,190.0,19;19;36;43;13;17;14;29,131;204;491;746;851;892;1102;1213
10272,97_2020-09-24,97,6,181.0,50;4;40;30;38;19,399;773;845;1102;1194;1223
10273,97_2020-09-25,97,6,197.0,54;29;19;46;38;11,376;770;787;1107;1127;1335
10274,97_2020-09-28,97,8,164.0,40;4;34;7;36;5;33;5,390;403;714;1023;1147;1172;1200;1226
10275,97_2020-09-30,97,7,155.0,48;4;9;13;13;51;17,473;483;595;665;745;778;1098
10276,97_2020-10-01,97,8,214.0,22;38;19;52;6;20;35;22,77;530;733;759;775;991;1088;1114
10277,970_2019-10-07,970,8,142.61,32.43;36;3.57;6;11.01;12;19.6;22,831;831;990;990;1081;1081;1280;1280
10278,970_2019-10-08,970,6,168.62,32.43;36;28.04;60;6.15;6,696;696;1077;1077;1284;1284
10279,970_2019-10-09,970,6,166.01,22.38;39;35.95;31;15.68;22,767;767;1089;1089;1279;1279
10280,970_2019-10-11,970,4,82.0,25;2;40;15,710;860;1080;1293
10281,970_2019-10-12,970,4,127.0,7;10;45;65,761;814;1091;1229
10282,970_2019-10-13,970,4,87.0,7;45;25;10,744;1056;1271;1326
10283,970_2019-10-14,970,6,179.27,27.15;25;26.6;55;23.52;22,717;717;1059;1059;1252;1252
10284,970_2019-10-15,970,6,181.1,26.13;30;7.14;8;53.83;56,718;718;850;850;1071;1071
10285,970_2019-10-16,970,8,158.56,7.14;8;25.13;25;44.42;35;5.87;8,358;358;743;743;1087;1087;1261;1261
10286,970_2019-10-17,970,8,153.92,20.5;0.87;19.63;30;31.27;35;4.65;12,794;794;794;794;1098;1098;1323;1323
10287,970_2019-10-18,970,4,160.0,5;25;65;65,657;756;868;1191
10288,970_2019-10-19,970,4,158.0,18;45;85;10,764;1091;1253;1358
10289,970_2019-10-20,970,4,112.0,10;25;65;12,524;783;1029;1329
10290,970_2019-10-21,970,9,150.63,3.57;4;18.67;3.04;15.61;35;29.39;40;1.35,676;676;808;808;808;808;1082;1082;1327
10291,970_2019-10-22,970,6,183.38,25.36;25;29.67;50;31.35;22,697;697;1074;1074;1260;1260
10292,970_2019-10-23,970,3,95.0,35;50;10,745;1083;1283
10293,970_2019-10-24,970,4,105.0,25;15;60;5,719;932;1096;1354
10294,970_2019-10-25,970,4,55.0,20;5;25;5,750;930;1196;1325
10295,970_2019-10-26,970,3,121.0,25;90;6,761;1147;1328
10296,970_2019-10-27,970,3,52.0,17;10;25,732;1080;1247
10297,970_2019-10-28,970,8,207.93,3.57;8;32.63;30;36.71;55;20.02;22,525;525;746;746;1067;1067;1266;1266
10298,970_2019-10-29,970,6,142.81,25.13;25;5.93;5;26.75;55,683;683;937;937;1197;1197
10299,970_2019-10-30,970,2,110.0,35;75,717;1142
10300,970_2019-10-31,970,5,100.0,50;5;5;35;5,755;832;1023;1130;1292
10301,970_2019-11-01,970,3,71.0,25;40;6,776;1110;1296
10302,970_2019-11-02,970,4,183.0,8;25;65;85,515;825;1129;1276
10303,970_2019-11-03,970,2,70.0,20;50,751;1167
10304,971_2020-03-24,971,4,337.0,61;61;84;131,702;845;1306;1360
10305,971_2020-03-25,971,4,280.0,61;85;34;100,640;769;835;1125
10306,971_2020-03-26,971,5,342.0,70;70;27;165;10,555;760;910;1150;1340
10307,971_2020-03-27,971,4,278.0,85;40;105;48,715;990;1140;1290
10308,971_2020-04-01,971,3,274.0,94;127;53,717;1100;1295
10309,971_2020-04-03,971,4,293.0,72;66;94;61,745;912;1155;1250
10310,971_2020-04-06,971,3,227.0,128;8;91,690;1060;1105
10311,971_2020-04-08,971,3,248.0,95;28;125,725;986;1140
10312,971_2020-04-09,971,4,261.0,76;25;105;55,739;1039;1202;1337
10313,971_2020-04-12,971,4,252.0,64;77;48;63,705;1130;1145;1200
10314,971_2020-04-13,971,3,190.0,70;80;40,615;1151;1170
10315,971_2020-04-14,971,5,351.0,53;61;95;89;53,194;630;865;1165;1255
10316,971_2020-04-15,971,5,306.0,50;57;56;81;62,140;783;935;1175;1245
10317,971_2020-04-16,971,6,320.0,70;16;12;81;78;63,770;976;1155;1185;1225;1275
10318,974_2019-08-26,974,6,328.28000000000003,67.72;60;32.77;30;67.79;70,543;543;842;842;1149;1149
10319,974_2019-08-27,974,3,167.0,55;32;80,608;838;1110
10320,974_2019-08-29,974,8,264.59,0.36;8;38.89;46;15.7;20;60.64;75,540;540;778;778;955;955;1126;1126
10321,974_2019-08-30,974,5,230.0,55;50;25;75;25,677;744;907;1105;1322
10322,974_2019-08-31,974,3,155.0,70;35;50,610;780;1131
10323,974_2019-09-01,974,7,181.0,20;55;22;10;50;15;9,551;789;882;935;1051;1226;1330
10324,974_2019-09-02,974,4,169.0,10;70;80;9,618;870;1106;1311
10325,974_2019-09-03,974,5,158.0,20;19;40;70;9,556;807;951;1132;1316
10326,974_2019-09-04,974,8,290.65,20.93;15;42.8;50;42.29;75;19.63;25,566;566;802;802;1131;1131;1311;1311
10327,974_2019-09-05,974,6,267.14,42.4;50;37.79;40;26.95;70,553;553;917;917;1142;1142
10328,974_2019-09-06,974,4,195.0,55;50;10;80,667;797;1122;1164
10329,974_2019-09-09,974,4,118.0,20;55;25;18,729;854;1084;1273
10330,974_2019-09-10,974,3,135.0,25;50;60,547;750;1121
10331,974_2019-09-11,974,3,134.0,60;44;30,536;859;1111
10332,974_2019-09-14,974,4,235.0,65;65;55;50,771;973;1205;1311
10333,974_2019-09-15,974,5,209.0,55;10;61;25;58,547;736;853;965;1098
10334,974_2019-09-16,974,6,199.26,4.56;12;60.64;38;29.06;55,549;549;961;961;1310;1310
10335,974_2019-09-17,974,8,223.25,0.71;22;50.12;40;21.68;30;28.74;30,533;533;895;895;1170;1170;1174;1174
10336,974_2019-09-18,974,4,160.0,45;15;40;60,547;705;819;1092
10337,974_2019-09-19,974,4,117.0,25;10;63;19,547;692;834;1086
10338,974_2019-09-20,974,1,80.0,80,840
10339,974_2019-09-21,974,4,106.0,15;45;9;37,640;876;978;1154
10340,976_2020-05-03,976,5,153.0,90;5;3;34;21,368;657;726;743;1100
10341,976_2020-05-04,976,3,182.0,84;50;48,429;740;1089
10342,976_2020-05-05,976,3,172.0,96;50;26,474;769;1132
10343,976_2020-05-06,976,4,128.0,5;6;45;72,414;513;744;1080
10344,976_2020-05-07,976,5,171.0,84;3;41;26;17,488;721;743;1077;1111
10345,976_2020-05-09,976,8,333.21999999999997,54.76;90;2.13;3;45.28;41;61.05;36,435;435;714;714;739;739;1093;1093
10346,976_2020-05-10,976,5,201.0,84;2;50;4;61,405;726;740;1045;1071
10347,976_2020-05-11,976,5,133.0,3;15;47;35;33,473;557;798;1092;1144
10348,976_2020-05-14,976,4,174.0,84;31;36;23,440;776;1081;1147
10349,976_2020-05-17,976,6,170.0,25;30;4;67;15;29,398;478;699;751;970;1096
10350,976_2020-05-18,976,4,160.0,62;46;5;47,455;748;931;1084
10351,976_2020-05-19,976,4,179.0,67;34;40;38,500;727;949;1091
10352,976_2020-05-20,976,3,128.0,22;48;58,504;732;1105
10353,976_2020-05-23,976,5,159.0,5;67;34;15;38,378;481;777;946;1117
10354,976_2020-05-24,976,4,107.0,2;12;49;44,386;476;739;1099
10355,976_2020-05-25,976,4,174.0,62;34;62;16,464;745;1094;1162
10356,976_2020-05-28,976,7,199.0,5;62;44;20;3;39;26,377;470;738;854;1072;1119;1180
10357,976_2020-05-29,976,4,86.0,5;12;43;26,378;489;735;1070
10358,976_2020-05-30,976,5,178.0,15;55;36;14;58,371;492;728;839;1104
10359,979_2021-03-12,979,4,110.0,25;30;25;30,521;821;1059;1266
10360,979_2021-03-13,979,2,60.0,15;45,706;1094
10361,979_2021-03-14,979,3,100.0,50;20;30,747;787;1092
10362,979_2021-03-15,979,3,140.0,45;20;75,615;815;1119
10363,979_2021-03-16,979,3,160.0,25;35;100,541;684;1185
10364,979_2021-03-17,979,3,80.0,20;35;25,495;670;1050
10365,979_2021-03-18,979,5,168.0,45;30;18;45;30,610;919;1030;1170;1245
10366,979_2021-03-19,979,5,105.0,10;45;15;15;20,625;762;964;1082;1179
10367,979_2021-03-20,979,5,115.0,10;10;20;15;60,468;614;633;940;1130
10368,979_2021-03-21,979,3,140.0,50;30;60,666;767;1140
10369,979_2021-03-22,979,6,175.0,10;45;25;20;60;15,460;638;789;976;1144;1299
10370,979_2021-03-23,979,5,185.0,45;45;20;15;60,420;660;916;1066;1125
10371,979_2021-03-24,979,2,125.0,60;65,810;1155
10372,979_2021-03-25,979,3,103.0,8;35;60,620;871;1150
10373,979_2021-03-26,979,3,120.0,45;25;50,502;805;1020
10374,979_2021-03-27,979,2,57.0,12;45,685;827
10375,979_2021-03-28,979,3,170.0,65;45;60,465;870;1106
10376,979_2021-03-29,979,5,62.0,5;12;20;15;10,507;654;852;886;1158
10377,979_2021-03-30,979,2,90.0,50;40,420;1140
10378,979_2021-03-31,979,3,155.0,100;25;30,150;420;570
10379,979_2021-04-01,979,4,185.0,5;45;75;60,516;623;870;1166
10380,979_2021-04-02,979,3,116.0,30;16;70,523;683;1136
10381,979_2021-04-03,979,3,106.0,16;30;60,589;830;1180
10382,979_2021-04-04,979,3,111.0,6;45;60,675;856;1109
10383,979_2021-04-05,979,2,61.0,16;45,600;791
10384,979_2021-04-06,979,3,145.0,75;35;35,600;720;1229
10385,979_2021-04-07,979,3,150.0,30;75;45,675;930;988
10386,979_2021-04-08,979,4,107.0,2;15;45;45,542;644;821;1179
10387,981_2020-05-12,981,3,93.0,13;38;42,542;848;1206
10388,981_2020-05-13,981,4,220.0,18;61;69;72,65;542;900;1174
10389,981_2020-05-14,981,4,183.0,18;40;70;55,45;479;817;1239
10390,981_2020-05-15,981,3,87.0,45;20;22,555;895;1202
10391,981_2020-05-16,981,1,30.0,30,549
10392,981_2020-05-17,981,4,105.0,45;40;5;15,507;835;1010;1201
10393,981_2020-05-18,981,3,100.0,20;20;60,563;957;1214
10394,981_2020-05-19,981,4,80.0,17;22;16;25,448;748;973;1259
10395,981_2020-05-21,981,1,45.0,45,531
10396,985_2019-11-08,985,8,229.0,24;48;32;30;10;40;5;40,499;820;987;1048;1079;1129;1263;1368
10397,985_2019-11-12,985,9,283.0,32;36;46;20;9;72;28;16;24,260;526;753;788;895;972;1154;1300;1395
10398,985_2019-11-15,985,8,283.0,36;24;40;15;32;32;64;40,490;698;800;870;1014;1129;1142;1229
10399,985_2019-11-16,985,8,200.0,5;32;27;40;12;16;36;32,310;450;546;820;878;960;1117;1300
10400,985_2019-11-19,985,5,150.0,2;48;24;28;48,662;737;960;989;1031
10401,985_2019-11-22,985,7,270.0,20;28;28;56;40;50;48,163;935;952;1053;1307;1337;1360
10402,985_2019-11-23,985,7,191.0,20;40;15;20;48;24;24,518;706;825;924;1058;1191;1346
10403,985_2019-11-24,985,9,218.0,24;17;15;36;40;24;6;24;32,410;416;486;516;607;798;878;985;1113
10404,985_2019-11-25,985,6,134.0,10;10;40;12;24;38,551;578;649;862;1152;1212
10405,985_2019-11-26,985,7,155.0,10;20;24;10;45;32;14,477;478;504;642;715;809;1014
10406,985_2019-11-29,985,6,136.0,16;12;37;24;32;15,592;646;661;865;1375;1395
10407,985_2019-11-30,985,6,122.0,24;12;24;16;14;32,673;898;1045;1184;1234;1255
10408,985_2019-12-01,985,7,141.0,15;23;12;8;15;20;48,575;668;728;856;1027;1087;1161
10409,985_2019-12-02,985,5,142.0,18;12;48;40;24,398;516;629;811;824
10410,985_2019-12-03,985,8,132.0,15;8;10;14;8;14;15;48,404;569;629;643;792;987;1046;1165
10411,987_2020-11-02,987,3,63.0,18;15;30,390;764;1125
10412,987_2020-11-07,987,4,70.0,15;5;20;30,415;718;830;1079
10413,987_2020-11-08,987,4,81.0,15;20;11;35,641;788;831;1131
10414,987_2020-11-09,987,3,57.0,30;7;20,492;631;1075
10415,987_2020-11-10,987,6,130.0,35;10;30;5;20;30,382;489;712;860;938;1176
10416,987_2020-11-11,987,4,60.0,10;15;15;20,449;454;613;956
10417,987_2020-11-14,987,3,53.0,15;18;20,529;1056;1081
10418,987_2020-11-15,987,5,95.0,15;10;5;40;25,565;666;816;1167;1236
10419,987_2020-11-16,987,5,75.0,11;12;20;12;20,402;464;728;766;1021
10420,987_2020-11-17,987,3,67.0,30;7;30,761;801;1160
10421,987_2020-11-18,987,3,68.0,25;18;25,648;923;1142
10422,987_2020-11-20,987,4,85.0,20;15;20;30,526;706;785;1114
10423,987_2020-11-21,987,3,60.0,10;35;15,495;800;1138
10424,987_2020-11-22,987,2,50.0,5;45,516;1094
10425,987_2020-11-23,987,4,71.0,11;20;35;5,481;885;1136;1264
10426,987_2020-11-24,987,1,30.0,30,1069
10427,987_2020-11-25,987,1,30.0,30,754
10428,987_2020-11-26,987,3,115.0,45;35;35,707;1116;1187
10429,987_2020-11-28,987,2,53.0,18;35,894;1103
10430,987_2020-11-29,987,2,45.0,15;30,465;1084
10431,988_2021-03-20,988,6,176.0,48;8;10;51;35;24,561;725;773;884;1160;1318
10432,988_2021-03-21,988,4,169.0,55;50;24;40,563;779;913;1225
10433,988_2021-03-22,988,7,143.0,27;8;25;25;15;30;13,514;704;775;939;1124;1148;1302
10434,988_2021-03-23,988,7,150.0,20;65;16;25;8;11;5,421;834;979;1102;1150;1219;1364
10435,988_2021-03-24,988,8,202.0,30;7;64;8;10;43;16;24,521;669;840;989;1046;1169;1274;1350
10436,988_2021-03-25,988,7,194.0,40;25;6;10;42;16;55,534;611;651;761;802;940;1180
10437,988_2021-03-26,988,9,211.0,40;10;15;18;27;8;50;18;25,530;649;688;788;980;1049;1141;1241;1276
10438,988_2021-03-27,988,8,260.0,42;66;10;15;16;63;12;36,598;800;963;974;1006;1097;1230;1354
10439,988_2021-03-28,988,7,135.0,41;16;5;15;30;24;4,652;857;932;1042;1242;1306;1424
10440,988_2021-03-29,988,8,184.0,8;50;43;10;12;37;4;20,457;503;756;952;1044;1172;1243;1328
10441,988_2021-03-30,988,9,221.96,29.96;12;25;9;50;15;45;32;4,6;6;739;850;934;1109;1280;1352;1395
10442,988_2021-03-31,988,9,194.0,51;14;40;18;4;14;30;18;5,535;671;872;900;1032;1086;1249;1318;1330
10443,988_2021-04-01,988,8,161.0,30;20;35;15;12;35;8;6,524;671;724;908;980;1184;1218;1308
10444,988_2021-04-02,988,8,112.0,19;8;22;5;20;4;22;12,602;677;805;880;1170;1201;1250;1412
10445,988_2021-04-03,988,7,183.0,22;9;60;20;39;15;18,485;681;802;979;1120;1206;1222
10446,988_2021-04-04,988,6,153.0,22;6;46;5;42;32,520;637;912;1060;1175;1295
10447,988_2021-04-05,988,6,139.0,30;44;15;14;32;4,606;837;1019;1132;1306;1391
10448,988_2021-04-06,988,6,176.0,40;52;14;3;47;20,533;767;1078;1145;1182;1281
10449,988_2021-04-07,988,6,152.0,20;48;10;15;53;6,589;738;849;968;1105;1337
10450,988_2021-04-09,988,9,235.0,50;32;10;42;18;20;45;10;8,505;640;757;773;841;901;1177;1345;1386
10451,988_2021-04-11,988,7,128.0,30;30;6;8;16;30;8,576;755;780;913;1001;1200;1316
10452,988_2021-04-14,988,9,198.0,44;10;8;5;46;15;14;46;10,531;634;649;695;727;826;988;1155;1271
10453,988_2021-04-15,988,9,209.0,35;31;2;45;5;5;24;22;40,460;505;630;750;844;898;1082;1150;1166
10454,988_2021-04-16,988,9,189.0,30;44;7;40;4;17;25;12;10,58;648;811;867;895;964;1172;1262;1358
